	From Verse	To Verse	Votes
91	Gen.1.4	Gen.1.12	7
92	Gen.1.4	Gen.1.31	8
94	Gen.1.4	Gen.1.25	3
95	Gen.1.4	Gen.1.18	20
96	Gen.1.4	Gen.1.10	4
98	Gen.1.5	Gen.1.19	6
100	Gen.1.5	Gen.1.13	6
102	Gen.1.5	Gen.1.8	10
103	Gen.1.5	Gen.1.31	7
109	Gen.1.5	Gen.1.23	7
114	Gen.1.6	Gen.1.20	5
125	Gen.1.6	Gen.1.14	2
135	Gen.1.7	Gen.1.9	3
172	Gen.1.11	Gen.1.29	11
260	Gen.1.20	Gen.1.30	4
265	Gen.1.20	Gen.1.22	3
267	Gen.1.20	Gen.1.7	3
268	Gen.1.20	Gen.1.14	2
276	Gen.1.21	Gen.1.25	6
278	Gen.1.21	Gen.1.18	1
286	Gen.1.21	Gen.1.31	1
289	Gen.1.22	Gen.1.28	5
378	Gen.1.28	Gen.1.22	19
413	Gen.1.31	Gen.1.19	3
414	Gen.1.31	Gen.1.13	2
416	Gen.1.31	Gen.1.8	5
417	Gen.1.31	Gen.1.5	5
425	Gen.1.31	Gen.1.23	6
453	Gen.2.1	Gen.2.4	3
565	Gen.2.9	Gen.2.17	9
600	Gen.2.15	Gen.2.2	10
601	Gen.2.15	Gen.2.8	22
606	Gen.2.16	Gen.2.9	8
636	Gen.2.17	Gen.2.9	6
661	Gen.2.19	Gen.2.22-Gen.2.23	5
666	Gen.2.20	Gen.2.18	2
674	Gen.2.22	Gen.2.19	5
721	Gen.3.1	Gen.3.13-Gen.3.15	12
753	Gen.3.4	Gen.3.13	4
764	Gen.3.5	Gen.3.22	5
766	Gen.3.5	Gen.3.7	4
769	Gen.3.5	Gen.3.10	4
791	Gen.3.6	Gen.3.17	7
798	Gen.3.6	Gen.3.12	7
801	Gen.3.7	Gen.3.10-Gen.3.11	2
804	Gen.3.7	Gen.3.5	7
823	Gen.3.8	Gen.3.10	9
842	Gen.3.10	Gen.3.7	3
860	Gen.3.13	Gen.3.4-Gen.3.6	6
868	Gen.3.14	Gen.3.1	2
951	Gen.3.17	Gen.3.11	1
969	Gen.3.17	Gen.3.6	1
1032	Gen.3.21	Gen.3.7	7
1037	Gen.3.22	Gen.3.5	6
1052	Gen.3.23	Gen.3.19	4
1071	Gen.4.1	Gen.4.25	1
1078	Gen.4.2	Gen.4.25-Gen.4.26	1
1210	Gen.4.11	Gen.4.14	3
1221	Gen.4.12	Gen.4.14	2
1249	Gen.4.14	Gen.4.15-Gen.4.16	3
1254	Gen.4.15	Gen.4.24	5
1283	Gen.4.16	Gen.4.14	3
1299	Gen.4.20	Gen.4.21	2
1301	Gen.4.20	Gen.4.2	2
1323	Gen.4.24	Gen.4.15	6
1325	Gen.4.25	Gen.4.1-Gen.4.3	3
1326	Gen.4.25	Gen.4.8	5
1329	Gen.4.25	Gen.4.10-Gen.4.11	3
1380	Gen.5.4	Gen.5.13	3
1383	Gen.5.4	Gen.5.22	3
1384	Gen.5.4	Gen.5.19	3
1385	Gen.5.4	Gen.5.7	3
1386	Gen.5.4	Gen.5.10	3
1392	Gen.5.4	Gen.5.30	3
1394	Gen.5.4	Gen.5.26	3
1399	Gen.5.5	Gen.5.11	6
1404	Gen.5.5	Gen.5.8	6
1426	Gen.5.22	Gen.5.24	2
1465	Gen.5.24	Gen.5.22	9
1673	Gen.6.12	Gen.6.4-Gen.6.5	3
1678	Gen.6.12	Gen.6.8	3
1686	Gen.6.13	Gen.6.11-Gen.6.12	6
1694	Gen.6.13	Gen.6.4	4
1716	Gen.6.17	Gen.6.13	3
1736	Gen.6.17	Gen.6.7	3
1798	Gen.7.1	Gen.7.7	6
1809	Gen.7.1	Gen.7.13	9
1817	Gen.7.2	Gen.7.8	4
1829	Gen.7.4	Gen.7.12	6
1833	Gen.7.4	Gen.7.10	2
1836	Gen.7.4	Gen.7.17	6
1839	Gen.7.4	Gen.7.21-Gen.7.23	2
1862	Gen.7.7	Gen.7.13-Gen.7.15	2
1863	Gen.7.7	Gen.7.1	3
1866	Gen.7.9	Gen.7.16	3
1877	Gen.7.10	Gen.7.17-Gen.7.20	2
1879	Gen.7.10	Gen.7.4	3
1901	Gen.7.12	Gen.7.4	4
1902	Gen.7.12	Gen.7.17	3
1909	Gen.7.13	Gen.7.7-Gen.7.9	2
1910	Gen.7.13	Gen.7.1	3
1920	Gen.7.14	Gen.7.2-Gen.7.3	2
1921	Gen.7.14	Gen.7.8-Gen.7.9	2
1924	Gen.7.16	Gen.7.2-Gen.7.3	5
1934	Gen.7.17	Gen.7.4	5
1935	Gen.7.17	Gen.7.12	3
1958	Gen.7.21	Gen.7.4	4
1968	Gen.7.23	Gen.7.21-Gen.7.22	2
2035	Gen.8.8	Gen.8.10-Gen.8.12	2
2042	Gen.8.10	Gen.8.12	3
2058	Gen.8.12	Gen.8.10	3
2163	Gen.9.1	Gen.9.7	9
2169	Gen.9.1	Gen.9.19	1
2238	Gen.9.7	Gen.9.1	4
2239	Gen.9.7	Gen.9.19	3
2244	Gen.9.9	Gen.9.17	3
2249	Gen.9.9	Gen.9.11	3
2256	Gen.9.10	Gen.9.15-Gen.9.16	2
2265	Gen.9.12	Gen.9.17	1
2284	Gen.9.16	Gen.9.9-Gen.9.11	4
2296	Gen.9.18	Gen.9.25-Gen.9.27	3
2297	Gen.9.18	Gen.9.23	2
2334	Gen.9.22	Gen.9.25	1
2352	Gen.9.25	Gen.9.22	3
2404	Gen.10.2	Gen.10.21	1
2419	Gen.10.5	Gen.10.25	2
2420	Gen.10.5	Gen.10.20	3
2536	Gen.10.20	Gen.10.6	2
2558	Gen.10.25	Gen.10.32	7
2563	Gen.10.25	Gen.10.21	3
2582	Gen.10.31	Gen.10.5	4
2583	Gen.10.31	Gen.10.20	4
2585	Gen.10.32	Gen.10.25	2
2587	Gen.10.32	Gen.10.20	2
2588	Gen.10.32	Gen.10.31	1
2593	Gen.10.32	Gen.10.1	4
2603	Gen.11.2	Gen.11.9	1
2605	Gen.11.3	Gen.11.7	3
2606	Gen.11.3	Gen.11.4	3
2623	Gen.11.4	Gen.11.8-Gen.11.9	5
2655	Gen.11.6	Gen.11.1	8
2668	Gen.11.7	Gen.11.5	2
2677	Gen.11.8	Gen.11.9	2
2682	Gen.11.8	Gen.11.4	2
2694	Gen.11.10	Gen.11.27	2
2719	Gen.11.27	Gen.11.31	4
2726	Gen.11.28	Gen.11.31	2
2754	Gen.11.31	Gen.11.26-Gen.11.28	3
2854	Gen.12.7	Gen.12.8	4
2912	Gen.12.11	Gen.12.14	3
3021	Gen.13.4	Gen.13.18	2
3110	Gen.13.11	Gen.13.9	5
3111	Gen.13.11	Gen.13.14	2
3142	Gen.13.14	Gen.13.10	4
3203	Gen.13.17	Gen.13.15	5
3214	Gen.13.18	Gen.13.4	3
3300	Gen.14.8	Gen.14.2-Gen.14.3	2
3301	Gen.14.8	Gen.14.10	2
3312	Gen.14.11	Gen.14.16	3
3314	Gen.14.11	Gen.14.21	3
3333	Gen.14.13	Gen.14.24	4
3368	Gen.14.16	Gen.14.11-Gen.14.12	2
3408	Gen.14.19	Gen.14.22	10
3445	Gen.14.22	Gen.14.19-Gen.14.20	2
3465	Gen.14.24	Gen.14.13	3
3478	Gen.15.1	Gen.15.14-Gen.15.16	22
3607	Gen.15.10	Gen.15.17	3
3769	Gen.16.3	Gen.16.5	4
3817	Gen.16.8	Gen.16.1	1
3821	Gen.16.8	Gen.16.4	1
3880	Gen.16.13	Gen.16.9-Gen.16.10	4
3881	Gen.16.13	Gen.16.7	12
3901	Gen.16.15	Gen.16.11	2
3943	Gen.17.2	Gen.17.4-Gen.17.6	23
3956	Gen.17.3	Gen.17.17	4
3983	Gen.17.5	Gen.17.15	5
3988	Gen.17.6	Gen.17.20	3
3993	Gen.17.6	Gen.17.16	6
3994	Gen.17.6	Gen.17.4	26
4063	Gen.17.10	Gen.17.11	4
4081	Gen.17.12	Gen.17.23	3
4118	Gen.17.15	Gen.17.5	3
4130	Gen.17.16	Gen.17.6	3
4151	Gen.17.17	Gen.17.3	6
4166	Gen.17.19	Gen.17.21	4
4189	Gen.17.22	Gen.17.3	2
4202	Gen.17.23	Gen.17.26-Gen.17.27	2
4206	Gen.17.23	Gen.17.10-Gen.17.14	2
4212	Gen.17.24	Gen.17.17	2
4215	Gen.17.24	Gen.17.1	2
4234	Gen.18.2	Gen.18.16	4
4235	Gen.18.2	Gen.18.22	7
4305	Gen.18.10	Gen.18.13-Gen.18.14	3
4324	Gen.18.12	Gen.18.13	3
4359	Gen.18.14	Gen.18.10	18
4451	Gen.18.22	Gen.18.1-Gen.18.2	3
4457	Gen.18.22	Gen.18.16	2
4470	Gen.18.23	Gen.18.25	4
4471	Gen.18.24	Gen.18.32	3
4510	Gen.18.27	Gen.18.30-Gen.18.32	3
4520	Gen.18.28	Gen.18.29	2
4521	Gen.18.28	Gen.18.26	2
4535	Gen.18.31	Gen.18.27	2
4549	Gen.18.32	Gen.18.30	2
4560	Gen.18.33	Gen.18.22	3
4561	Gen.18.33	Gen.18.16	1
4625	Gen.19.7	Gen.19.4	2
4666	Gen.19.12	Gen.19.14	3
4667	Gen.19.12	Gen.19.17	4
4669	Gen.19.12	Gen.19.22	3
4700	Gen.19.14	Gen.19.22	2
4706	Gen.19.14	Gen.19.17	2
4709	Gen.19.15	Gen.19.17	2
4712	Gen.19.15	Gen.19.22	3
4748	Gen.19.17	Gen.19.14-Gen.19.15	11
4749	Gen.19.17	Gen.19.26	18
4757	Gen.19.17	Gen.19.22	16
4785	Gen.19.20	Gen.19.30	2
4834	Gen.19.26	Gen.19.17	11
4868	Gen.19.30	Gen.19.17	3
4870	Gen.19.30	Gen.19.19	3
4881	Gen.19.31	Gen.19.28	2
4908	Gen.19.36	Gen.19.8	3
4964	Gen.20.2	Gen.20.12	2
4976	Gen.20.3	Gen.20.7	6
4983	Gen.20.4	Gen.20.17-Gen.20.18	2
4987	Gen.20.4	Gen.20.6	2
5007	Gen.20.6	Gen.20.18	3
5059	Gen.20.7	Gen.20.18	2
5103	Gen.20.14	Gen.20.11	2
5106	Gen.20.14	Gen.20.2	2
5107	Gen.20.14	Gen.20.7	2
5114	Gen.20.16	Gen.20.5	4
5134	Gen.20.17	Gen.20.7	4
5139	Gen.20.18	Gen.20.7	1
5172	Gen.21.3	Gen.21.12	3
5178	Gen.21.3	Gen.21.6	4
5274	Gen.21.13	Gen.21.18	6
5283	Gen.21.14	Gen.21.33	2
5289	Gen.21.14	Gen.21.31	3
5299	Gen.21.15	Gen.21.14	1
5341	Gen.21.18	Gen.21.13	7
5438	Gen.21.31	Gen.21.14	3
5449	Gen.21.32	Gen.21.27	2
5488	Gen.22.1	Gen.22.11	9
5489	Gen.22.1	Gen.22.7	9
5498	Gen.22.2	Gen.22.16	5
5501	Gen.22.2	Gen.22.12	5
5562	Gen.22.9	Gen.22.2-Gen.22.4	1
5582	Gen.22.11	Gen.22.16	3
5586	Gen.22.11	Gen.22.1	2
5590	Gen.22.11	Gen.22.12	2
5606	Gen.22.12	Gen.22.2	9
5636	Gen.22.13	Gen.22.8	3
5639	Gen.22.14	Gen.22.8	20
5643	Gen.22.14	Gen.22.13	35
5701	Gen.22.18	Gen.22.3	3
5706	Gen.22.18	Gen.22.10	2
5760	Gen.23.2	Gen.23.19	6
5764	Gen.23.3	Gen.23.5	2
5766	Gen.23.3	Gen.23.7	2
5819	Gen.23.10	Gen.23.18	3
5834	Gen.23.11	Gen.23.18	2
5839	Gen.23.11	Gen.23.6	2
5843	Gen.23.12	Gen.23.7	2
5856	Gen.23.16	Gen.23.15	2
5872	Gen.23.17	Gen.23.20	4
5911	Gen.24.1	Gen.24.35	3
5919	Gen.24.2	Gen.24.9-Gen.24.10	3
5966	Gen.24.5	Gen.24.58	2
6011	Gen.24.8	Gen.24.4-Gen.24.6	2
6014	Gen.24.9	Gen.24.2	1
6015	Gen.24.10	Gen.24.2	2
6035	Gen.24.12	Gen.24.48	3
6056	Gen.24.12	Gen.24.27	7
6059	Gen.24.12	Gen.24.42	3
6063	Gen.24.13	Gen.24.11	2
6066	Gen.24.13	Gen.24.43	5
6080	Gen.24.14	Gen.24.44	1
6093	Gen.24.15	Gen.24.45	5
6103	Gen.24.15	Gen.24.24	1
6119	Gen.24.18	Gen.24.14	3
6122	Gen.24.19	Gen.24.14	5
6123	Gen.24.19	Gen.24.45-Gen.24.46	3
6129	Gen.24.21	Gen.24.12	4
6135	Gen.24.21	Gen.24.56	1
6137	Gen.24.22	Gen.24.47	4
6143	Gen.24.22	Gen.24.30	4
6148	Gen.24.24	Gen.24.15	6
6163	Gen.24.26	Gen.24.52	6
6170	Gen.24.26	Gen.24.48	7
6172	Gen.24.27	Gen.24.4	2
6176	Gen.24.27	Gen.24.48	8
6186	Gen.24.27	Gen.24.21	2
6191	Gen.24.27	Gen.24.42	2
6199	Gen.24.27	Gen.24.12	5
6201	Gen.24.28	Gen.24.67	2
6202	Gen.24.28	Gen.24.55	2
6203	Gen.24.28	Gen.24.48	2
6205	Gen.24.29	Gen.24.60	1
6207	Gen.24.29	Gen.24.55	2
6244	Gen.24.35	Gen.24.1	15
6259	Gen.24.38	Gen.24.4	3
6260	Gen.24.39	Gen.24.5	3
6262	Gen.24.40	Gen.24.7	4
6279	Gen.24.41	Gen.24.8	5
6286	Gen.24.42	Gen.24.12-Gen.24.14	3
6290	Gen.24.42	Gen.24.31	2
6291	Gen.24.43	Gen.24.13-Gen.24.14	5
6295	Gen.24.44	Gen.24.14	4
6314	Gen.24.46	Gen.24.18-Gen.24.19	3
6318	Gen.24.47	Gen.24.22-Gen.24.24	3
6319	Gen.24.47	Gen.24.53	3
6327	Gen.24.48	Gen.24.52	3
6330	Gen.24.48	Gen.24.26-Gen.24.27	5
6339	Gen.24.50	Gen.24.53	2
6340	Gen.24.50	Gen.24.15	2
6342	Gen.24.50	Gen.24.55	2
6345	Gen.24.50	Gen.24.60	1
6349	Gen.24.50	Gen.24.28	2
6351	Gen.24.51	Gen.24.15	2
6355	Gen.24.52	Gen.24.48	5
6357	Gen.24.52	Gen.24.26	5
6368	Gen.24.53	Gen.24.10	3
6372	Gen.24.53	Gen.24.22	3
6379	Gen.24.54	Gen.24.56	6
6380	Gen.24.54	Gen.24.59	5
6392	Gen.24.59	Gen.24.60	2
6395	Gen.24.59	Gen.24.50	2
6397	Gen.24.59	Gen.24.53	2
6499	Gen.25.6	Gen.25.1	2
6510	Gen.25.8	Gen.25.17	11
6512	Gen.25.8	Gen.25.7	9
6560	Gen.25.17	Gen.25.7-Gen.25.8	3
6634	Gen.25.23	Gen.25.27	4
6724	Gen.26.3	Gen.26.14	7
6729	Gen.26.3	Gen.26.12	7
6785	Gen.26.12	Gen.26.3	15
6792	Gen.26.12	Gen.26.29	8
6842	Gen.26.24	Gen.26.2-Gen.26.4	4
6874	Gen.26.27	Gen.26.16	6
6877	Gen.26.27	Gen.26.14	3
6898	Gen.26.29	Gen.26.14-Gen.26.15	4
6900	Gen.26.29	Gen.26.11-Gen.26.12	4
6929	Gen.26.32	Gen.26.25	3
6931	Gen.26.33	Gen.26.28	4
6961	Gen.27.4	Gen.27.7	4
6965	Gen.27.4	Gen.27.31	3
6970	Gen.27.4	Gen.27.25	7
6972	Gen.27.4	Gen.27.23	3
6975	Gen.27.4	Gen.27.27	3
6982	Gen.27.8	Gen.27.13	4
6986	Gen.27.8	Gen.27.43	3
6992	Gen.27.12	Gen.27.21-Gen.27.22	3
6999	Gen.27.12	Gen.27.36	4
7002	Gen.27.13	Gen.27.8	3
7010	Gen.27.14	Gen.27.7	3
7011	Gen.27.14	Gen.27.4	3
7015	Gen.27.14	Gen.27.9	3
7017	Gen.27.14	Gen.27.17	3
7018	Gen.27.14	Gen.27.31	3
7020	Gen.27.15	Gen.27.27	10
7027	Gen.27.19	Gen.27.24-Gen.27.25	3
7029	Gen.27.19	Gen.27.21	3
7030	Gen.27.19	Gen.27.4	3
7038	Gen.27.21	Gen.27.12	3
7041	Gen.27.23	Gen.27.16	5
7055	Gen.27.25	Gen.27.4	3
7104	Gen.27.29	Gen.27.37	5
7126	Gen.27.31	Gen.27.4	2
7127	Gen.27.32	Gen.27.18	2
7144	Gen.27.35	Gen.27.19-Gen.27.23	1
7156	Gen.27.37	Gen.27.28-Gen.27.29	4
7162	Gen.27.38	Gen.27.36	2
7165	Gen.27.38	Gen.27.34	3
7168	Gen.27.39	Gen.27.28	9
7225	Gen.27.43	Gen.27.13	3
7229	Gen.27.43	Gen.27.8	4
7236	Gen.27.45	Gen.27.35	2
7254	Gen.28.1	Gen.28.3-Gen.28.4	6
7272	Gen.28.2	Gen.28.5	3
7310	Gen.28.6	Gen.28.1	3
7321	Gen.28.8	Gen.28.1	3
7335	Gen.28.11	Gen.28.18	5
7366	Gen.28.13	Gen.28.4	4
7426	Gen.28.15	Gen.28.20-Gen.28.21	18
7455	Gen.28.17	Gen.28.22	7
7484	Gen.28.20	Gen.28.15	2
7511	Gen.28.22	Gen.28.17	3
7562	Gen.29.8	Gen.29.3	3
7576	Gen.29.11	Gen.29.13	4
7591	Gen.29.14	Gen.29.12	3
7598	Gen.29.14	Gen.29.15	3
7604	Gen.29.16	Gen.29.17	3
7618	Gen.29.17	Gen.29.18	3
7626	Gen.29.18	Gen.29.20	3
7631	Gen.29.18	Gen.29.30	3
7646	Gen.29.21	Gen.29.20	2
7648	Gen.29.21	Gen.29.18	2
7681	Gen.29.29	Gen.29.24	3
7685	Gen.29.30	Gen.29.20	4
7694	Gen.29.30	Gen.29.31	3
7699	Gen.29.30	Gen.29.18	4
7703	Gen.29.31	Gen.29.30	5
7811	Gen.30.3	Gen.30.9	3
7840	Gen.30.9	Gen.30.4	5
7843	Gen.30.9	Gen.30.17	3
7864	Gen.30.17	Gen.30.6	3
7866	Gen.30.17	Gen.30.22	3
7875	Gen.30.20	Gen.30.15	2
7892	Gen.30.22	Gen.30.2	9
7934	Gen.30.26	Gen.30.29-Gen.30.30	2
7943	Gen.30.27	Gen.30.30	7
7961	Gen.30.29	Gen.30.5	3
7976	Gen.30.32	Gen.30.35	2
8008	Gen.30.43	Gen.30.30	6
8017	Gen.31.1	Gen.31.8-Gen.31.9	3
8048	Gen.31.3	Gen.31.18	3
8051	Gen.31.3	Gen.31.13	5
8058	Gen.31.5	Gen.31.42	5
8059	Gen.31.5	Gen.31.2-Gen.31.3	6
8062	Gen.31.5	Gen.31.13	3
8064	Gen.31.5	Gen.31.53	5
8067	Gen.31.6	Gen.31.38-Gen.31.42	3
8079	Gen.31.7	Gen.31.41	4
8082	Gen.31.7	Gen.31.29	4
8087	Gen.31.9	Gen.31.1	6
8090	Gen.31.9	Gen.31.16	5
8097	Gen.31.10	Gen.31.24	3
8100	Gen.31.11	Gen.31.13	4
8107	Gen.31.11	Gen.31.5	3
8122	Gen.31.12	Gen.31.42	4
8124	Gen.31.13	Gen.31.3	8
8135	Gen.31.15	Gen.31.41	3
8137	Gen.31.16	Gen.31.9	3
8150	Gen.31.19	Gen.31.32	4
8152	Gen.31.19	Gen.31.30	7
8156	Gen.31.19	Gen.31.34	4
8169	Gen.31.21	Gen.31.23	3
8180	Gen.31.24	Gen.31.42	6
8185	Gen.31.24	Gen.31.29	9
8198	Gen.31.24	Gen.31.10	4
8206	Gen.31.26	Gen.31.36	3
8216	Gen.31.26	Gen.31.16	3
8220	Gen.31.27	Gen.31.31	3
8224	Gen.31.27	Gen.31.20-Gen.31.21	3
8227	Gen.31.27	Gen.31.3-Gen.31.5	3
8229	Gen.31.28	Gen.31.13	3
8230	Gen.31.28	Gen.31.55	6
8236	Gen.31.28	Gen.31.3	3
8240	Gen.31.28	Gen.31.24	3
8244	Gen.31.29	Gen.31.24	4
8247	Gen.31.29	Gen.31.42	6
8253	Gen.31.29	Gen.31.53	6
8260	Gen.31.30	Gen.31.19	4
8268	Gen.31.31	Gen.31.26-Gen.31.27	3
8270	Gen.31.32	Gen.31.19	5
8275	Gen.31.32	Gen.31.30	5
8280	Gen.31.32	Gen.31.23	5
8283	Gen.31.34	Gen.31.19	4
8284	Gen.31.34	Gen.31.17	3
8311	Gen.31.37	Gen.31.32	3
8334	Gen.31.41	Gen.31.38	3
8336	Gen.31.41	Gen.31.7	5
8341	Gen.31.42	Gen.31.24	5
8345	Gen.31.42	Gen.31.12	3
8346	Gen.31.42	Gen.31.29	7
8351	Gen.31.42	Gen.31.53	7
8353	Gen.31.42	Gen.31.5	3
8356	Gen.31.44	Gen.31.52	4
8360	Gen.31.44	Gen.31.48	4
8367	Gen.31.46	Gen.31.32	3
8368	Gen.31.46	Gen.31.54	3
8370	Gen.31.46	Gen.31.37	3
8372	Gen.31.46	Gen.31.23	3
8380	Gen.31.48	Gen.31.23	3
8398	Gen.31.52	Gen.31.44-Gen.31.45	3
8399	Gen.31.52	Gen.31.48	4
8412	Gen.31.53	Gen.31.42	7
8429	Gen.31.55	Gen.31.43	3
8433	Gen.31.55	Gen.31.28	6
8472	Gen.32.4	Gen.32.18	3
8474	Gen.32.4	Gen.32.5	3
8497	Gen.32.6	Gen.32.8	3
8498	Gen.32.6	Gen.32.11	3
8504	Gen.32.7	Gen.32.11	3
8537	Gen.32.10	Gen.32.7	1
8556	Gen.32.10	Gen.32.5	1
8589	Gen.32.12	Gen.32.6	2
8596	Gen.32.13	Gen.32.20-Gen.32.21	2
8610	Gen.32.16	Gen.32.20	2
8617	Gen.32.18	Gen.32.4-Gen.32.5	2
8641	Gen.32.24	Gen.32.28	11
8645	Gen.32.24	Gen.32.30	8
8660	Gen.32.25	Gen.32.32	2
8700	Gen.32.28	Gen.32.24	4
8706	Gen.32.29	Gen.32.26-Gen.32.27	6
8740	Gen.32.31	Gen.32.25	2
8825	Gen.33.11	Gen.33.9	3
8954	Gen.34.8	Gen.34.3	1
8965	Gen.34.10	Gen.34.21-Gen.34.23	2
9060	Gen.34.27	Gen.34.31	2
9064	Gen.34.27	Gen.34.2	2
9099	Gen.34.31	Gen.34.13	2
9117	Gen.35.1	Gen.35.7	4
9159	Gen.35.2	Gen.35.22	2
9227	Gen.35.7	Gen.35.1	3
9228	Gen.35.7	Gen.35.3	3
9241	Gen.35.9	Gen.35.1	5
9292	Gen.35.14	Gen.35.20	2
9299	Gen.35.16	Gen.35.19	2
9334	Gen.35.20	Gen.35.9	2
9335	Gen.35.20	Gen.35.14	3
9359	Gen.35.22	Gen.35.18	2
9373	Gen.35.24	Gen.35.16-Gen.35.18	3
9381	Gen.35.26	Gen.35.18	3
9427	Gen.36.2	Gen.36.25	3
9452	Gen.36.8	Gen.36.19-Gen.36.20	2
9454	Gen.36.8	Gen.36.1	2
9461	Gen.36.10	Gen.36.3-Gen.36.4	2
9463	Gen.36.11	Gen.36.15-Gen.36.16	3
9471	Gen.36.12	Gen.36.22	3
9473	Gen.36.13	Gen.36.17	2
9475	Gen.36.14	Gen.36.18	2
9477	Gen.36.14	Gen.36.5	2
9478	Gen.36.14	Gen.36.2	3
9487	Gen.36.15	Gen.36.4	2
9488	Gen.36.15	Gen.36.18	2
9494	Gen.36.15	Gen.36.11-Gen.36.12	3
9497	Gen.36.17	Gen.36.4	2
9498	Gen.36.17	Gen.36.13	3
9500	Gen.36.18	Gen.36.14	3
9501	Gen.36.18	Gen.36.5	2
9508	Gen.36.20	Gen.36.2	2
9519	Gen.36.25	Gen.36.18	2
9520	Gen.36.25	Gen.36.2	3
9522	Gen.36.25	Gen.36.14	2
9523	Gen.36.25	Gen.36.5	2
9527	Gen.36.27	Gen.36.21	2
9533	Gen.36.29	Gen.36.20	5
9534	Gen.36.29	Gen.36.28	2
9554	Gen.36.34	Gen.36.11	2
9557	Gen.36.34	Gen.36.15	2
9563	Gen.36.40	Gen.36.31	2
9566	Gen.36.40	Gen.36.15-Gen.36.16	2
9568	Gen.36.43	Gen.36.7-Gen.36.8	2
9569	Gen.36.43	Gen.36.15	2
9576	Gen.36.43	Gen.36.30-Gen.36.31	2
9577	Gen.36.43	Gen.36.18-Gen.36.19	2
9600	Gen.37.3	Gen.37.32	3
9603	Gen.37.3	Gen.37.23	2
9605	Gen.37.4	Gen.37.11	2
9612	Gen.37.4	Gen.37.5	3
9630	Gen.37.5	Gen.37.8	2
9636	Gen.37.5	Gen.37.4	4
9648	Gen.37.8	Gen.37.4	2
9660	Gen.37.9	Gen.37.10	2
9661	Gen.37.9	Gen.37.7	3
9675	Gen.37.10	Gen.37.7	2
9696	Gen.37.12	Gen.37.1	2
9747	Gen.37.19	Gen.37.5	2
9748	Gen.37.19	Gen.37.11	2
9780	Gen.37.23	Gen.37.31-Gen.37.33	3
9783	Gen.37.23	Gen.37.3	3
9793	Gen.37.25	Gen.37.36	3
9798	Gen.37.25	Gen.37.28	6
9817	Gen.37.26	Gen.37.20	5
9826	Gen.37.27	Gen.37.22	2
9833	Gen.37.28	Gen.37.25	4
9847	Gen.37.28	Gen.37.36	4
9858	Gen.37.29	Gen.37.34	4
9865	Gen.37.30	Gen.37.20	2
9867	Gen.37.31	Gen.37.3	3
9868	Gen.37.31	Gen.37.23	5
9870	Gen.37.32	Gen.37.3	1
9876	Gen.37.33	Gen.37.20	5
9893	Gen.37.34	Gen.37.29	4
9918	Gen.37.36	Gen.37.28	4
9947	Gen.38.5	Gen.38.26	2
9948	Gen.38.5	Gen.38.11	2
9992	Gen.38.12	Gen.38.1	2
10001	Gen.38.14	Gen.38.11-Gen.38.13	2
10004	Gen.38.14	Gen.38.26	4
10011	Gen.38.17	Gen.38.24-Gen.38.25	2
10013	Gen.38.17	Gen.38.20	3
10018	Gen.38.18	Gen.38.25-Gen.38.26	4
10022	Gen.38.19	Gen.38.14	4
10067	Gen.38.25	Gen.38.18	4
10074	Gen.38.26	Gen.38.14	2
10113	Gen.39.2	Gen.39.21-Gen.39.22	14
10147	Gen.39.3	Gen.39.23	2
10158	Gen.39.4	Gen.39.8	4
10159	Gen.39.4	Gen.39.21-Gen.39.22	5
10175	Gen.39.6	Gen.39.8	3
10177	Gen.39.6	Gen.39.4	3
10180	Gen.39.6	Gen.39.23	3
10258	Gen.39.10	Gen.39.8	4
10270	Gen.39.12	Gen.39.8	4
10271	Gen.39.12	Gen.39.10	4
10290	Gen.39.14	Gen.39.17	2
10296	Gen.39.14	Gen.39.7	2
10316	Gen.39.17	Gen.39.14	2
10356	Gen.39.21	Gen.39.2	4
10359	Gen.39.22	Gen.39.9	2
10360	Gen.39.22	Gen.39.6-Gen.39.7	2
10363	Gen.39.22	Gen.39.4	4
10370	Gen.39.23	Gen.39.2-Gen.39.3	11
10373	Gen.40.1	Gen.40.13	4
10397	Gen.40.5	Gen.40.8	2
10404	Gen.40.6	Gen.40.8	2
10434	Gen.40.11	Gen.40.21	3
10443	Gen.40.12	Gen.40.18	4
10451	Gen.40.13	Gen.40.19-Gen.40.22	2
10476	Gen.40.16	Gen.40.1-Gen.40.2	1
10481	Gen.40.18	Gen.40.12	5
10491	Gen.40.19	Gen.40.17	2
10496	Gen.40.19	Gen.40.13	3
10497	Gen.40.19	Gen.40.22	3
10500	Gen.40.20	Gen.40.19	5
10504	Gen.40.20	Gen.40.13	5
10510	Gen.40.21	Gen.40.13	6
10514	Gen.40.22	Gen.40.19	5
10518	Gen.40.22	Gen.40.8	2
10544	Gen.41.3	Gen.41.4	2
10545	Gen.41.3	Gen.41.20-Gen.41.21	2
10616	Gen.41.15	Gen.41.9-Gen.41.13	2
10642	Gen.41.23	Gen.41.6	2
10644	Gen.41.24	Gen.41.8	4
10656	Gen.41.25	Gen.41.16	2
10661	Gen.41.26	Gen.41.5	3
10664	Gen.41.26	Gen.41.53	3
10665	Gen.41.26	Gen.41.47	4
10666	Gen.41.26	Gen.41.29	3
10669	Gen.41.26	Gen.41.2	4
10675	Gen.41.28	Gen.41.25	5
10676	Gen.41.28	Gen.41.16	2
10677	Gen.41.29	Gen.41.46-Gen.41.47	3
10678	Gen.41.29	Gen.41.26	2
10679	Gen.41.29	Gen.41.49	2
10680	Gen.41.30	Gen.41.51	1
10686	Gen.41.30	Gen.41.27	1
10687	Gen.41.30	Gen.41.54	5
10690	Gen.41.30	Gen.41.56	1
10691	Gen.41.30	Gen.41.21	1
10713	Gen.41.33	Gen.41.39	6
10725	Gen.41.35	Gen.41.56	2
10727	Gen.41.35	Gen.41.48-Gen.41.49	3
10745	Gen.41.39	Gen.41.33	5
10746	Gen.41.39	Gen.41.25	4
10747	Gen.41.39	Gen.41.28	5
10748	Gen.41.39	Gen.41.16	3
10764	Gen.41.41	Gen.41.44	2
10825	Gen.41.48	Gen.41.34-Gen.41.36	2
10835	Gen.41.50	Gen.41.45	2
10845	Gen.41.51	Gen.41.30	3
10861	Gen.41.53	Gen.41.29-Gen.41.31	2
10862	Gen.41.54	Gen.41.30	4
10863	Gen.41.54	Gen.41.27	2
10869	Gen.41.54	Gen.41.3-Gen.41.4	2
10870	Gen.41.54	Gen.41.6-Gen.41.7	2
10877	Gen.41.55	Gen.41.40-Gen.41.41	2
10890	Gen.41.57	Gen.41.56	3
10893	Gen.41.57	Gen.41.54	3
10908	Gen.42.1	Gen.42.2	2
10916	Gen.42.3	Gen.42.5	2
10917	Gen.42.3	Gen.42.13	2
10925	Gen.42.4	Gen.42.38	5
10943	Gen.42.7	Gen.42.14-Gen.42.17	2
10944	Gen.42.7	Gen.42.19-Gen.42.20	2
10946	Gen.42.7	Gen.42.30	4
10947	Gen.42.7	Gen.42.9-Gen.42.12	2
10955	Gen.42.9	Gen.42.16	1
10959	Gen.42.9	Gen.42.30-Gen.42.31	1
10964	Gen.42.9	Gen.42.34	1
10971	Gen.42.11	Gen.42.19	3
10972	Gen.42.11	Gen.42.33-Gen.42.34	2
10977	Gen.42.13	Gen.42.11	2
10978	Gen.42.13	Gen.42.38	2
10988	Gen.42.13	Gen.42.36	2
10992	Gen.42.13	Gen.42.32	4
10998	Gen.42.14	Gen.42.9-Gen.42.11	2
11005	Gen.42.15	Gen.42.16	2
11006	Gen.42.15	Gen.42.7	2
11009	Gen.42.15	Gen.42.20	2
11011	Gen.42.15	Gen.42.34	2
11013	Gen.42.15	Gen.42.12	2
11018	Gen.42.15	Gen.42.30	2
11019	Gen.42.16	Gen.42.11	3
11036	Gen.42.19	Gen.42.1-Gen.42.2	2
11037	Gen.42.19	Gen.42.26	2
11045	Gen.42.20	Gen.42.34	5
11048	Gen.42.20	Gen.42.26	2
11051	Gen.42.20	Gen.42.15	3
11122	Gen.42.28	Gen.42.36	2
11131	Gen.42.30	Gen.42.7	3
11132	Gen.42.31	Gen.42.11	2
11133	Gen.42.33	Gen.42.15	3
11134	Gen.42.33	Gen.42.19-Gen.42.20	5
11140	Gen.42.35	Gen.42.27-Gen.42.28	2
11165	Gen.42.38	Gen.42.13	4
11175	Gen.42.38	Gen.42.4	5
11188	Gen.43.2	Gen.43.20	2
11192	Gen.43.2	Gen.43.4	2
11200	Gen.43.3	Gen.43.5	3
11210	Gen.43.7	Gen.43.27	2
11211	Gen.43.7	Gen.43.3	4
11244	Gen.43.11	Gen.43.14	2
11307	Gen.43.16	Gen.43.19	4
11332	Gen.43.20	Gen.43.7	2
11334	Gen.43.20	Gen.43.3	2
11338	Gen.43.21	Gen.43.15	2
11345	Gen.43.21	Gen.43.12	3
11350	Gen.43.23	Gen.43.14	3
11367	Gen.43.25	Gen.43.16	2
11368	Gen.43.25	Gen.43.11	4
11370	Gen.43.26	Gen.43.28	2
11378	Gen.43.27	Gen.43.7	2
11394	Gen.43.28	Gen.43.26	3
11435	Gen.43.32	Gen.43.16	2
11473	Gen.44.5	Gen.44.15	4
11489	Gen.44.8	Gen.44.7	2
11499	Gen.44.9	Gen.44.16	2
11506	Gen.44.10	Gen.44.33	2
11507	Gen.44.10	Gen.44.17	2
11509	Gen.44.12	Gen.44.2	2
11524	Gen.44.15	Gen.44.4-Gen.44.5	3
11542	Gen.44.16	Gen.44.32	2
11551	Gen.44.16	Gen.44.9	6
11582	Gen.44.20	Gen.44.27-Gen.44.30	2
11595	Gen.44.22	Gen.44.30	2
11614	Gen.44.29	Gen.44.31	3
11622	Gen.44.30	Gen.44.31	2
11623	Gen.44.30	Gen.44.34	2
11624	Gen.44.30	Gen.44.17	2
11631	Gen.44.31	Gen.44.29	5
11677	Gen.45.5	Gen.45.7-Gen.45.8	10
11706	Gen.45.8	Gen.45.5	2
11712	Gen.45.9	Gen.45.13	3
11713	Gen.45.9	Gen.45.19-Gen.45.20	4
11739	Gen.45.15	Gen.45.2	2
11774	Gen.45.19	Gen.45.27	3
11786	Gen.45.20	Gen.45.18	1
11799	Gen.45.21	Gen.45.27	2
11802	Gen.45.21	Gen.45.19	6
11832	Gen.45.26	Gen.45.8-Gen.45.9	2
11839	Gen.45.27	Gen.45.19	4
12136	Gen.46.32	Gen.46.34	2
12140	Gen.46.33	Gen.46.32	3
12144	Gen.46.34	Gen.46.32	2
12176	Gen.47.6	Gen.47.16	2
12178	Gen.47.6	Gen.47.4	3
12180	Gen.47.6	Gen.47.11	4
12205	Gen.47.7	Gen.47.10	5
12216	Gen.47.9	Gen.47.28	3
12242	Gen.47.10	Gen.47.7	6
12246	Gen.47.11	Gen.47.6	5
12254	Gen.47.12	Gen.47.24	2
12256	Gen.47.12	Gen.47.1	2
12261	Gen.47.12	Gen.47.21	2
12283	Gen.47.15	Gen.47.18-Gen.47.19	2
12285	Gen.47.15	Gen.47.24	2
12332	Gen.47.24	Gen.47.25	2
12347	Gen.47.26	Gen.47.22	5
12364	Gen.47.28	Gen.47.8-Gen.47.9	2
12371	Gen.47.29	Gen.47.9	2
12398	Gen.47.31	Gen.47.29	2
12519	Gen.48.14	Gen.48.18	2
12555	Gen.48.15	Gen.48.16	2
12568	Gen.48.16	Gen.48.5	5
12613	Gen.48.17	Gen.48.14	3
12627	Gen.48.19	Gen.48.14	3
13118	Gen.49.33	Gen.49.24-Gen.49.26	2
13124	Gen.49.33	Gen.49.1	2
13127	Gen.49.33	Gen.49.29	6
13141	Gen.50.2	Gen.50.26	5
13146	Gen.50.3	Gen.50.10	2
13164	Gen.50.5	Gen.50.24	2
13184	Gen.50.10	Gen.50.11	3
13185	Gen.50.10	Gen.50.4	3
13195	Gen.50.11	Gen.50.10	2
13242	Gen.50.17	Gen.50.20	2
13315	Gen.50.24	Gen.50.5	2
13320	Gen.50.25	Gen.50.5	3
13322	Gen.50.26	Gen.50.2-Gen.50.3	2
13326	Gen.50.26	Gen.50.22	2
13342	Exod.1.5	Exod.1.20	2
13417	Exod.1.12	Exod.1.9	7
13431	Exod.1.14	Exod.1.13	2
13444	Exod.1.16	Exod.1.22	4
13450	Exod.1.17	Exod.1.21	12
13475	Exod.1.20	Exod.1.12	4
13479	Exod.1.20	Exod.1.7	3
13500	Exod.1.22	Exod.1.16	3
13547	Exod.2.7	Exod.2.4	5
13610	Exod.2.17	Exod.2.12	3
13634	Exod.2.21	Exod.2.10	3
13715	Exod.3.1	Exod.3.5	3
13727	Exod.3.2	Exod.3.16	7
13780	Exod.3.6	Exod.3.14-Exod.3.15	3
13843	Exod.3.8	Exod.3.17	18
13871	Exod.3.9	Exod.3.7	8
13924	Exod.3.13	Exod.3.14	3
13964	Exod.3.15	Exod.3.6	8
13990	Exod.3.16	Exod.3.2	3
13997	Exod.3.17	Exod.3.8-Exod.3.9	4
14005	Exod.3.18	Exod.3.16	2
14013	Exod.3.18	Exod.3.12	2
14075	Exod.4.1	Exod.4.31	3
14084	Exod.4.2	Exod.4.20	7
14086	Exod.4.2	Exod.4.17	7
14088	Exod.4.3	Exod.4.17	2
14097	Exod.4.5	Exod.4.31	3
14115	Exod.4.5	Exod.4.1	2
14126	Exod.4.8	Exod.4.30-Exod.4.31	3
14135	Exod.4.10	Exod.4.1	6
14174	Exod.4.13	Exod.4.1	4
14179	Exod.4.14	Exod.4.17	2
14186	Exod.4.14	Exod.4.27	3
14200	Exod.4.15	Exod.4.12	3
14213	Exod.4.17	Exod.4.2	4
14227	Exod.4.20	Exod.4.17	2
14229	Exod.4.20	Exod.4.2	3
14284	Exod.4.27	Exod.4.14-Exod.4.16	2
14291	Exod.4.28	Exod.4.15-Exod.4.16	4
14293	Exod.4.28	Exod.4.8-Exod.4.9	4
14298	Exod.4.30	Exod.4.16	2
14310	Exod.4.31	Exod.4.8-Exod.4.9	2
14354	Exod.5.6	Exod.5.13-Exod.5.15	2
14358	Exod.5.6	Exod.5.19	3
14361	Exod.5.6	Exod.5.10	3
14376	Exod.5.11	Exod.5.13-Exod.5.14	2
14385	Exod.5.17	Exod.5.8	2
14447	Exod.6.2	Exod.6.8	2
14452	Exod.6.2	Exod.6.6	2
14494	Exod.6.6	Exod.6.8	3
14503	Exod.6.6	Exod.6.2	3
14507	Exod.6.6	Exod.6.29	3
14513	Exod.6.7	Exod.6.6	3
14543	Exod.6.8	Exod.6.2	2
14545	Exod.6.8	Exod.6.6	2
14558	Exod.6.11	Exod.6.29	2
14564	Exod.6.12	Exod.6.9	3
14575	Exod.6.12	Exod.6.30	6
14588	Exod.6.14	Exod.6.25	2
14603	Exod.6.16	Exod.6.20	2
14613	Exod.6.16	Exod.6.18	2
14625	Exod.6.20	Exod.6.18	3
14626	Exod.6.20	Exod.6.16	3
14629	Exod.6.21	Exod.6.24	2
14659	Exod.6.24	Exod.6.21	2
14673	Exod.6.26	Exod.6.20	3
14675	Exod.6.26	Exod.6.13	5
14686	Exod.6.26	Exod.6.7	3
14691	Exod.6.27	Exod.6.26	2
14696	Exod.6.27	Exod.6.13	2
14700	Exod.6.29	Exod.6.8	3
14703	Exod.6.29	Exod.6.6	3
14707	Exod.6.29	Exod.6.2	4
14709	Exod.6.29	Exod.6.11	5
14713	Exod.6.30	Exod.6.12	5
14777	Exod.7.5	Exod.7.17	7
14789	Exod.7.6	Exod.7.2	5
14791	Exod.7.6	Exod.7.10	3
14807	Exod.7.9	Exod.7.10-Exod.7.12	2
14818	Exod.7.11	Exod.7.22	6
14856	Exod.7.13	Exod.7.3-Exod.7.4	2
14873	Exod.7.15	Exod.7.10	3
14895	Exod.7.17	Exod.7.5	5
14915	Exod.7.18	Exod.7.24	5
14916	Exod.7.18	Exod.7.21	3
14929	Exod.7.20	Exod.7.17-Exod.7.18	2
14936	Exod.7.21	Exod.7.18	3
14941	Exod.7.22	Exod.7.11	5
15000	Exod.8.8	Exod.8.25-Exod.8.28	5
15028	Exod.8.11	Exod.8.9	2
15029	Exod.8.11	Exod.8.3	2
15035	Exod.8.12	Exod.8.8	5
15036	Exod.8.12	Exod.8.30	5
15041	Exod.8.14	Exod.8.24	2
15057	Exod.8.16	Exod.8.5	4
15058	Exod.8.16	Exod.8.17	3
15086	Exod.8.20	Exod.8.1	2
15094	Exod.8.22	Exod.8.10	3
15104	Exod.8.24	Exod.8.21	2
15109	Exod.8.25	Exod.8.8	4
15133	Exod.8.28	Exod.8.29	2
15136	Exod.8.28	Exod.8.8	7
15138	Exod.8.29	Exod.8.8	3
15143	Exod.8.29	Exod.8.15	5
15146	Exod.8.30	Exod.8.12	4
15147	Exod.8.32	Exod.8.15	6
15154	Exod.8.32	Exod.8.8	2
15158	Exod.9.1	Exod.9.13	3
15189	Exod.9.5	Exod.9.18	2
15194	Exod.9.6	Exod.9.19-Exod.9.20	2
15195	Exod.9.6	Exod.9.25	3
15202	Exod.9.7	Exod.9.12	2
15223	Exod.9.13	Exod.9.1	2
15245	Exod.9.15	Exod.9.16	2
15248	Exod.9.15	Exod.9.3	2
15250	Exod.9.15	Exod.9.6	2
15282	Exod.9.18	Exod.9.22-Exod.9.25	2
15324	Exod.9.24	Exod.9.23	2
15330	Exod.9.26	Exod.9.6	5
15335	Exod.9.26	Exod.9.4	6
15357	Exod.9.29	Exod.9.33	2
15382	Exod.9.33	Exod.9.29	4
15457	Exod.10.6	Exod.10.14-Exod.10.15	2
15461	Exod.10.6	Exod.10.11	2
15480	Exod.10.8	Exod.10.24	3
15481	Exod.10.8	Exod.10.16	2
15503	Exod.10.11	Exod.10.28	4
15504	Exod.10.12	Exod.10.4-Exod.10.5	2
15515	Exod.10.14	Exod.10.5-Exod.10.6	2
15524	Exod.10.15	Exod.10.5	4
15602	Exod.10.24	Exod.10.8-Exod.10.10	3
15623	Exod.10.27	Exod.10.1	2
15624	Exod.10.27	Exod.10.20	5
15757	Exod.12.3	Exod.12.6	2
15783	Exod.12.6	Exod.12.18	5
15806	Exod.12.7	Exod.12.22-Exod.12.23	8
15829	Exod.12.9	Exod.12.8	4
15845	Exod.12.11	Exod.12.27	8
15846	Exod.12.11	Exod.12.43	4
15847	Exod.12.11	Exod.12.21	4
15850	Exod.12.11	Exod.12.13	3
15853	Exod.12.12	Exod.12.23	7
15868	Exod.12.12	Exod.12.29-Exod.12.30	3
15874	Exod.12.13	Exod.12.23	21
15881	Exod.12.14	Exod.12.43	4
15884	Exod.12.14	Exod.12.17	9
15890	Exod.12.14	Exod.12.24	9
15906	Exod.12.15	Exod.12.19-Exod.12.20	3
15911	Exod.12.15	Exod.12.8	3
15937	Exod.12.17	Exod.12.41	2
15943	Exod.12.18	Exod.12.15	5
15945	Exod.12.18	Exod.12.1-Exod.12.2	3
15946	Exod.12.19	Exod.12.48	4
15947	Exod.12.19	Exod.12.43	3
15952	Exod.12.19	Exod.12.15	7
15961	Exod.12.21	Exod.12.11	2
15968	Exod.12.21	Exod.12.3	6
15971	Exod.12.22	Exod.12.7	4
15982	Exod.12.23	Exod.12.12-Exod.12.13	8
15991	Exod.12.24	Exod.12.14	2
16021	Exod.12.27	Exod.12.11	5
16023	Exod.12.27	Exod.12.23	3
16027	Exod.12.29	Exod.12.12	5
16097	Exod.12.39	Exod.12.31-Exod.12.33	2
16110	Exod.12.41	Exod.12.51	2
16115	Exod.12.41	Exod.12.17	2
16117	Exod.12.42	Exod.12.14	5
16119	Exod.12.43	Exod.12.48	6
16120	Exod.12.43	Exod.12.11	3
16134	Exod.12.47	Exod.12.3	2
16136	Exod.12.47	Exod.12.6	4
16142	Exod.12.48	Exod.12.43	3
16143	Exod.12.48	Exod.12.19	3
16153	Exod.12.50	Exod.12.41	2
16163	Exod.12.51	Exod.12.41	4
16168	Exod.13.2	Exod.13.12-Exod.13.15	9
16196	Exod.13.3	Exod.13.14	16
16237	Exod.13.8	Exod.13.14	4
16266	Exod.13.9	Exod.13.3	3
16271	Exod.13.9	Exod.13.16	7
16277	Exod.13.11	Exod.13.5	4
16281	Exod.13.12	Exod.13.2	4
16302	Exod.13.14	Exod.13.3	5
16303	Exod.13.14	Exod.13.9	3
16308	Exod.13.16	Exod.13.14	3
16309	Exod.13.16	Exod.13.9	8
16357	Exod.14.2	Exod.14.9	3
16377	Exod.14.4	Exod.14.8	1
16381	Exod.14.4	Exod.14.17-Exod.14.18	1
16402	Exod.14.7	Exod.14.23	4
16411	Exod.14.8	Exod.14.4	5
16420	Exod.14.9	Exod.14.2	2
16483	Exod.14.13	Exod.14.30	43
16495	Exod.14.14	Exod.14.25	48
16510	Exod.14.16	Exod.14.21-Exod.14.22	2
16515	Exod.14.16	Exod.14.26	3
16522	Exod.14.17	Exod.14.8	7
16526	Exod.14.17	Exod.14.4	6
16534	Exod.14.18	Exod.14.4	2
16542	Exod.14.19	Exod.14.24	3
16557	Exod.14.21	Exod.14.16	7
16573	Exod.14.22	Exod.14.29	8
16576	Exod.14.23	Exod.14.17	3
16583	Exod.14.24	Exod.14.25	4
16587	Exod.14.24	Exod.14.19-Exod.14.20	3
16603	Exod.14.25	Exod.14.14	9
16614	Exod.14.26	Exod.14.16	6
16621	Exod.14.27	Exod.14.21-Exod.14.22	1
16629	Exod.14.28	Exod.14.13	2
16643	Exod.14.29	Exod.14.22	6
16645	Exod.14.30	Exod.14.13	3
16677	Exod.15.1	Exod.15.21	14
16750	Exod.15.5	Exod.15.10	4
16769	Exod.15.6	Exod.15.11	4
16822	Exod.15.10	Exod.15.5	3
16861	Exod.15.12	Exod.15.6	6
16974	Exod.15.21	Exod.15.1	9
17104	Exod.16.5	Exod.16.22-Exod.16.23	5
17107	Exod.16.6	Exod.16.12-Exod.16.13	4
17111	Exod.16.6	Exod.16.8	2
17115	Exod.16.6	Exod.16.3	2
17121	Exod.16.7	Exod.16.8	2
17124	Exod.16.7	Exod.16.10	6
17125	Exod.16.7	Exod.16.12	2
17131	Exod.16.7	Exod.16.2-Exod.16.3	2
17142	Exod.16.8	Exod.16.12	2
17149	Exod.16.8	Exod.16.9	2
17151	Exod.16.9	Exod.16.8	2
17152	Exod.16.9	Exod.16.2	2
17155	Exod.16.10	Exod.16.7	6
17167	Exod.16.12	Exod.16.7-Exod.16.8	3
17176	Exod.16.14	Exod.16.31	2
17188	Exod.16.15	Exod.16.33	3
17194	Exod.16.15	Exod.16.31	7
17196	Exod.16.15	Exod.16.4	11
17199	Exod.16.16	Exod.16.18	3
17200	Exod.16.16	Exod.16.36	6
17201	Exod.16.16	Exod.16.32-Exod.16.33	2
17204	Exod.16.19	Exod.16.23	2
17225	Exod.16.22	Exod.16.5	5
17226	Exod.16.22	Exod.16.16	2
17238	Exod.16.24	Exod.16.33	2
17239	Exod.16.24	Exod.16.20	5
17240	Exod.16.25	Exod.16.23	4
17242	Exod.16.25	Exod.16.29	3
17273	Exod.16.31	Exod.16.15	3
17304	Exod.16.36	Exod.16.16	3
17305	Exod.16.36	Exod.16.32-Exod.16.33	2
17308	Exod.17.1	Exod.17.8	2
17322	Exod.17.2	Exod.17.7	3
17383	Exod.17.7	Exod.17.2	3
17399	Exod.17.9	Exod.17.13	3
17407	Exod.17.10	Exod.17.12	2
17536	Exod.18.8	Exod.18.1	2
17633	Exod.18.15	Exod.18.19-Exod.18.20	2
17664	Exod.18.19	Exod.18.15	3
17672	Exod.18.19	Exod.18.24	3
17689	Exod.18.20	Exod.18.16	3
17726	Exod.18.21	Exod.18.25	3
17736	Exod.18.22	Exod.18.26	3
17743	Exod.18.22	Exod.18.18	2
17750	Exod.18.23	Exod.18.18	3
17758	Exod.18.24	Exod.18.2-Exod.18.5	3
17762	Exod.18.24	Exod.18.19	3
17765	Exod.18.25	Exod.18.21	3
17768	Exod.18.26	Exod.18.14-Exod.18.15	2
17770	Exod.18.26	Exod.18.22	7
17890	Exod.19.9	Exod.19.16	5
17901	Exod.19.10	Exod.19.14-Exod.19.15	3
17915	Exod.19.11	Exod.19.18	2
17920	Exod.19.11	Exod.19.16	4
17921	Exod.19.11	Exod.19.20	2
17929	Exod.19.12	Exod.19.23	2
17932	Exod.19.12	Exod.19.21	2
17934	Exod.19.13	Exod.19.19	2
17935	Exod.19.13	Exod.19.16	3
17940	Exod.19.14	Exod.19.10	3
17943	Exod.19.15	Exod.19.11	4
17947	Exod.19.15	Exod.19.16	2
17965	Exod.19.16	Exod.19.9	5
17984	Exod.19.18	Exod.19.13	1
18006	Exod.19.19	Exod.19.13	1
18007	Exod.19.19	Exod.19.16	3
18014	Exod.19.20	Exod.19.11	2
18016	Exod.19.20	Exod.19.3	2
18023	Exod.19.21	Exod.19.12-Exod.19.13	2
18026	Exod.19.22	Exod.19.5	2
18038	Exod.19.22	Exod.19.14-Exod.19.15	2
18040	Exod.19.23	Exod.19.12	5
18047	Exod.19.24	Exod.19.12	2
18056	Exod.19.24	Exod.19.21-Exod.19.22	2
18089	Exod.20.3	Exod.20.23	9
18463	Exod.20.23	Exod.20.3-Exod.20.5	3
18563	Exod.21.6	Exod.21.22	2
18578	Exod.21.7	Exod.21.2-Exod.21.3	3
18643	Exod.21.18	Exod.21.20	3
18645	Exod.21.18	Exod.21.22	2
18651	Exod.21.20	Exod.21.26-Exod.21.27	2
18661	Exod.21.22	Exod.21.30	5
18675	Exod.21.24	Exod.21.26-Exod.21.27	2
18686	Exod.21.26	Exod.21.20	2
18687	Exod.21.28	Exod.21.32	4
18691	Exod.21.30	Exod.21.22	4
18696	Exod.21.32	Exod.21.28-Exod.21.29	2
18708	Exod.21.34	Exod.21.29-Exod.21.30	2
18730	Exod.22.4	Exod.22.1	5
18732	Exod.22.4	Exod.22.7	5
18733	Exod.22.4	Exod.22.9	4
18737	Exod.22.5	Exod.22.3	2
18738	Exod.22.5	Exod.22.12	2
18743	Exod.22.6	Exod.22.9	3
18745	Exod.22.6	Exod.22.12	2
18750	Exod.22.7	Exod.22.4	5
18753	Exod.22.8	Exod.22.9	2
18758	Exod.22.8	Exod.22.28	4
18762	Exod.22.9	Exod.22.28	3
18766	Exod.22.9	Exod.22.4	5
18768	Exod.22.9	Exod.22.7-Exod.22.8	3
18778	Exod.22.11	Exod.22.8	2
18785	Exod.22.12	Exod.22.7	2
18790	Exod.22.14	Exod.22.11	3
18915	Exod.22.27	Exod.22.23	3
18925	Exod.22.28	Exod.22.8-Exod.22.9	6
18973	Exod.23.1	Exod.23.7	2
19012	Exod.23.2	Exod.23.6-Exod.23.7	5
19056	Exod.23.6	Exod.23.2-Exod.23.3	3
19072	Exod.23.7	Exod.23.1	6
19140	Exod.23.14	Exod.23.17	2
19178	Exod.23.17	Exod.23.14	2
19265	Exod.23.23	Exod.23.20	8
19385	Exod.24.1	Exod.24.15	2
19389	Exod.24.1	Exod.24.9	2
19404	Exod.24.2	Exod.24.18	3
19405	Exod.24.2	Exod.24.15	3
19407	Exod.24.2	Exod.24.13	3
19413	Exod.24.3	Exod.24.7	8
19451	Exod.24.6	Exod.24.8	10
19462	Exod.24.7	Exod.24.3-Exod.24.4	6
19476	Exod.24.8	Exod.24.6	23
19479	Exod.24.9	Exod.24.1	1
19500	Exod.24.11	Exod.24.9-Exod.24.10	2
19508	Exod.24.11	Exod.24.1	2
19523	Exod.24.12	Exod.24.2	3
19532	Exod.24.12	Exod.24.15	3
19534	Exod.24.12	Exod.24.18	3
19561	Exod.24.16	Exod.24.17	3
19572	Exod.24.18	Exod.24.17	2
19608	Exod.25.6	Exod.25.37	2
19630	Exod.25.9	Exod.25.40	10
19639	Exod.25.11	Exod.25.24	3
19643	Exod.25.12	Exod.25.15	3
19648	Exod.25.12	Exod.25.26	1
19656	Exod.25.13	Exod.25.28	2
19707	Exod.25.20	Exod.25.18	2
19716	Exod.25.21	Exod.25.16-Exod.25.17	2
19750	Exod.25.24	Exod.25.11	5
19753	Exod.25.27	Exod.25.28	2
19754	Exod.25.27	Exod.25.14	2
19757	Exod.25.28	Exod.25.27	2
19758	Exod.25.28	Exod.25.14	2
19799	Exod.25.36	Exod.25.18	2
19842	Exod.25.40	Exod.25.9	6
19851	Exod.26.1	Exod.26.31	3
19860	Exod.26.1	Exod.26.36	4
19866	Exod.26.2	Exod.26.7-Exod.26.8	1
19876	Exod.26.3	Exod.26.9	2
19878	Exod.26.4	Exod.26.5	2
19879	Exod.26.4	Exod.26.10-Exod.26.11	2
19882	Exod.26.6	Exod.26.33	2
19885	Exod.26.6	Exod.26.11	2
19892	Exod.26.7	Exod.26.9	2
19894	Exod.26.7	Exod.26.14	3
19898	Exod.26.7	Exod.26.12	2
19902	Exod.26.7	Exod.26.1	2
19905	Exod.26.8	Exod.26.13	2
19906	Exod.26.8	Exod.26.2	2
19907	Exod.26.11	Exod.26.6	2
19908	Exod.26.11	Exod.26.3	2
19909	Exod.26.13	Exod.26.2	2
19910	Exod.26.13	Exod.26.8	2
19926	Exod.26.15	Exod.26.18	2
19932	Exod.26.17	Exod.26.19	2
19936	Exod.26.19	Exod.26.25	2
19937	Exod.26.19	Exod.26.37	2
19988	Exod.26.31	Exod.26.1	3
19994	Exod.26.32	Exod.26.37	3
20019	Exod.26.36	Exod.26.31	2
20102	Exod.27.14	Exod.27.9	2
20119	Exod.27.19	Exod.27.3	2
20176	Exod.28.1	Exod.28.41	2
20220	Exod.28.2	Exod.28.40	4
20233	Exod.28.4	Exod.28.39-Exod.28.40	3
20254	Exod.28.8	Exod.28.27-Exod.28.28	3
20262	Exod.28.9	Exod.28.20	2
20263	Exod.28.9	Exod.28.36	2
20274	Exod.28.11	Exod.28.13-Exod.28.14	2
20279	Exod.28.11	Exod.28.21	2
20281	Exod.28.11	Exod.28.36	2
20284	Exod.28.11	Exod.28.25	2
20294	Exod.28.12	Exod.28.29	5
20302	Exod.28.12	Exod.28.7	2
20305	Exod.28.14	Exod.28.22-Exod.28.25	2
20312	Exod.28.15	Exod.28.4	2
20313	Exod.28.15	Exod.28.30	2
20315	Exod.28.15	Exod.28.6	2
20322	Exod.28.17	Exod.28.11	2
20329	Exod.28.17	Exod.28.9	2
20355	Exod.28.25	Exod.28.14	2
20359	Exod.28.28	Exod.28.37	2
20361	Exod.28.28	Exod.28.31	2
20363	Exod.28.29	Exod.28.15	3
20365	Exod.28.29	Exod.28.30	5
20367	Exod.28.29	Exod.28.12	8
20390	Exod.28.31	Exod.28.4	2
20393	Exod.28.31	Exod.28.28	2
20424	Exod.28.36	Exod.28.9	2
20429	Exod.28.36	Exod.28.11	2
20433	Exod.28.37	Exod.28.4	2
20437	Exod.28.37	Exod.28.28	2
20438	Exod.28.37	Exod.28.31	2
20445	Exod.28.38	Exod.28.43	4
20460	Exod.28.40	Exod.28.4	4
20470	Exod.28.40	Exod.28.2	3
20476	Exod.28.41	Exod.28.4	2
20482	Exod.28.41	Exod.28.1	2
20525	Exod.29.1	Exod.29.21	4
20527	Exod.29.2	Exod.29.23	2
20592	Exod.29.10	Exod.29.15	3
20595	Exod.29.10	Exod.29.19	3
20602	Exod.29.11	Exod.29.4	2
20623	Exod.29.13	Exod.29.25	2
20633	Exod.29.13	Exod.29.18	2
20636	Exod.29.13	Exod.29.22	2
20667	Exod.29.15	Exod.29.10	2
20668	Exod.29.15	Exod.29.19	3
20670	Exod.29.15	Exod.29.3	2
20671	Exod.29.16	Exod.29.11-Exod.29.12	2
20688	Exod.29.18	Exod.29.25	2
20696	Exod.29.19	Exod.29.3	3
20713	Exod.29.21	Exod.29.1	3
20720	Exod.29.21	Exod.29.7	3
20723	Exod.29.22	Exod.29.13	3
20732	Exod.29.23	Exod.29.2-Exod.29.3	3
20737	Exod.29.24	Exod.29.26-Exod.29.27	2
20757	Exod.29.25	Exod.29.41	3
20779	Exod.29.28	Exod.29.27	2
20782	Exod.29.29	Exod.29.5-Exod.29.7	2
20800	Exod.29.30	Exod.29.35	2
20810	Exod.29.32	Exod.29.23	2
20812	Exod.29.32	Exod.29.2-Exod.29.3	2
20826	Exod.29.34	Exod.29.22	2
20830	Exod.29.34	Exod.29.28	2
20832	Exod.29.34	Exod.29.26	2
20836	Exod.29.35	Exod.29.37	2
20837	Exod.29.35	Exod.29.30	2
20848	Exod.29.36	Exod.29.10-Exod.29.14	2
20952	Exod.30.1	Exod.30.10	2
20958	Exod.30.1	Exod.30.7-Exod.30.8	2
20979	Exod.30.6	Exod.30.36	2
20983	Exod.30.7	Exod.30.34	2
21035	Exod.30.15	Exod.30.12	3
21124	Exod.30.32	Exod.30.25	5
21127	Exod.30.32	Exod.30.37-Exod.30.38	2
21137	Exod.30.33	Exod.30.38	5
21142	Exod.30.34	Exod.30.23	4
21153	Exod.30.35	Exod.30.25	3
21158	Exod.30.36	Exod.30.6	2
21165	Exod.30.37	Exod.30.32-Exod.30.33	2
21166	Exod.30.38	Exod.30.33	3
21235	Exod.31.13	Exod.31.17	8
21260	Exod.31.15	Exod.31.14	3
21262	Exod.31.15	Exod.31.17	4
21283	Exod.31.17	Exod.31.13	9
21317	Exod.32.1	Exod.32.7	4
21324	Exod.32.1	Exod.32.11	4
21343	Exod.32.4	Exod.32.1	2
21347	Exod.32.4	Exod.32.8	6
21374	Exod.32.5	Exod.32.4	2
21388	Exod.32.6	Exod.32.17-Exod.32.19	3
21391	Exod.32.7	Exod.32.1	2
21392	Exod.32.7	Exod.32.11	7
21398	Exod.32.7	Exod.32.4	2
21404	Exod.32.8	Exod.32.4	2
21431	Exod.32.10	Exod.32.19	3
21434	Exod.32.10	Exod.32.11	3
21453	Exod.32.12	Exod.32.14	4
21514	Exod.32.17	Exod.32.18	2
21539	Exod.32.19	Exod.32.11	2
21540	Exod.32.19	Exod.32.4-Exod.32.6	2
21574	Exod.32.23	Exod.32.1-Exod.32.4	3
21575	Exod.32.23	Exod.32.8	2
21576	Exod.32.24	Exod.32.4	5
21597	Exod.32.27	Exod.32.29	2
21598	Exod.32.27	Exod.32.26	2
21634	Exod.32.30	Exod.32.31-Exod.32.32	3
21645	Exod.32.31	Exod.32.30	3
21661	Exod.32.32	Exod.32.10	6
21689	Exod.32.35	Exod.32.4	2
21692	Exod.32.35	Exod.32.25	2
21729	Exod.33.3	Exod.33.15-Exod.33.17	4
21766	Exod.33.5	Exod.33.3-Exod.33.4	5
21771	Exod.33.6	Exod.33.4	3
21792	Exod.33.9	Exod.33.11	2
21808	Exod.33.11	Exod.33.9	11
21819	Exod.33.12	Exod.33.17	14
21821	Exod.33.12	Exod.33.1	5
21831	Exod.33.13	Exod.33.17-Exod.33.18	3
21857	Exod.33.15	Exod.33.3	9
21875	Exod.33.17	Exod.33.12	5
21881	Exod.33.18	Exod.33.20	11
21929	Exod.33.23	Exod.33.20	5
21936	Exod.34.1	Exod.34.28	5
22070	Exod.34.10	Exod.34.27	5
22117	Exod.34.14	Exod.34.5-Exod.34.7	5
22131	Exod.34.15	Exod.34.12	3
22151	Exod.34.15	Exod.34.10	2
22227	Exod.34.24	Exod.34.11	5
22245	Exod.34.27	Exod.34.10	2
22255	Exod.34.28	Exod.34.1	8
22305	Exod.34.35	Exod.34.29-Exod.34.30	3
22387	Exod.35.21	Exod.35.22	3
22390	Exod.35.21	Exod.35.26	5
22401	Exod.35.21	Exod.35.5	4
22407	Exod.35.21	Exod.35.29	5
22422	Exod.35.23	Exod.35.6-Exod.35.10	2
22440	Exod.35.26	Exod.35.21	6
22441	Exod.35.26	Exod.35.29	5
22442	Exod.35.27	Exod.35.9	3
22446	Exod.35.28	Exod.35.8	3
22457	Exod.35.29	Exod.35.21-Exod.35.22	4
22467	Exod.35.29	Exod.35.4	4
22508	Exod.35.35	Exod.35.31	10
22520	Exod.36.1	Exod.36.3-Exod.36.4	2
22860	Exod.39.1	Exod.39.41	2
22958	Exod.39.32	Exod.39.33	2
22962	Exod.39.32	Exod.39.42-Exod.39.43	4
22991	Exod.39.41	Exod.39.1	2
22994	Exod.39.42	Exod.39.32	2
23015	Exod.40.2	Exod.40.17-Exod.40.19	3
23026	Exod.40.2	Exod.40.6	2
23037	Exod.40.3	Exod.40.20-Exod.40.21	3
23039	Exod.40.4	Exod.40.22-Exod.40.25	2
23045	Exod.40.5	Exod.40.26-Exod.40.28	2
23057	Exod.40.6	Exod.40.29	4
23061	Exod.40.7	Exod.40.30-Exod.40.32	2
23070	Exod.40.8	Exod.40.33	3
23144	Exod.40.17	Exod.40.1-Exod.40.2	2
23152	Exod.40.18	Exod.40.2	2
23159	Exod.40.20	Exod.40.3	2
23174	Exod.40.21	Exod.40.3	5
23179	Exod.40.22	Exod.40.24	2
23182	Exod.40.23	Exod.40.4	4
23198	Exod.40.25	Exod.40.4	5
23199	Exod.40.26	Exod.40.5	5
23213	Exod.40.28	Exod.40.5	3
23216	Exod.40.29	Exod.40.6	5
23224	Exod.40.30	Exod.40.7	4
23235	Exod.40.32	Exod.40.19	2
23246	Exod.40.33	Exod.40.8	5
23419	Lev.1.5	Lev.1.11	7
23420	Lev.1.5	Lev.1.15	2
23438	Lev.1.8	Lev.1.12	2
23446	Lev.1.9	Lev.1.13	5
23451	Lev.1.9	Lev.1.17	2
23467	Lev.1.10	Lev.1.2-Lev.1.3	4
23476	Lev.1.11	Lev.1.5	5
23477	Lev.1.11	Lev.1.7-Lev.1.9	2
23479	Lev.1.13	Lev.1.9	2
23508	Lev.1.17	Lev.1.9-Lev.1.10	2
23510	Lev.1.17	Lev.1.13	2
23516	Lev.2.1	Lev.2.15-Lev.2.16	2
23524	Lev.2.1	Lev.2.4-Lev.2.8	2
23534	Lev.2.2	Lev.2.9	4
23537	Lev.2.2	Lev.2.16	2
23547	Lev.2.3	Lev.2.10	2
23580	Lev.2.7	Lev.2.1-Lev.2.2	2
23583	Lev.2.9	Lev.2.2	7
23594	Lev.2.10	Lev.2.3	3
23647	Lev.2.16	Lev.2.4-Lev.2.7	2
23648	Lev.2.16	Lev.2.9	2
23650	Lev.2.16	Lev.2.12	2
23651	Lev.2.16	Lev.2.1-Lev.2.2	2
23693	Lev.3.3	Lev.3.16	2
23708	Lev.3.4	Lev.3.15	2
23710	Lev.3.4	Lev.3.10	3
23740	Lev.3.7	Lev.3.1	2
23753	Lev.3.8	Lev.3.2-Lev.3.5	2
23756	Lev.3.8	Lev.3.13	2
23758	Lev.3.9	Lev.3.3-Lev.3.4	2
23765	Lev.3.10	Lev.3.4	2
23768	Lev.3.11	Lev.3.5	4
23772	Lev.3.11	Lev.3.16	4
23789	Lev.3.12	Lev.3.1	2
23803	Lev.3.13	Lev.3.8	4
23807	Lev.3.13	Lev.3.1-Lev.3.5	2
23809	Lev.3.14	Lev.3.9-Lev.3.11	2
23811	Lev.3.14	Lev.3.3-Lev.3.5	2
23817	Lev.3.16	Lev.3.3-Lev.3.5	3
23818	Lev.3.16	Lev.3.14-Lev.3.15	3
23827	Lev.3.16	Lev.3.9-Lev.3.11	3
23836	Lev.3.17	Lev.3.16	5
23860	Lev.4.2	Lev.4.22	2
23863	Lev.4.2	Lev.4.13	2
23870	Lev.4.2	Lev.4.27	4
23880	Lev.4.3	Lev.4.14	4
23899	Lev.4.5	Lev.4.16-Lev.4.17	3
23902	Lev.4.6	Lev.4.17	2
23910	Lev.4.6	Lev.4.25	2
23911	Lev.4.6	Lev.4.34	2
23914	Lev.4.6	Lev.4.30	2
23921	Lev.4.7	Lev.4.18	5
23929	Lev.4.7	Lev.4.30	3
23930	Lev.4.7	Lev.4.34	5
23931	Lev.4.8	Lev.4.35	2
23934	Lev.4.8	Lev.4.26	3
23937	Lev.4.8	Lev.4.19	2
23941	Lev.4.8	Lev.4.31	2
23944	Lev.4.11	Lev.4.21	2
23971	Lev.4.13	Lev.4.1-Lev.4.2	2
23973	Lev.4.14	Lev.4.23	3
23974	Lev.4.14	Lev.4.3	3
23975	Lev.4.14	Lev.4.28	2
23983	Lev.4.15	Lev.4.4	2
23989	Lev.4.17	Lev.4.6-Lev.4.7	2
23990	Lev.4.18	Lev.4.7	2
23992	Lev.4.19	Lev.4.31	2
23997	Lev.4.19	Lev.4.26	2
24000	Lev.4.19	Lev.4.8-Lev.4.10	2
24002	Lev.4.19	Lev.4.35	2
24014	Lev.4.20	Lev.4.26	2
24029	Lev.4.21	Lev.4.11-Lev.4.12	2
24032	Lev.4.22	Lev.4.13	3
24033	Lev.4.22	Lev.4.2	5
24036	Lev.4.22	Lev.4.27	2
24044	Lev.4.23	Lev.4.28	2
24052	Lev.4.23	Lev.4.14	5
24056	Lev.4.23	Lev.4.3	2
24071	Lev.4.25	Lev.4.18	5
24073	Lev.4.25	Lev.4.7	5
24077	Lev.4.25	Lev.4.34	5
24081	Lev.4.25	Lev.4.30	5
24086	Lev.4.26	Lev.4.31	3
24088	Lev.4.26	Lev.4.20	5
24089	Lev.4.26	Lev.4.35	3
24090	Lev.4.26	Lev.4.8-Lev.4.10	2
24098	Lev.4.27	Lev.4.13	3
24100	Lev.4.27	Lev.4.2	7
24104	Lev.4.28	Lev.4.3	3
24105	Lev.4.28	Lev.4.23	9
24107	Lev.4.28	Lev.4.32	3
24110	Lev.4.28	Lev.4.14	2
24112	Lev.4.29	Lev.4.4	6
24113	Lev.4.29	Lev.4.24	6
24114	Lev.4.29	Lev.4.15	4
24115	Lev.4.29	Lev.4.33	3
24119	Lev.4.30	Lev.4.7	3
24121	Lev.4.30	Lev.4.25	3
24122	Lev.4.30	Lev.4.34	3
24134	Lev.4.31	Lev.4.35	5
24143	Lev.4.31	Lev.4.19	2
24147	Lev.4.31	Lev.4.8-Lev.4.10	2
24151	Lev.4.31	Lev.4.26	7
24172	Lev.4.32	Lev.4.28	8
24174	Lev.4.33	Lev.4.4	2
24175	Lev.4.33	Lev.4.29-Lev.4.31	2
24176	Lev.4.34	Lev.4.30	3
24180	Lev.4.34	Lev.4.25	3
24183	Lev.4.34	Lev.4.7	3
24204	Lev.4.35	Lev.4.26	7
24216	Lev.4.35	Lev.4.30-Lev.4.31	4
24222	Lev.4.35	Lev.4.20	4
24236	Lev.5.1	Lev.5.17	8
24242	Lev.5.1	Lev.5.15	2
24257	Lev.5.2	Lev.5.17	5
24259	Lev.5.2	Lev.5.4	2
24318	Lev.5.7	Lev.5.11	2
24319	Lev.5.7	Lev.5.8-Lev.5.9	3
24343	Lev.5.10	Lev.5.6	2
24344	Lev.5.10	Lev.5.13	3
24346	Lev.5.10	Lev.5.16	3
24358	Lev.5.11	Lev.5.6	2
24360	Lev.5.11	Lev.5.9	2
24363	Lev.5.11	Lev.5.12	2
24383	Lev.5.13	Lev.5.6	2
24395	Lev.5.15	Lev.5.1-Lev.5.2	2
24398	Lev.5.15	Lev.5.18	2
24414	Lev.5.15	Lev.5.16	2
24422	Lev.5.16	Lev.5.10	3
24424	Lev.5.16	Lev.5.13	2
24429	Lev.5.16	Lev.5.6	2
24436	Lev.5.17	Lev.5.1-Lev.5.2	3
24437	Lev.5.17	Lev.5.15	4
24446	Lev.5.18	Lev.5.15-Lev.5.16	5
24532	Lev.6.9	Lev.6.12-Lev.6.13	2
24580	Lev.6.16	Lev.6.26	3
24583	Lev.6.17	Lev.6.25	4
24584	Lev.6.17	Lev.6.29	3
24598	Lev.6.18	Lev.6.27	2
24599	Lev.6.18	Lev.6.29	4
24626	Lev.6.23	Lev.6.16-Lev.6.17	2
24628	Lev.6.25	Lev.6.17	3
24642	Lev.6.26	Lev.6.16	2
24651	Lev.6.27	Lev.6.18	2
24658	Lev.6.29	Lev.6.17-Lev.6.18	2
24659	Lev.6.29	Lev.6.25	2
24753	Lev.7.12	Lev.7.15	2
24842	Lev.7.21	Lev.7.27	2
24845	Lev.7.21	Lev.7.20	2
24858	Lev.7.21	Lev.7.25	2
24890	Lev.7.27	Lev.7.20-Lev.7.21	2
24892	Lev.7.27	Lev.7.25	2
24908	Lev.7.31	Lev.7.34	3
24915	Lev.7.32	Lev.7.34	5
24925	Lev.7.33	Lev.7.3	1
24926	Lev.7.34	Lev.7.30-Lev.7.32	2
24978	Lev.8.4	Lev.8.13	2
24981	Lev.8.4	Lev.8.9	2
24983	Lev.8.4	Lev.8.17	2
24985	Lev.8.4	Lev.8.35	2
24990	Lev.8.4	Lev.8.29	2
25034	Lev.8.10	Lev.8.2	2
25062	Lev.8.14	Lev.8.2	2
25105	Lev.8.18	Lev.8.2	3
25112	Lev.8.22	Lev.8.29	2
25113	Lev.8.22	Lev.8.2	6
25217	Lev.8.35	Lev.8.30	2
25234	Lev.9.2	Lev.9.7-Lev.9.8	2
25263	Lev.9.4	Lev.9.6	4
25269	Lev.9.4	Lev.9.23	4
25281	Lev.9.6	Lev.9.23	6
25291	Lev.9.7	Lev.9.2	2
25302	Lev.9.9	Lev.9.18	2
25304	Lev.9.9	Lev.9.12	2
25335	Lev.9.15	Lev.9.3	3
25339	Lev.9.16	Lev.9.12-Lev.9.14	2
25343	Lev.9.17	Lev.9.1	2
25354	Lev.9.19	Lev.9.10	2
25381	Lev.9.23	Lev.9.6	6
25458	Lev.10.2	Lev.10.5	2
25643	Lev.11.2	Lev.11.39	2
25645	Lev.11.2	Lev.11.34	2
25646	Lev.11.2	Lev.11.11	3
25647	Lev.11.2	Lev.11.41-Lev.11.44	2
25651	Lev.11.2	Lev.11.4	2
25653	Lev.11.2	Lev.11.9	2
25655	Lev.11.2	Lev.11.29	2
25658	Lev.11.2	Lev.11.13	2
25659	Lev.11.2	Lev.11.21	2
25755	Lev.11.20	Lev.11.23	2
25759	Lev.11.20	Lev.11.27	2
25769	Lev.11.24	Lev.11.8	2
25770	Lev.11.24	Lev.11.31	2
25771	Lev.11.24	Lev.11.38-Lev.11.40	2
25776	Lev.11.24	Lev.11.27-Lev.11.28	2
25785	Lev.11.25	Lev.11.28	2
25803	Lev.11.25	Lev.11.40	4
25808	Lev.11.27	Lev.11.23	1
25809	Lev.11.28	Lev.11.24-Lev.11.25	2
25820	Lev.11.29	Lev.11.20-Lev.11.21	2
25824	Lev.11.29	Lev.11.41-Lev.11.42	3
25825	Lev.11.31	Lev.11.8	2
25826	Lev.11.31	Lev.11.24-Lev.11.25	2
25835	Lev.11.33	Lev.11.35	2
25846	Lev.11.35	Lev.11.33	2
25853	Lev.11.39	Lev.11.24	2
25856	Lev.11.39	Lev.11.31	2
25857	Lev.11.39	Lev.11.28	2
25859	Lev.11.39	Lev.11.40	2
25862	Lev.11.40	Lev.11.28	2
25868	Lev.11.40	Lev.11.25	2
25882	Lev.11.41	Lev.11.20	2
25883	Lev.11.41	Lev.11.23	2
25884	Lev.11.41	Lev.11.29	5
25895	Lev.11.43	Lev.11.41-Lev.11.42	3
25918	Lev.11.44	Lev.11.43	3
25921	Lev.11.45	Lev.11.44	20
25961	Lev.12.5	Lev.12.2	2
25963	Lev.12.5	Lev.12.4	2
25966	Lev.12.6	Lev.12.2	2
26026	Lev.13.3	Lev.13.2	2
26045	Lev.13.6	Lev.13.2	2
26065	Lev.13.7	Lev.13.27	2
26066	Lev.13.7	Lev.13.35-Lev.13.36	2
26073	Lev.13.8	Lev.13.3	2
26076	Lev.13.10	Lev.13.24	2
26078	Lev.13.10	Lev.13.14-Lev.13.15	2
26081	Lev.13.10	Lev.13.3-Lev.13.4	2
26104	Lev.13.19	Lev.13.24	2
26108	Lev.13.20	Lev.13.3	2
26121	Lev.13.25	Lev.13.4	2
26122	Lev.13.25	Lev.13.18-Lev.13.20	2
26123	Lev.13.26	Lev.13.23	2
26124	Lev.13.26	Lev.13.4-Lev.13.5	2
26140	Lev.13.30	Lev.13.34-Lev.13.37	1
26144	Lev.13.32	Lev.13.30	2
26149	Lev.13.35	Lev.13.7	2
26150	Lev.13.35	Lev.13.27	2
26158	Lev.13.40	Lev.13.41	2
26217	Lev.13.48	Lev.13.51	2
26249	Lev.14.2	Lev.14.54-Lev.14.57	2
26266	Lev.14.4	Lev.14.49-Lev.14.52	2
26269	Lev.14.4	Lev.14.6	4
26274	Lev.14.5	Lev.14.50	3
26280	Lev.14.6	Lev.14.51-Lev.14.53	2
26285	Lev.14.6	Lev.14.4	2
26305	Lev.14.7	Lev.14.51	2
26322	Lev.14.8	Lev.14.20	2
26331	Lev.14.8	Lev.14.9	2
26335	Lev.14.9	Lev.14.8	2
26337	Lev.14.10	Lev.14.15	4
26338	Lev.14.10	Lev.14.21	4
26345	Lev.14.10	Lev.14.23-Lev.14.24	2
26348	Lev.14.10	Lev.14.12	4
26406	Lev.14.17	Lev.14.14	2
26417	Lev.14.19	Lev.14.12	3
26423	Lev.14.20	Lev.14.8	2
26424	Lev.14.20	Lev.14.10	3
26434	Lev.14.21	Lev.14.22	2
26447	Lev.14.23	Lev.14.10-Lev.14.11	3
26448	Lev.14.24	Lev.14.12	2
26449	Lev.14.24	Lev.14.10	2
26456	Lev.14.29	Lev.14.18	4
26457	Lev.14.29	Lev.14.20	2
26459	Lev.14.30	Lev.14.22	3
26465	Lev.14.31	Lev.14.18	2
26468	Lev.14.32	Lev.14.54-Lev.14.57	2
26469	Lev.14.32	Lev.14.2	2
26472	Lev.14.32	Lev.14.21	3
26473	Lev.14.32	Lev.14.10	3
26582	Lev.14.47	Lev.14.8-Lev.14.9	2
26587	Lev.14.48	Lev.14.3	2
26590	Lev.14.49	Lev.14.4	4
26592	Lev.14.53	Lev.14.7	2
26593	Lev.14.53	Lev.14.20	2
26595	Lev.14.54	Lev.14.32	3
26605	Lev.14.54	Lev.14.2	2
26672	Lev.15.10	Lev.15.8	2
26673	Lev.15.10	Lev.15.5	2
26686	Lev.15.13	Lev.15.28	3
26692	Lev.15.13	Lev.15.10-Lev.15.11	2
26696	Lev.15.13	Lev.15.5	3
26701	Lev.15.14	Lev.15.29-Lev.15.30	2
26725	Lev.15.16	Lev.15.5	4
26741	Lev.15.18	Lev.15.5	2
26761	Lev.15.21	Lev.15.5-Lev.15.6	2
26769	Lev.15.24	Lev.15.33	2
26782	Lev.15.27	Lev.15.13	2
26786	Lev.15.27	Lev.15.21	2
26788	Lev.15.27	Lev.15.5-Lev.15.8	2
26789	Lev.15.28	Lev.15.13-Lev.15.15	3
26825	Lev.15.33	Lev.15.19	3
26826	Lev.15.33	Lev.15.24-Lev.15.25	1
26829	Lev.16.2	Lev.16.13	3
26869	Lev.16.4	Lev.16.24	2
26912	Lev.16.10	Lev.16.21-Lev.16.22	4
26920	Lev.16.11	Lev.16.3	2
26921	Lev.16.11	Lev.16.6	3
26961	Lev.16.15	Lev.16.2	3
26962	Lev.16.15	Lev.16.5-Lev.16.9	2
26967	Lev.16.16	Lev.16.18	3
26974	Lev.16.17	Lev.16.10-Lev.16.11	3
26984	Lev.16.18	Lev.16.16	3
27004	Lev.16.20	Lev.16.16	3
27029	Lev.16.23	Lev.16.4	3
27034	Lev.16.24	Lev.16.3-Lev.16.5	4
27046	Lev.16.25	Lev.16.6	2
27047	Lev.16.26	Lev.16.21-Lev.16.22	2
27050	Lev.16.26	Lev.16.10	3
27051	Lev.16.26	Lev.16.28	2
27100	Lev.16.32	Lev.16.4	3
27107	Lev.16.33	Lev.16.11	2
27108	Lev.16.33	Lev.16.6	3
27109	Lev.16.33	Lev.16.18-Lev.16.19	2
27111	Lev.16.33	Lev.16.16	4
27112	Lev.16.33	Lev.16.24	3
27122	Lev.17.3	Lev.17.15	2
27123	Lev.17.3	Lev.17.8	2
27125	Lev.17.3	Lev.17.12-Lev.17.13	2
27140	Lev.17.4	Lev.17.10	2
27141	Lev.17.4	Lev.17.14	2
27191	Lev.17.8	Lev.17.10	2
27193	Lev.17.8	Lev.17.4	2
27201	Lev.17.9	Lev.17.4	4
27213	Lev.17.10	Lev.17.11	12
27240	Lev.17.11	Lev.17.14	16
27251	Lev.17.14	Lev.17.11-Lev.17.12	4
27282	Lev.18.2	Lev.18.4	2
27304	Lev.18.4	Lev.18.2	4
27305	Lev.18.4	Lev.18.26	3
27344	Lev.18.9	Lev.18.11	2
27428	Lev.18.24	Lev.18.30	7
27430	Lev.18.24	Lev.18.3	4
27449	Lev.18.25	Lev.18.28	7
27459	Lev.18.26	Lev.18.5	3
27467	Lev.18.26	Lev.18.30	2
27478	Lev.18.27	Lev.18.24	3
27484	Lev.18.28	Lev.18.25	5
27492	Lev.18.30	Lev.18.2-Lev.18.4	2
27494	Lev.18.30	Lev.18.26-Lev.18.27	2
27644	Lev.19.14	Lev.19.32	7
27646	Lev.19.15	Lev.19.35	8
27804	Lev.19.30	Lev.19.3	7
27822	Lev.19.31	Lev.19.26	2
27842	Lev.19.32	Lev.19.14	7
27853	Lev.19.34	Lev.19.18	6
27859	Lev.19.35	Lev.19.15	1
27885	Lev.20.2	Lev.20.27	3
27932	Lev.20.6	Lev.20.27	5
27977	Lev.20.9	Lev.20.11-Lev.20.13	1
28080	Lev.20.24	Lev.20.26	4
28091	Lev.20.26	Lev.20.7	18
28097	Lev.20.26	Lev.20.24	16
28105	Lev.20.27	Lev.20.6	6
28113	Lev.21.1	Lev.21.11	4
28135	Lev.21.6	Lev.21.8	2
28144	Lev.21.7	Lev.21.13-Lev.21.14	8
28148	Lev.21.7	Lev.21.8	4
28160	Lev.21.8	Lev.21.6	4
28195	Lev.21.11	Lev.21.1-Lev.21.2	3
28208	Lev.21.13	Lev.21.7	4
28212	Lev.21.14	Lev.21.7	3
28217	Lev.21.15	Lev.21.8	2
28228	Lev.21.17	Lev.21.6	2
28230	Lev.21.17	Lev.21.21	2
28244	Lev.21.21	Lev.21.17	3
28245	Lev.21.21	Lev.21.8	3
28246	Lev.21.21	Lev.21.6	6
28257	Lev.21.23	Lev.21.12	3
28267	Lev.22.2	Lev.22.3-Lev.22.6	2
28276	Lev.22.2	Lev.22.32	3
28325	Lev.22.9	Lev.22.16	2
28345	Lev.22.15	Lev.22.9	2
28346	Lev.22.16	Lev.22.9	6
28400	Lev.22.20	Lev.22.25	4
28413	Lev.22.22	Lev.22.20	6
28420	Lev.22.24	Lev.22.20	4
28435	Lev.22.27	Lev.22.25	3
28462	Lev.22.32	Lev.22.16	2
28468	Lev.22.32	Lev.22.2	4
28476	Lev.23.2	Lev.23.37	6
28480	Lev.23.2	Lev.23.44	2
28482	Lev.23.2	Lev.23.4	6
28493	Lev.23.2	Lev.23.21	2
28514	Lev.23.4	Lev.23.2	5
28515	Lev.23.4	Lev.23.37	6
28535	Lev.23.7	Lev.23.25	2
28536	Lev.23.7	Lev.23.8	3
28537	Lev.23.7	Lev.23.35-Lev.23.36	2
28539	Lev.23.7	Lev.23.21	1
28558	Lev.23.10	Lev.23.17	2
28592	Lev.23.15	Lev.23.10-Lev.23.11	6
28598	Lev.23.17	Lev.23.10	4
28615	Lev.23.18	Lev.23.12-Lev.23.13	2
28636	Lev.23.20	Lev.23.17	2
28637	Lev.23.21	Lev.23.14	4
28639	Lev.23.21	Lev.23.7	2
28640	Lev.23.21	Lev.23.4	4
28645	Lev.23.21	Lev.23.2	5
28670	Lev.23.25	Lev.23.21	3
28700	Lev.23.29	Lev.23.27	3
28704	Lev.23.29	Lev.23.32	3
28725	Lev.23.32	Lev.23.27	3
28738	Lev.23.35	Lev.23.7-Lev.23.8	3
28739	Lev.23.35	Lev.23.24-Lev.23.25	3
28747	Lev.23.37	Lev.23.4	5
28749	Lev.23.37	Lev.23.2	6
28758	Lev.23.38	Lev.23.3	2
28760	Lev.23.39	Lev.23.34	3
28762	Lev.23.39	Lev.23.24	2
28764	Lev.23.39	Lev.23.36	2
28790	Lev.23.44	Lev.23.1-Lev.23.2	2
28900	Lev.24.11	Lev.24.15-Lev.24.16	3
28951	Lev.24.18	Lev.24.21	4
28960	Lev.24.21	Lev.24.17-Lev.24.18	3
28967	Lev.24.23	Lev.24.14-Lev.24.16	2
28989	Lev.25.4	Lev.25.20-Lev.25.23	4
28996	Lev.25.6	Lev.25.20	3
29014	Lev.25.9	Lev.25.10-Lev.25.12	2
29018	Lev.25.10	Lev.25.26-Lev.25.28	3
29024	Lev.25.10	Lev.25.13	8
29029	Lev.25.10	Lev.25.33-Lev.25.34	3
29041	Lev.25.11	Lev.25.4-Lev.25.5	3
29043	Lev.25.12	Lev.25.6-Lev.25.7	4
29044	Lev.25.13	Lev.25.10	6
29074	Lev.25.14	Lev.25.17	5
29081	Lev.25.16	Lev.25.27	2
29082	Lev.25.16	Lev.25.51	2
29088	Lev.25.17	Lev.25.14	3
29103	Lev.25.17	Lev.25.43	5
29138	Lev.25.20	Lev.25.4	4
29153	Lev.25.21	Lev.25.8-Lev.25.11	4
29156	Lev.25.21	Lev.25.4	4
29181	Lev.25.23	Lev.25.10	3
29182	Lev.25.24	Lev.25.31	1
29187	Lev.25.24	Lev.25.51-Lev.25.53	1
29188	Lev.25.24	Lev.25.27	1
29201	Lev.25.28	Lev.25.10	2
29203	Lev.25.28	Lev.25.13	2
29212	Lev.25.34	Lev.25.23	3
29223	Lev.25.35	Lev.25.25	3
29244	Lev.25.36	Lev.25.17	3
29270	Lev.25.39	Lev.25.46	3
29278	Lev.25.41	Lev.25.10	2
29279	Lev.25.41	Lev.25.28	5
29283	Lev.25.42	Lev.25.55	6
29286	Lev.25.43	Lev.25.53	3
29291	Lev.25.43	Lev.25.46	4
29292	Lev.25.43	Lev.25.17	4
29309	Lev.25.46	Lev.25.43	2
29311	Lev.25.47	Lev.25.26	2
29314	Lev.25.48	Lev.25.25	2
29317	Lev.25.48	Lev.25.35	2
29319	Lev.25.49	Lev.25.26	3
29322	Lev.25.50	Lev.25.40	2
29326	Lev.25.50	Lev.25.53	2
29327	Lev.25.53	Lev.25.43	2
29328	Lev.25.53	Lev.25.46	2
29333	Lev.25.54	Lev.25.40-Lev.25.41	2
29337	Lev.25.55	Lev.25.42	3
29457	Lev.26.6	Lev.26.22	3
29558	Lev.26.14	Lev.26.18	5
29581	Lev.26.15	Lev.26.43	2
29619	Lev.26.17	Lev.26.36-Lev.26.37	5
29628	Lev.26.18	Lev.26.21	5
29630	Lev.26.18	Lev.26.24	4
29631	Lev.26.18	Lev.26.28	4
29651	Lev.26.20	Lev.26.4	3
29661	Lev.26.21	Lev.26.18	5
29662	Lev.26.21	Lev.26.27	3
29666	Lev.26.22	Lev.26.6	3
29684	Lev.26.23	Lev.26.21	2
29728	Lev.26.27	Lev.26.21	4
29729	Lev.26.27	Lev.26.24	4
29748	Lev.26.30	Lev.26.15	1
29764	Lev.26.30	Lev.26.11	1
29838	Lev.26.34	Lev.26.43	4
29852	Lev.26.36	Lev.26.7-Lev.26.8	2
29854	Lev.26.36	Lev.26.17	4
29909	Lev.26.40	Lev.26.21	3
29912	Lev.26.40	Lev.26.24	3
29916	Lev.26.40	Lev.26.27-Lev.26.28	3
29966	Lev.26.43	Lev.26.15	4
29977	Lev.26.43	Lev.26.34-Lev.26.35	3
29983	Lev.26.43	Lev.26.30	2
29985	Lev.26.43	Lev.26.41	2
30045	Lev.27.3	Lev.27.25	4
30046	Lev.27.3	Lev.27.14	2
30070	Lev.27.13	Lev.27.19	4
30072	Lev.27.13	Lev.27.10	2
30073	Lev.27.13	Lev.27.15	4
30075	Lev.27.14	Lev.27.21	2
30078	Lev.27.15	Lev.27.13	3
30087	Lev.27.19	Lev.27.13	2
30094	Lev.27.21	Lev.27.28-Lev.27.29	2
30099	Lev.27.23	Lev.27.18	3
30100	Lev.27.23	Lev.27.12	2
30101	Lev.27.24	Lev.27.20	2
30105	Lev.27.25	Lev.27.3	2
30113	Lev.27.27	Lev.27.11	2
30123	Lev.27.28	Lev.27.21	5
30163	Lev.27.33	Lev.27.10	4
30190	Num.1.2	Num.1.22	3
30191	Num.1.2	Num.1.18	4
30207	Num.1.4	Num.1.16	4
30279	Num.1.16	Num.1.4	3
30287	Num.1.18	Num.1.1	3
30290	Num.1.19	Num.1.2	2
30417	Num.1.47	Num.1.50	2
30421	Num.1.47	Num.1.3	2
30439	Num.1.50	Num.1.53	2
30462	Num.1.53	Num.1.50	2
30493	Num.2.2	Num.2.3	2
30508	Num.2.2	Num.2.10	2
30559	Num.2.16	Num.2.24	2
30560	Num.2.16	Num.2.9	2
30562	Num.2.16	Num.2.31	2
30568	Num.2.17	Num.2.1	1
30596	Num.2.24	Num.2.9	2
30599	Num.2.24	Num.2.31	2
30600	Num.2.24	Num.2.16	2
30621	Num.2.31	Num.2.24	1
30622	Num.2.31	Num.2.9	1
30623	Num.2.31	Num.2.16	2
30628	Num.2.32	Num.2.9	2
30636	Num.2.34	Num.2.2	2
30678	Num.3.7	Num.3.32	2
30707	Num.3.10	Num.3.38	4
30716	Num.3.12	Num.3.41	4
30721	Num.3.12	Num.3.45	3
30737	Num.3.15	Num.3.34	2
30738	Num.3.15	Num.3.28	2
30740	Num.3.15	Num.3.39-Num.3.40	2
30744	Num.3.15	Num.3.22	2
30745	Num.3.15	Num.3.43	2
30749	Num.3.16	Num.3.51	2
30751	Num.3.16	Num.3.39	3
30772	Num.3.18	Num.3.21	2
30778	Num.3.19	Num.3.27	2
30790	Num.3.20	Num.3.33	2
30810	Num.3.25	Num.3.7	2
30824	Num.3.27	Num.3.19	2
30826	Num.3.28	Num.3.7	2
30828	Num.3.28	Num.3.31	2
30829	Num.3.29	Num.3.23	2
30849	Num.3.33	Num.3.20	2
30856	Num.3.35	Num.3.28-Num.3.29	2
30870	Num.3.38	Num.3.7-Num.3.8	2
30875	Num.3.38	Num.3.10	5
30876	Num.3.38	Num.3.29	2
30878	Num.3.38	Num.3.23	2
30879	Num.3.38	Num.3.35	2
30883	Num.3.40	Num.3.45	2
30889	Num.3.40	Num.3.15	4
30892	Num.3.40	Num.3.12	2
30896	Num.3.41	Num.3.12	5
30898	Num.3.41	Num.3.45	4
30903	Num.3.43	Num.3.39	2
30904	Num.3.45	Num.3.40-Num.3.41	2
30905	Num.3.45	Num.3.12	4
30909	Num.3.47	Num.3.50	2
30914	Num.3.50	Num.3.46-Num.3.47	4
30923	Num.3.51	Num.3.48	3
30934	Num.4.3	Num.4.30	2
30937	Num.4.3	Num.4.23	4
30943	Num.4.3	Num.4.35	2
30951	Num.4.4	Num.4.24	2
30953	Num.4.4	Num.4.30	2
30954	Num.4.4	Num.4.15	2
30955	Num.4.4	Num.4.19	4
30967	Num.4.5	Num.4.15	2
30973	Num.4.6	Num.4.11-Num.4.13	2
30976	Num.4.6	Num.4.7-Num.4.8	2
30980	Num.4.8	Num.4.6-Num.4.7	2
30981	Num.4.8	Num.4.9	2
30982	Num.4.8	Num.4.11-Num.4.13	2
30987	Num.4.10	Num.4.6	2
30988	Num.4.10	Num.4.12	2
30995	Num.4.12	Num.4.7	2
31000	Num.4.12	Num.4.9	2
31008	Num.4.13	Num.4.11-Num.4.12	2
31010	Num.4.13	Num.4.6-Num.4.9	2
31053	Num.4.19	Num.4.15	2
31057	Num.4.20	Num.4.19	4
31058	Num.4.20	Num.4.15	4
31071	Num.4.23	Num.4.3	5
31079	Num.4.24	Num.4.19	2
31080	Num.4.24	Num.4.31-Num.4.32	2
31081	Num.4.24	Num.4.27	2
31082	Num.4.24	Num.4.15	2
31083	Num.4.24	Num.4.47	2
31084	Num.4.24	Num.4.49	2
31093	Num.4.28	Num.4.33	3
31097	Num.4.30	Num.4.23	3
31098	Num.4.30	Num.4.3	3
31112	Num.4.33	Num.4.28	3
31114	Num.4.35	Num.4.47	2
31117	Num.4.35	Num.4.43	2
31118	Num.4.35	Num.4.3	2
31123	Num.4.35	Num.4.30	2
31124	Num.4.35	Num.4.39	2
31125	Num.4.35	Num.4.23	3
31132	Num.4.45	Num.4.29	2
31134	Num.4.47	Num.4.3	3
31135	Num.4.47	Num.4.23-Num.4.24	2
31136	Num.4.47	Num.4.37	2
31137	Num.4.47	Num.4.30	2
31139	Num.4.47	Num.4.15	2
31147	Num.4.49	Num.4.37	2
31150	Num.4.49	Num.4.41	2
31151	Num.4.49	Num.4.24	3
31154	Num.4.49	Num.4.31	3
31156	Num.4.49	Num.4.45	2
31159	Num.4.49	Num.4.21	3
31160	Num.4.49	Num.4.15	3
31215	Num.5.12	Num.5.19-Num.5.20	3
31223	Num.5.14	Num.5.30	3
31248	Num.5.18	Num.5.22	2
31253	Num.5.18	Num.5.15	2
31254	Num.5.18	Num.5.17	2
31259	Num.5.18	Num.5.24-Num.5.26	2
31262	Num.5.19	Num.5.12	2
31263	Num.5.20	Num.5.12	2
31276	Num.5.22	Num.5.27	3
31302	Num.5.25	Num.5.15	2
31304	Num.5.25	Num.5.18	2
31311	Num.5.27	Num.5.20	3
31327	Num.5.28	Num.5.19	2
31332	Num.5.29	Num.5.12	3
31334	Num.5.29	Num.5.19	5
31336	Num.5.29	Num.5.15	2
31347	Num.6.2	Num.6.5-Num.6.6	2
31371	Num.6.4	Num.6.5	3
31372	Num.6.4	Num.6.12-Num.6.13	2
31373	Num.6.4	Num.6.8-Num.6.9	2
31374	Num.6.4	Num.6.18-Num.6.19	2
31375	Num.6.4	Num.6.21	2
31398	Num.6.9	Num.6.18	4
31448	Num.6.18	Num.6.5	2
31451	Num.6.18	Num.6.9	4
31589	Num.7.1	Num.7.88	2
31590	Num.7.1	Num.7.84	4
31619	Num.7.10	Num.7.1	2
31748	Num.7.84	Num.7.10	4
31751	Num.7.84	Num.7.1	2
31756	Num.7.88	Num.7.1	5
31757	Num.7.88	Num.7.10	5
31758	Num.7.88	Num.7.84	2
31856	Num.8.12	Num.8.8	3
31869	Num.8.13	Num.8.21	3
31873	Num.8.13	Num.8.11	3
31879	Num.8.14	Num.8.17	2
31888	Num.8.15	Num.8.13	3
31892	Num.8.15	Num.8.11	4
31923	Num.8.21	Num.8.15	3
31924	Num.8.21	Num.8.7	6
31926	Num.8.21	Num.8.11-Num.8.13	3
31929	Num.8.22	Num.8.15	2
31970	Num.9.3	Num.9.11-Num.9.12	2
32002	Num.9.7	Num.9.2	2
32021	Num.9.10	Num.9.6-Num.9.7	2
32031	Num.9.11	Num.9.3	3
32039	Num.9.12	Num.9.3	2
32040	Num.9.13	Num.9.2-Num.9.3	2
32052	Num.9.13	Num.9.7	4
32089	Num.9.16	Num.9.18-Num.9.22	2
32107	Num.9.18	Num.9.20	2
32130	Num.9.22	Num.9.17	2
32133	Num.9.23	Num.9.19	4
32145	Num.10.2	Num.10.7	2
32154	Num.10.5	Num.10.14	3
32157	Num.10.5	Num.10.6-Num.10.7	2
32159	Num.10.6	Num.10.18	3
32162	Num.10.7	Num.10.3-Num.10.4	2
32205	Num.10.10	Num.10.9	4
32278	Num.10.21	Num.10.17	5
32316	Num.10.28	Num.10.35-Num.10.36	2
32362	Num.10.33	Num.10.12	2
32484	Num.11.10	Num.11.1	2
32499	Num.11.11	Num.11.15	2
32574	Num.11.17	Num.11.25	9
32577	Num.11.18	Num.11.4-Num.11.6	3
32579	Num.11.18	Num.11.1	3
32626	Num.11.24	Num.11.16	7
32627	Num.11.24	Num.11.26	3
32635	Num.11.25	Num.11.17	9
32910	Num.13.6	Num.13.30	4
32931	Num.13.8	Num.13.16	2
32947	Num.13.16	Num.13.8	4
32948	Num.13.17	Num.13.21-Num.13.22	1
32954	Num.13.17	Num.13.29	1
32968	Num.13.20	Num.13.30-Num.13.31	2
32974	Num.13.20	Num.13.23-Num.13.24	2
32985	Num.13.22	Num.13.33	2
32996	Num.13.22	Num.13.17	2
33001	Num.13.23	Num.13.24	4
33036	Num.13.28	Num.13.33	4
33038	Num.13.28	Num.13.22-Num.13.23	2
33074	Num.13.32	Num.13.28	1
33090	Num.13.33	Num.13.22	3
33106	Num.14.2	Num.14.27-Num.14.29	4
33112	Num.14.3	Num.14.31-Num.14.32	3
33148	Num.14.6	Num.14.38	3
33149	Num.14.6	Num.14.24	2
33151	Num.14.6	Num.14.30	4
33226	Num.14.11	Num.14.23	5
33235	Num.14.11	Num.14.27	4
33333	Num.14.22	Num.14.11	2
33362	Num.14.24	Num.14.6-Num.14.9	11
33375	Num.14.25	Num.14.4	2
33383	Num.14.27	Num.14.11	3
33386	Num.14.28	Num.14.21	10
33389	Num.14.28	Num.14.23	3
33390	Num.14.28	Num.14.2	4
33392	Num.14.29	Num.14.32-Num.14.33	2
33398	Num.14.30	Num.14.38	4
33406	Num.14.31	Num.14.3	2
33416	Num.14.32	Num.14.29	3
33448	Num.14.35	Num.14.27-Num.14.29	1
33458	Num.14.37	Num.14.12	4
33480	Num.14.41	Num.14.25	2
33486	Num.14.43	Num.14.25	3
33502	Num.14.45	Num.14.43	4
33507	Num.15.2	Num.15.18	4
33560	Num.15.6	Num.15.4	2
33579	Num.15.10	Num.15.5	3
33583	Num.15.15	Num.15.29	6
33594	Num.15.18	Num.15.2	4
33631	Num.15.24	Num.15.8-Num.15.10	3
33639	Num.15.26	Num.15.24	1
33649	Num.15.29	Num.15.15	4
33755	Num.16.3	Num.16.11	2
33767	Num.16.3	Num.16.7	3
33774	Num.16.4	Num.16.45	2
33787	Num.16.5	Num.16.3	4
33809	Num.16.6	Num.16.46-Num.16.48	2
33812	Num.16.7	Num.16.5	2
33814	Num.16.7	Num.16.3	6
33832	Num.16.9	Num.16.13	3
33845	Num.16.11	Num.16.3	3
33886	Num.16.15	Num.16.6-Num.16.7	2
33895	Num.16.16	Num.16.6-Num.16.7	2
33902	Num.16.19	Num.16.42	4
33906	Num.16.19	Num.16.1-Num.16.2	2
33908	Num.16.21	Num.16.45	4
33928	Num.16.22	Num.16.4	1
33933	Num.16.22	Num.16.45	3
33937	Num.16.24	Num.16.21	2
33945	Num.16.26	Num.16.21-Num.16.24	3
33981	Num.16.30	Num.16.33	4
33995	Num.16.32	Num.16.30	2
34005	Num.16.32	Num.16.17	2
34020	Num.16.35	Num.16.17	3
34024	Num.16.35	Num.16.2	3
34027	Num.16.37	Num.16.7	2
34028	Num.16.37	Num.16.18	2
34029	Num.16.38	Num.16.40	2
34072	Num.16.42	Num.16.19	5
34074	Num.16.45	Num.16.24	4
34077	Num.16.45	Num.16.21-Num.16.22	4
34078	Num.16.45	Num.16.26	2
34100	Num.16.47	Num.16.46	2
34109	Num.16.48	Num.16.35	2
34116	Num.16.48	Num.16.18	2
34119	Num.16.49	Num.16.32-Num.16.35	3
34124	Num.16.50	Num.16.43	2
34148	Num.17.4	Num.17.7	2
34153	Num.17.5	Num.17.10	2
34158	Num.17.5	Num.17.8	3
34169	Num.17.8	Num.17.5	5
34221	Num.18.1	Num.18.22-Num.18.23	2
34229	Num.18.2	Num.18.4	2
34241	Num.18.3	Num.18.7	2
34288	Num.18.7	Num.18.4-Num.18.5	3
34290	Num.18.7	Num.18.20	3
34313	Num.18.8	Num.18.9	2
34338	Num.18.11	Num.18.8	2
34380	Num.18.19	Num.18.8	2
34385	Num.18.19	Num.18.11	4
34398	Num.18.20	Num.18.23-Num.18.24	7
34405	Num.18.21	Num.18.6	4
34412	Num.18.21	Num.18.24-Num.18.26	2
34421	Num.18.22	Num.18.7	2
34427	Num.18.23	Num.18.1	2
34429	Num.18.23	Num.18.20	2
34430	Num.18.24	Num.18.26	3
34432	Num.18.26	Num.18.21	4
34434	Num.18.27	Num.18.30	4
34449	Num.18.30	Num.18.27-Num.18.28	2
34458	Num.18.32	Num.18.22	2
34480	Num.19.2	Num.19.6	2
34509	Num.19.7	Num.19.8	2
34511	Num.19.7	Num.19.19	2
34517	Num.19.9	Num.19.13	5
34518	Num.19.9	Num.19.18	2
34529	Num.19.9	Num.19.20-Num.19.21	4
34530	Num.19.10	Num.19.19	2
34534	Num.19.10	Num.19.7-Num.19.8	2
34548	Num.19.11	Num.19.16	5
34558	Num.19.12	Num.19.17-Num.19.19	2
34568	Num.19.13	Num.19.20	2
34575	Num.19.13	Num.19.18	2
34578	Num.19.13	Num.19.9	3
34587	Num.19.16	Num.19.11	4
34591	Num.19.17	Num.19.9	3
34601	Num.19.18	Num.19.9	4
34606	Num.19.19	Num.19.12	4
34617	Num.19.20	Num.19.13	4
34637	Num.20.1	Num.20.16	2
34703	Num.20.8	Num.20.11	3
34761	Num.20.11	Num.20.8	5
34775	Num.20.12	Num.20.24	8
34837	Num.20.20	Num.20.18	2
34849	Num.20.22	Num.20.14	3
34850	Num.20.22	Num.20.16	2
34854	Num.20.22	Num.20.1	3
34858	Num.20.24	Num.20.10-Num.20.12	3
34872	Num.20.26	Num.20.24	3
34883	Num.20.28	Num.20.26	2
35005	Num.21.13	Num.21.14	2
35012	Num.21.15	Num.21.28	5
35075	Num.21.24	Num.21.13	2
35088	Num.21.25	Num.21.31	2
35096	Num.21.27	Num.21.14	2
35108	Num.21.28	Num.21.15	5
35171	Num.21.34	Num.21.24-Num.21.25	3
35207	Num.22.4	Num.22.7	2
35209	Num.22.4	Num.22.2	2
35226	Num.22.6	Num.22.12	2
35241	Num.22.6	Num.22.17	2
35254	Num.22.8	Num.22.19-Num.22.20	2
35262	Num.22.9	Num.22.20	4
35272	Num.22.12	Num.22.19-Num.22.20	6
35289	Num.22.13	Num.22.14	2
35291	Num.22.14	Num.22.37	2
35292	Num.22.14	Num.22.13	2
35293	Num.22.15	Num.22.7-Num.22.8	2
35295	Num.22.17	Num.22.37	2
35305	Num.22.17	Num.22.6	2
35309	Num.22.18	Num.22.38	3
35317	Num.22.19	Num.22.7-Num.22.8	2
35330	Num.22.20	Num.22.35	6
35336	Num.22.22	Num.22.35	2
35339	Num.22.22	Num.22.32	5
35382	Num.22.32	Num.22.35	2
35389	Num.22.32	Num.22.20	2
35391	Num.22.32	Num.22.28	2
35395	Num.22.32	Num.22.22	4
35416	Num.22.34	Num.22.12	2
35418	Num.22.35	Num.22.20-Num.22.21	2
35434	Num.22.37	Num.22.16-Num.22.17	2
35441	Num.22.38	Num.22.18	4
35473	Num.23.1	Num.23.29	4
35478	Num.23.2	Num.23.30	4
35479	Num.23.2	Num.23.14	4
35484	Num.23.3	Num.23.15	5
35495	Num.23.4	Num.23.16	5
35497	Num.23.4	Num.23.1	2
35509	Num.23.5	Num.23.16	3
35537	Num.23.7	Num.23.18	5
35541	Num.23.8	Num.23.20	9
35544	Num.23.8	Num.23.23	11
35580	Num.23.11	Num.23.7-Num.23.8	4
35583	Num.23.12	Num.23.26	3
35586	Num.23.12	Num.23.20	3
35599	Num.23.14	Num.23.1-Num.23.2	2
35601	Num.23.14	Num.23.29	2
35608	Num.23.15	Num.23.3	3
35609	Num.23.16	Num.23.5	3
35612	Num.23.17	Num.23.26	2
35733	Num.23.26	Num.23.12-Num.23.13	2
35741	Num.23.27	Num.23.13	3
35742	Num.23.27	Num.23.19-Num.23.20	3
35746	Num.23.29	Num.23.1-Num.23.2	2
35769	Num.24.2	Num.24.5	2
35776	Num.24.3	Num.24.16	4
35777	Num.24.3	Num.24.4	3
35890	Num.24.14	Num.24.17	2
35896	Num.24.15	Num.24.3-Num.24.4	3
35903	Num.24.16	Num.24.4	3
35986	Num.24.24	Num.24.20	3
36005	Num.24.25	Num.24.11	2
36038	Num.25.3	Num.25.5	2
36044	Num.25.4	Num.25.14-Num.25.15	2
36051	Num.25.4	Num.25.11	3
36053	Num.25.4	Num.25.18	2
36068	Num.25.6	Num.25.14-Num.25.15	2
36097	Num.25.8	Num.25.5	2
36098	Num.25.8	Num.25.11	2
36103	Num.25.9	Num.25.4-Num.25.5	4
36159	Num.25.14	Num.25.4-Num.25.5	2
36165	Num.25.15	Num.25.18	2
36189	Num.26.3	Num.26.63	3
36198	Num.26.7	Num.26.1	2
36200	Num.26.7	Num.26.21	2
36353	Num.26.55	Num.26.56	2
36399	Num.26.63	Num.26.3	2
36529	Num.27.18	Num.27.23	9
36567	Num.27.21	Num.27.17	2
36576	Num.27.23	Num.27.19	3
36640	Num.28.7	Num.28.14	2
36641	Num.28.7	Num.28.31	2
36654	Num.28.10	Num.28.3	2
36662	Num.28.10	Num.28.23	2
36679	Num.28.11	Num.28.19	3
36690	Num.28.15	Num.28.22	3
36693	Num.28.15	Num.28.10-Num.28.11	2
36697	Num.28.15	Num.28.3	4
36718	Num.28.19	Num.28.31	3
36726	Num.28.23	Num.28.10	2
36727	Num.28.23	Num.28.3	3
36731	Num.28.25	Num.28.18	3
36736	Num.28.25	Num.28.26	2
36741	Num.28.26	Num.28.18	2
36750	Num.28.27	Num.28.11	2
36751	Num.28.27	Num.28.19	2
36754	Num.28.30	Num.28.15	3
36758	Num.28.30	Num.28.22	3
36759	Num.28.31	Num.28.19	4
36760	Num.28.31	Num.28.3	2
36774	Num.29.2	Num.29.36	2
36776	Num.29.2	Num.29.8	2
36790	Num.29.6	Num.29.18	2
36791	Num.29.6	Num.29.21	2
36809	Num.29.8	Num.29.13	3
36810	Num.29.8	Num.29.2	2
36816	Num.29.11	Num.29.6	2
36832	Num.29.13	Num.29.8	2
36838	Num.29.13	Num.29.2	2
36840	Num.29.17	Num.29.13	2
36853	Num.29.18	Num.29.6	2
36854	Num.29.18	Num.29.3-Num.29.4	2
36858	Num.29.18	Num.29.9-Num.29.10	2
36859	Num.29.19	Num.29.22	2
36860	Num.29.19	Num.29.11	2
36861	Num.29.19	Num.29.25	2
36868	Num.29.25	Num.29.11	2
36922	Num.30.2	Num.30.10	2
36926	Num.30.2	Num.30.3-Num.30.4	4
36953	Num.30.12	Num.30.5	2
36954	Num.30.12	Num.30.8	3
36970	Num.30.15	Num.30.12	2
36971	Num.30.15	Num.30.5	2
36972	Num.30.15	Num.30.8	2
36991	Num.31.2	Num.31.3	2
37053	Num.31.9	Num.31.15-Num.31.16	2
37066	Num.31.13	Num.31.12	2
37070	Num.31.13	Num.31.22-Num.31.24	2
37074	Num.31.14	Num.31.48	2
37143	Num.31.28	Num.31.30	3
37154	Num.31.28	Num.31.47	3
37159	Num.31.30	Num.31.28	2
37180	Num.31.41	Num.31.29-Num.31.31	2
37189	Num.31.47	Num.31.30	3
37203	Num.31.53	Num.31.32	2
37215	Num.32.1	Num.32.3	3
37220	Num.32.1	Num.32.35	3
37229	Num.32.1	Num.32.26	2
37236	Num.32.3	Num.32.1	2
37241	Num.32.3	Num.32.34-Num.32.38	3
37266	Num.32.7	Num.32.9	2
37332	Num.32.17	Num.32.29-Num.32.32	2
37343	Num.32.19	Num.32.32-Num.32.33	2
37380	Num.32.24	Num.32.16	3
37387	Num.32.27	Num.32.17	2
37395	Num.32.33	Num.32.1	2
37412	Num.32.34	Num.32.3	4
37414	Num.32.35	Num.32.1	3
37415	Num.32.35	Num.32.3	3
37416	Num.32.36	Num.32.3	3
37417	Num.32.37	Num.32.3	3
37424	Num.32.38	Num.32.3	4
37470	Num.33.7	Num.33.8	3
37533	Num.33.50	Num.33.48-Num.33.49	2
37609	Num.34.4	Num.34.3	2
37615	Num.34.5	Num.34.6-Num.34.7	2
37627	Num.34.7	Num.34.6	2
37629	Num.34.7	Num.34.3	2
37630	Num.34.7	Num.34.9-Num.34.10	2
37650	Num.34.12	Num.34.3	4
37655	Num.34.13	Num.34.1	2
37678	Num.34.29	Num.34.18	2
37701	Num.35.6	Num.35.13-Num.35.14	2
37729	Num.35.11	Num.35.6	4
37732	Num.35.11	Num.35.22-Num.35.25	3
37735	Num.35.12	Num.35.19	2
37737	Num.35.12	Num.35.24-Num.35.27	2
37748	Num.35.16	Num.35.22-Num.35.24	2
37753	Num.35.16	Num.35.30-Num.35.33	2
37755	Num.35.19	Num.35.24	2
37756	Num.35.19	Num.35.21	3
37758	Num.35.19	Num.35.27	2
37762	Num.35.19	Num.35.12	2
37791	Num.35.22	Num.35.11	4
37796	Num.35.24	Num.35.12	4
37801	Num.35.25	Num.35.28	2
37832	Num.35.30	Num.35.16	2
37893	Num.36.6	Num.36.12	6
37895	Num.36.7	Num.36.9	2
37941	Deut.1.2	Deut.1.44	2
38011	Deut.1.12	Deut.1.9	3
38091	Deut.1.19	Deut.1.2	6
38096	Deut.1.20	Deut.1.7-Deut.1.8	3
38274	Deut.2.3	Deut.2.14	6
38295	Deut.2.6	Deut.2.28-Deut.2.29	4
38321	Deut.2.9	Deut.2.5	2
38327	Deut.2.9	Deut.2.29	2
38329	Deut.2.9	Deut.2.18-Deut.2.19	2
38332	Deut.2.10	Deut.2.11	2
38345	Deut.2.12	Deut.2.22	7
38378	Deut.2.19	Deut.2.9	6
38379	Deut.2.19	Deut.2.5	2
38384	Deut.2.21	Deut.2.10-Deut.2.11	2
38385	Deut.2.21	Deut.2.22	2
38392	Deut.2.22	Deut.2.12	3
38405	Deut.2.24	Deut.2.36	2
38434	Deut.2.27	Deut.2.6	2
38442	Deut.2.29	Deut.2.9	2
38456	Deut.2.31	Deut.2.24	2
38500	Deut.2.37	Deut.2.5	2
38502	Deut.2.37	Deut.2.9	2
38504	Deut.2.37	Deut.2.19	4
38526	Deut.3.2	Deut.3.11	2
38546	Deut.3.6	Deut.3.2	2
38710	Deut.4.1	Deut.4.45	4
38724	Deut.4.1	Deut.4.8	4
38762	Deut.4.5	Deut.4.1	7
38816	Deut.4.9	Deut.4.15	21
38819	Deut.4.9	Deut.4.23	24
38861	Deut.4.12	Deut.4.33	4
38864	Deut.4.12	Deut.4.36	4
38869	Deut.4.12	Deut.4.15	6
38887	Deut.4.15	Deut.4.23	2
38888	Deut.4.15	Deut.4.12	5
38889	Deut.4.15	Deut.4.9	3
38905	Deut.4.16	Deut.4.8-Deut.4.9	2
38906	Deut.4.16	Deut.4.23	4
38908	Deut.4.16	Deut.4.25	2
38973	Deut.4.23	Deut.4.9	5
38976	Deut.4.23	Deut.4.15-Deut.4.16	2
39002	Deut.4.25	Deut.4.16	5
39129	Deut.4.33	Deut.4.24-Deut.4.26	2
39157	Deut.4.35	Deut.4.39	9
39176	Deut.4.36	Deut.4.33	4
39197	Deut.4.37	Deut.4.34	2
39209	Deut.4.39	Deut.4.35	12
39224	Deut.4.40	Deut.4.6	5
39226	Deut.4.40	Deut.4.1	5
39272	Deut.4.45	Deut.4.1	2
39277	Deut.4.46	Deut.4.47	2
39318	Deut.5.4	Deut.5.24-Deut.5.26	4
39322	Deut.5.5	Deut.5.27	3
39387	Deut.5.15	Deut.5.6	30
39441	Deut.5.22	Deut.5.4	4
39449	Deut.5.24	Deut.5.4-Deut.5.5	3
39486	Deut.5.29	Deut.5.16	7
39510	Deut.5.31	Deut.5.1	2
39541	Deut.5.33	Deut.5.29	3
39553	Deut.6.2	Deut.6.7	3
39639	Deut.6.7	Deut.6.2	14
39692	Deut.6.13	Deut.6.2	4
39741	Deut.6.17	Deut.6.1-Deut.6.2	2
39774	Deut.6.20	Deut.6.7	1
39800	Deut.6.23	Deut.6.18	7
39803	Deut.6.23	Deut.6.10	4
39868	Deut.7.2	Deut.7.23-Deut.7.24	2
39905	Deut.7.5	Deut.7.25	3
39985	Deut.7.10	Deut.7.9	3
40006	Deut.7.12	Deut.7.9	9
40019	Deut.7.13	Deut.7.7	2
40051	Deut.7.16	Deut.7.2	7
40138	Deut.7.25	Deut.7.5	3
40142	Deut.7.25	Deut.7.16	3
40182	Deut.8.2	Deut.8.16	16
40297	Deut.8.14	Deut.8.11	4
40317	Deut.8.16	Deut.8.3	7
40391	Deut.9.3	Deut.9.6	3
40409	Deut.9.4	Deut.9.5	5
40437	Deut.9.6	Deut.9.3-Deut.9.4	2
40440	Deut.9.6	Deut.9.13	5
40479	Deut.9.9	Deut.9.18	3
40480	Deut.9.9	Deut.9.15	2
40498	Deut.9.11	Deut.9.9	3
40504	Deut.9.12	Deut.9.16	2
40514	Deut.9.13	Deut.9.6	6
40548	Deut.9.18	Deut.9.9	5
40559	Deut.9.19	Deut.9.8	2
40587	Deut.9.24	Deut.9.6-Deut.9.7	3
40588	Deut.9.25	Deut.9.16	4
40589	Deut.9.25	Deut.9.18	7
40603	Deut.9.26	Deut.9.29	2
40638	Deut.9.29	Deut.9.26	5
40641	Deut.10.1	Deut.10.3-Deut.10.4	2
40650	Deut.10.2	Deut.10.5	2
40655	Deut.10.3	Deut.10.1	2
40667	Deut.10.5	Deut.10.2	4
40959	Deut.11.13	Deut.11.8	4
40960	Deut.11.13	Deut.11.22	2
41056	Deut.11.22	Deut.11.13	6
41129	Deut.12.1	Deut.12.19	2
41166	Deut.12.4	Deut.12.30-Deut.12.31	4
41177	Deut.12.5	Deut.12.13	7
41190	Deut.12.5	Deut.12.11	17
41205	Deut.12.6	Deut.12.17	2
41213	Deut.12.7	Deut.12.18	7
41218	Deut.12.7	Deut.12.12	5
41254	Deut.12.11	Deut.12.18	2
41257	Deut.12.11	Deut.12.14	2
41259	Deut.12.11	Deut.12.26	2
41263	Deut.12.11	Deut.12.21	2
41267	Deut.12.11	Deut.12.5	5
41273	Deut.12.12	Deut.12.7	7
41274	Deut.12.12	Deut.12.19	5
41299	Deut.12.13	Deut.12.6	3
41303	Deut.12.14	Deut.12.11	3
41306	Deut.12.14	Deut.12.5	3
41311	Deut.12.15	Deut.12.20-Deut.12.23	3
41313	Deut.12.16	Deut.12.23-Deut.12.24	3
41319	Deut.12.17	Deut.12.6	3
41321	Deut.12.17	Deut.12.26	2
41323	Deut.12.17	Deut.12.11	2
41328	Deut.12.18	Deut.12.7	7
41329	Deut.12.18	Deut.12.19	2
41334	Deut.12.18	Deut.12.5	3
41335	Deut.12.18	Deut.12.11-Deut.12.12	2
41347	Deut.12.20	Deut.12.15	3
41374	Deut.12.21	Deut.12.11	2
41379	Deut.12.21	Deut.12.5	3
41380	Deut.12.21	Deut.12.15	2
41381	Deut.12.22	Deut.12.15-Deut.12.16	4
41382	Deut.12.23	Deut.12.16	6
41389	Deut.12.24	Deut.12.16	2
41396	Deut.12.25	Deut.12.28	2
41403	Deut.12.26	Deut.12.17-Deut.12.18	2
41406	Deut.12.26	Deut.12.11	2
41409	Deut.12.26	Deut.12.21	2
41410	Deut.12.26	Deut.12.6	2
41420	Deut.12.28	Deut.12.25	3
41459	Deut.12.31	Deut.12.4	4
41495	Deut.13.2	Deut.13.6	3
41499	Deut.13.2	Deut.13.13	2
41539	Deut.13.5	Deut.13.10	3
41618	Deut.13.13	Deut.13.6	4
41620	Deut.13.13	Deut.13.2	4
41713	Deut.14.2	Deut.14.21	2
41758	Deut.14.21	Deut.14.2	4
41796	Deut.14.27	Deut.14.29	9
41801	Deut.14.28	Deut.14.22	3
41803	Deut.14.29	Deut.14.27	6
41873	Deut.15.7	Deut.15.9	6
41895	Deut.15.9	Deut.15.1	2
41907	Deut.15.10	Deut.15.4	3
41923	Deut.15.11	Deut.15.8	8
41935	Deut.15.12	Deut.15.1	3
42048	Deut.16.5	Deut.16.2	3
42058	Deut.16.7	Deut.16.6	2
42065	Deut.16.7	Deut.16.2	2
42076	Deut.16.9	Deut.16.16	3
42077	Deut.16.9	Deut.16.10	3
42096	Deut.16.10	Deut.16.16-Deut.16.17	2
42100	Deut.16.11	Deut.16.14	3
42113	Deut.16.12	Deut.16.15	2
42130	Deut.16.14	Deut.16.11	3
42137	Deut.16.15	Deut.16.10	3
42161	Deut.16.17	Deut.16.10	5
42243	Deut.17.2	Deut.17.5	3
42288	Deut.17.7	Deut.17.12	4
42316	Deut.17.11	Deut.17.20	2
42329	Deut.17.12	Deut.17.7	3
42444	Deut.17.20	Deut.17.11	2
42553	Deut.18.14	Deut.18.10	2
42573	Deut.18.15	Deut.18.18-Deut.18.19	16
42592	Deut.18.18	Deut.18.15	23
42633	Deut.18.22	Deut.18.20	13
42660	Deut.19.4	Deut.19.6	2
42691	Deut.19.10	Deut.19.13	2
42753	Deut.19.19	Deut.19.20	2
42766	Deut.19.21	Deut.19.13	5
43063	Deut.21.19	Deut.21.2	2
43109	Deut.22.1	Deut.22.3-Deut.22.4	3
43180	Deut.22.14	Deut.22.19	2
43187	Deut.22.19	Deut.22.29	4
43198	Deut.22.21	Deut.22.22	2
43203	Deut.22.21	Deut.22.24	2
43220	Deut.22.24	Deut.22.21-Deut.22.22	3
43227	Deut.22.29	Deut.22.19	6
43228	Deut.22.29	Deut.22.24	4
43239	Deut.23.1	Deut.23.8	3
43242	Deut.23.1	Deut.23.2-Deut.23.3	4
43309	Deut.23.8	Deut.23.1-Deut.23.3	3
43373	Deut.23.18	Deut.23.21	1
43410	Deut.23.21	Deut.23.18	4
43440	Deut.24.1	Deut.24.3	3
43500	Deut.24.12	Deut.24.17	4
43510	Deut.24.13	Deut.24.15	3
43557	Deut.24.17	Deut.24.13	2
43561	Deut.24.17	Deut.24.6	2
43592	Deut.24.18	Deut.24.22	3
43600	Deut.24.19	Deut.24.20-Deut.24.21	4
43617	Deut.24.21	Deut.24.19	2
43622	Deut.24.22	Deut.24.18	4
43876	Deut.26.10	Deut.26.2	2
43880	Deut.26.10	Deut.26.17	2
43881	Deut.26.10	Deut.26.4	2
43923	Deut.26.13	Deut.26.12	2
43937	Deut.26.15	Deut.26.7	2
44023	Deut.27.2	Deut.27.3	2
44099	Deut.27.13	Deut.27.4	3
44218	Deut.27.26	Deut.27.15	2
44251	Deut.28.2	Deut.28.15	13
44254	Deut.28.2	Deut.28.45	7
44271	Deut.28.4	Deut.28.11	9
44282	Deut.28.7	Deut.28.25	13
44350	Deut.28.11	Deut.28.4	11
44352	Deut.28.12	Deut.28.44	6
44365	Deut.28.13	Deut.28.1	28
44380	Deut.28.15	Deut.28.2	9
44411	Deut.28.16	Deut.28.55	2
44419	Deut.28.17	Deut.28.5	3
44429	Deut.28.18	Deut.28.16	3
44432	Deut.28.18	Deut.28.4	3
44437	Deut.28.19	Deut.28.6	3
44479	Deut.28.24	Deut.28.12	4
44481	Deut.28.25	Deut.28.7	5
44505	Deut.28.27	Deut.28.60-Deut.28.61	3
44507	Deut.28.27	Deut.28.35	4
44559	Deut.28.32	Deut.28.41	6
44566	Deut.28.32	Deut.28.18	2
44575	Deut.28.32	Deut.28.65	2
44579	Deut.28.33	Deut.28.51	2
44581	Deut.28.33	Deut.28.29-Deut.28.30	2
44587	Deut.28.34	Deut.28.28	3
44589	Deut.28.34	Deut.28.68	3
44594	Deut.28.35	Deut.28.27	5
44601	Deut.28.36	Deut.28.64	3
44618	Deut.28.37	Deut.28.28	2
44644	Deut.28.41	Deut.28.32	4
44647	Deut.28.42	Deut.28.38-Deut.28.39	1
44662	Deut.28.43	Deut.28.13	4
44663	Deut.28.44	Deut.28.12-Deut.28.13	5
44667	Deut.28.45	Deut.28.15	7
44670	Deut.28.45	Deut.28.5	2
44684	Deut.28.46	Deut.28.37	4
44690	Deut.28.46	Deut.28.59	2
44740	Deut.28.51	Deut.28.33	4
44768	Deut.28.53	Deut.28.57	6
44774	Deut.28.53	Deut.28.18	2
44776	Deut.28.53	Deut.28.55	4
44794	Deut.28.56	Deut.28.54	4
44814	Deut.28.58	Deut.28.15	2
44818	Deut.28.59	Deut.28.46	2
44831	Deut.28.60	Deut.28.27	1
44875	Deut.28.64	Deut.28.36	9
44895	Deut.28.66	Deut.28.67	2
44897	Deut.28.67	Deut.28.34	6
44911	Deut.29.1	Deut.29.21	2
44923	Deut.29.1	Deut.29.12	2
44925	Deut.29.1	Deut.29.25	2
44976	Deut.29.9	Deut.29.1	6
45010	Deut.29.12	Deut.29.14	2
45049	Deut.29.19	Deut.29.12	4
45150	Deut.29.27	Deut.29.20-Deut.29.21	2
45195	Deut.30.1	Deut.30.15	8
45206	Deut.30.1	Deut.30.19	7
45304	Deut.30.8	Deut.30.2	2
45329	Deut.30.10	Deut.30.2	2
45333	Deut.30.10	Deut.30.8	3
45370	Deut.30.15	Deut.30.19	13
45375	Deut.30.15	Deut.30.1	9
45383	Deut.30.16	Deut.30.6	13
45406	Deut.30.19	Deut.30.1	19
45414	Deut.30.19	Deut.30.15	45
45429	Deut.30.20	Deut.30.16	4
45433	Deut.30.20	Deut.30.6	3
45467	Deut.31.3	Deut.31.14	3
45468	Deut.31.3	Deut.31.7-Deut.31.8	3
45479	Deut.31.3	Deut.31.23	6
45516	Deut.31.6	Deut.31.23	37
45519	Deut.31.6	Deut.31.7	23
45523	Deut.31.7	Deut.31.6	9
45524	Deut.31.7	Deut.31.3	2
45529	Deut.31.7	Deut.31.23	4
45538	Deut.31.8	Deut.31.3	27
45539	Deut.31.8	Deut.31.6	75
45558	Deut.31.9	Deut.31.28	2
45560	Deut.31.9	Deut.31.22-Deut.31.26	2
45598	Deut.31.14	Deut.31.2	2
45607	Deut.31.14	Deut.31.23	4
45666	Deut.31.18	Deut.31.16-Deut.31.17	4
45673	Deut.31.19	Deut.31.26	4
45676	Deut.31.19	Deut.31.21-Deut.31.22	5
45691	Deut.31.20	Deut.31.16-Deut.31.17	3
45710	Deut.31.22	Deut.31.9	2
45711	Deut.31.22	Deut.31.19	4
45714	Deut.31.23	Deut.31.3	2
45716	Deut.31.23	Deut.31.7-Deut.31.8	4
45717	Deut.31.23	Deut.31.14	4
45719	Deut.31.24	Deut.31.9	3
45720	Deut.31.25	Deut.31.9	2
45722	Deut.31.26	Deut.31.19	4
45744	Deut.31.28	Deut.31.12	2
45833	Deut.32.4	Deut.32.15	4
45840	Deut.32.4	Deut.32.30-Deut.32.31	10
45847	Deut.32.4	Deut.32.18	4
45884	Deut.32.6	Deut.32.15	3
45901	Deut.32.6	Deut.32.18	3
45991	Deut.32.12	Deut.32.39	2
46028	Deut.32.15	Deut.32.4	4
46039	Deut.32.15	Deut.32.6	4
46051	Deut.32.17	Deut.32.21	3
46064	Deut.32.18	Deut.32.4	4
46066	Deut.32.18	Deut.32.15	3
46101	Deut.32.20	Deut.32.5	4
46121	Deut.32.21	Deut.32.16	10
46234	Deut.32.28	Deut.32.6	4
46310	Deut.32.35	Deut.32.43	7
46379	Deut.32.41	Deut.32.35	2
46400	Deut.32.42	Deut.32.23	5
46405	Deut.32.43	Deut.32.35	4
46484	Deut.32.52	Deut.32.49	3
46682	Deut.33.12	Deut.33.27-Deut.33.29	2
46899	Deut.33.28	Deut.33.13	3
46929	Deut.34.1	Deut.34.4	2
47040	Josh.1.2	Josh.1.1	3
47045	Josh.1.2	Josh.1.11	3
47066	Josh.1.5	Josh.1.9	44
47068	Josh.1.5	Josh.1.17	21
47079	Josh.1.6	Josh.1.7	16
47083	Josh.1.6	Josh.1.9	16
47097	Josh.1.7	Josh.1.1	3
47103	Josh.1.7	Josh.1.8	18
47138	Josh.1.8	Josh.1.7	70
47149	Josh.1.9	Josh.1.6-Josh.1.7	160
47182	Josh.1.17	Josh.1.9	2
47184	Josh.1.17	Josh.1.5	6
47197	Josh.1.18	Josh.1.6-Josh.1.7	2
47198	Josh.1.18	Josh.1.9	4
47242	Josh.2.5	Josh.2.7	1
47253	Josh.2.6	Josh.2.8	3
47263	Josh.2.7	Josh.2.5	2
47269	Josh.2.9	Josh.2.11	4
47320	Josh.2.12	Josh.2.13	3
47328	Josh.2.12	Josh.2.18	5
47349	Josh.2.16	Josh.2.22	2
47358	Josh.2.17	Josh.2.20	2
47364	Josh.2.18	Josh.2.21	6
47366	Josh.2.18	Josh.2.12-Josh.2.13	5
47389	Josh.2.19	Josh.2.14	2
47398	Josh.2.21	Josh.2.18	3
47405	Josh.2.24	Josh.2.9-Josh.2.11	2
47428	Josh.3.3	Josh.3.14-Josh.3.17	2
47429	Josh.3.3	Josh.3.8	3
47432	Josh.3.3	Josh.3.6	2
47453	Josh.3.5	Josh.3.15	1
47456	Josh.3.5	Josh.3.13	3
47462	Josh.3.6	Josh.3.3	2
47478	Josh.3.8	Josh.3.17	4
47483	Josh.3.8	Josh.3.3	4
47521	Josh.3.11	Josh.3.3-Josh.3.6	2
47529	Josh.3.11	Josh.3.13	3
47535	Josh.3.13	Josh.3.11	3
47540	Josh.3.13	Josh.3.15-Josh.3.16	3
47543	Josh.3.14	Josh.3.3	2
47544	Josh.3.14	Josh.3.6	2
47560	Josh.3.15	Josh.3.13	4
47562	Josh.3.16	Josh.3.13	6
47593	Josh.4.3	Josh.4.8	4
47601	Josh.4.3	Josh.4.19-Josh.4.20	6
47602	Josh.4.4	Josh.4.2	2
47618	Josh.4.6	Josh.4.21	9
47627	Josh.4.7	Josh.4.6	2
47631	Josh.4.8	Josh.4.20	2
47633	Josh.4.8	Josh.4.2-Josh.4.5	2
47662	Josh.4.11	Josh.4.18	2
47701	Josh.4.20	Josh.4.3	6
47702	Josh.4.20	Josh.4.8	6
47703	Josh.4.21	Josh.4.6	5
47911	Josh.6.3	Josh.6.14	1
47913	Josh.6.3	Josh.6.7	2
47944	Josh.6.5	Josh.6.16	5
47956	Josh.6.5	Josh.6.20	4
47957	Josh.6.6	Josh.6.13	2
47963	Josh.6.6	Josh.6.8	2
47966	Josh.6.7	Josh.6.3	3
47968	Josh.6.8	Josh.6.3-Josh.6.4	2
47972	Josh.6.9	Josh.6.13	5
47984	Josh.6.12	Josh.6.6-Josh.6.8	3
47990	Josh.6.14	Josh.6.11	2
47991	Josh.6.14	Josh.6.15	2
47992	Josh.6.14	Josh.6.3	2
47998	Josh.6.16	Josh.6.5	4
48015	Josh.6.17	Josh.6.22-Josh.6.23	2
48062	Josh.6.20	Josh.6.5	8
48082	Josh.6.22	Josh.6.17	3
48104	Josh.6.24	Josh.6.19	2
48150	Josh.7.1	Josh.7.20-Josh.7.21	6
48259	Josh.7.11	Josh.7.20-Josh.7.21	3
48262	Josh.7.11	Josh.7.1	2
48285	Josh.7.13	Josh.7.11	3
48291	Josh.7.14	Josh.7.17-Josh.7.18	3
48299	Josh.7.15	Josh.7.25-Josh.7.26	3
48300	Josh.7.15	Josh.7.11	2
48378	Josh.7.24	Josh.7.1	2
48381	Josh.7.24	Josh.7.26	3
48394	Josh.7.25	Josh.7.15	2
48398	Josh.7.25	Josh.7.11-Josh.7.13	3
48421	Josh.7.26	Josh.7.24	3
48447	Josh.8.2	Josh.8.14	2
48451	Josh.8.2	Josh.8.9	2
48453	Josh.8.2	Josh.8.27-Josh.8.29	2
48455	Josh.8.2	Josh.8.19	2
48457	Josh.8.2	Josh.8.7	2
48459	Josh.8.2	Josh.8.12	2
48460	Josh.8.2	Josh.8.24	2
48474	Josh.8.4	Josh.8.16	2
48490	Josh.8.7	Josh.8.1	3
48497	Josh.8.8	Josh.8.28	2
48499	Josh.8.9	Josh.8.12	2
48509	Josh.8.12	Josh.8.2-Josh.8.3	2
48510	Josh.8.13	Josh.8.12	2
48511	Josh.8.13	Josh.8.8	2
48520	Josh.8.14	Josh.8.16	2
48523	Josh.8.14	Josh.8.5	2
48528	Josh.8.16	Josh.8.5-Josh.8.6	2
48535	Josh.8.17	Josh.8.24-Josh.8.25	2
48536	Josh.8.17	Josh.8.3	2
48542	Josh.8.18	Josh.8.26	5
48547	Josh.8.18	Josh.8.7	2
48569	Josh.8.23	Josh.8.29	2
48575	Josh.8.26	Josh.8.18	3
48577	Josh.8.27	Josh.8.2	5
48611	Josh.8.31	Josh.8.34-Josh.8.35	2
48631	Josh.8.33	Josh.8.30-Josh.8.32	3
48704	Josh.9.3	Josh.9.17	4
48715	Josh.9.5	Josh.9.13	2
48718	Josh.9.6	Josh.9.9	2
48733	Josh.9.7	Josh.9.1	2
48738	Josh.9.8	Josh.9.27	2
48739	Josh.9.8	Josh.9.23	2
48740	Josh.9.8	Josh.9.11	3
48742	Josh.9.8	Josh.9.25	2
48749	Josh.9.9	Josh.9.24	4
48768	Josh.9.11	Josh.9.8	4
48769	Josh.9.12	Josh.9.4-Josh.9.5	2
48811	Josh.9.19	Josh.9.20	2
48822	Josh.9.21	Josh.9.27	3
48823	Josh.9.21	Josh.9.15	2
48824	Josh.9.21	Josh.9.23	3
48828	Josh.9.22	Josh.9.6	4
48831	Josh.9.22	Josh.9.9-Josh.9.10	2
48834	Josh.9.22	Josh.9.16	3
48836	Josh.9.23	Josh.9.21	5
48838	Josh.9.23	Josh.9.27	3
48845	Josh.9.24	Josh.9.9	2
48885	Josh.10.3	Josh.10.1	2
48886	Josh.10.3	Josh.10.5	2
48903	Josh.10.4	Josh.10.1	3
48909	Josh.10.5	Josh.10.6	2
48947	Josh.10.10	Josh.10.28	2
48958	Josh.10.10	Josh.10.11	3
48973	Josh.10.12	Josh.10.13	7
48995	Josh.10.13	Josh.10.14	8
49004	Josh.10.13	Josh.10.11	5
49022	Josh.10.14	Josh.10.42	9
49026	Josh.10.15	Josh.10.6	2
49027	Josh.10.15	Josh.10.43	4
49045	Josh.10.18	Josh.10.22	2
49052	Josh.10.19	Josh.10.20	2
49058	Josh.10.20	Josh.10.10	2
49063	Josh.10.23	Josh.10.3	2
49064	Josh.10.23	Josh.10.1	2
49065	Josh.10.23	Josh.10.5	2
49112	Josh.10.28	Josh.10.32	2
49114	Josh.10.28	Josh.10.30	2
49116	Josh.10.28	Josh.10.35	2
49117	Josh.10.28	Josh.10.39	2
49121	Josh.10.28	Josh.10.37	2
49131	Josh.10.29	Josh.10.28	2
49134	Josh.10.31	Josh.10.3	3
49135	Josh.10.31	Josh.10.5	2
49151	Josh.10.34	Josh.10.3	3
49152	Josh.10.35	Josh.10.37	2
49166	Josh.10.36	Josh.10.5	2
49167	Josh.10.36	Josh.10.3	2
49175	Josh.10.39	Josh.10.37	2
49176	Josh.10.39	Josh.10.40	1
49179	Josh.10.39	Josh.10.33	2
49193	Josh.10.40	Josh.10.35	3
49194	Josh.10.40	Josh.10.37	3
49209	Josh.10.41	Josh.10.2	2
49215	Josh.10.41	Josh.10.12	2
49221	Josh.10.42	Josh.10.14	5
49231	Josh.10.43	Josh.10.15	4
49238	Josh.11.1	Josh.11.10	4
49243	Josh.11.2	Josh.11.21	2
49303	Josh.11.6	Josh.11.9	3
49311	Josh.11.8	Josh.11.3	2
49317	Josh.11.9	Josh.11.6	4
49319	Josh.11.10	Josh.11.1	3
49331	Josh.11.12	Josh.11.15	2
49342	Josh.11.14	Josh.11.11	2
49343	Josh.11.15	Josh.11.12	2
49363	Josh.11.16	Josh.11.2	2
49369	Josh.11.16	Josh.11.21	3
49377	Josh.11.17	Josh.11.3	3
49380	Josh.11.18	Josh.11.23	2
49387	Josh.11.20	Josh.11.12-Josh.11.15	3
49439	Josh.11.23	Josh.11.18	2
49489	Josh.12.5	Josh.12.1	2
49594	Josh.13.2	Josh.13.11	4
49601	Josh.13.2	Josh.13.13	2
49607	Josh.13.3	Josh.13.13	2
49650	Josh.13.9	Josh.13.16	4
49669	Josh.13.13	Josh.13.11	3
49682	Josh.13.16	Josh.13.9	5
49745	Josh.13.30	Josh.13.26	3
49750	Josh.13.33	Josh.13.14	8
49787	Josh.14.6	Josh.14.14	5
49806	Josh.14.8	Josh.14.14	3
49848	Josh.14.14	Josh.14.8-Josh.14.9	4
49890	Josh.15.7	Josh.15.15	2
49906	Josh.15.8	Josh.15.63	5
49915	Josh.15.10	Josh.15.57	2
49918	Josh.15.11	Josh.15.45	2
49925	Josh.15.12	Josh.15.47	3
49978	Josh.15.29	Josh.15.9-Josh.15.11	2
49994	Josh.15.34	Josh.15.53	2
50001	Josh.15.35	Josh.15.48	2
50051	Josh.15.47	Josh.15.4	5
50056	Josh.15.49	Josh.15.15	3
50064	Josh.15.54	Josh.15.13	3
50069	Josh.15.55	Josh.15.24	3
50076	Josh.15.57	Josh.15.10	3
50081	Josh.15.61	Josh.15.6	3
50106	Josh.16.5	Josh.16.2	2
50118	Josh.16.8	Josh.16.3-Josh.16.6	2
50152	Josh.17.5	Josh.17.2-Josh.17.3	2
50155	Josh.17.5	Josh.17.14	2
50227	Josh.17.16	Josh.17.11	2
50232	Josh.17.16	Josh.17.18	3
50238	Josh.17.18	Josh.17.15-Josh.17.16	3
50278	Josh.18.4	Josh.18.6	2
50279	Josh.18.4	Josh.18.9	2
50280	Josh.18.4	Josh.18.3	2
50289	Josh.18.6	Josh.18.8	2
50294	Josh.18.6	Josh.18.10	4
50304	Josh.18.8	Josh.18.1	2
50308	Josh.18.8	Josh.18.10	3
50312	Josh.18.8	Josh.18.6	2
50325	Josh.18.10	Josh.18.6	3
50326	Josh.18.10	Josh.18.8	2
50362	Josh.18.16	Josh.18.28	2
50385	Josh.18.21	Josh.18.19	2
50389	Josh.18.21	Josh.18.12	3
50393	Josh.18.22	Josh.18.18	2
50417	Josh.18.28	Josh.18.16	2
50428	Josh.19.1	Josh.19.9	3
50459	Josh.19.12	Josh.19.22	2
50483	Josh.19.22	Josh.19.12	2
50489	Josh.19.22	Josh.19.38	2
50525	Josh.19.30	Josh.19.28	2
50534	Josh.19.34	Josh.19.12	2
50535	Josh.19.34	Josh.19.22	2
50638	Josh.20.9	Josh.20.4	2
50639	Josh.20.9	Josh.20.6	2
50677	Josh.21.8	Josh.21.3	3
50691	Josh.21.10	Josh.21.4	3
50733	Josh.21.20	Josh.21.5	2
50771	Josh.21.34	Josh.21.7	2
50888	Josh.22.6	Josh.22.7-Josh.22.8	2
50925	Josh.22.10	Josh.22.25-Josh.22.28	2
50963	Josh.22.15	Josh.22.12	2
50973	Josh.22.15	Josh.22.18	2
50996	Josh.22.18	Josh.22.20	2
51007	Josh.22.18	Josh.22.16	3
51091	Josh.22.25	Josh.22.27	2
51096	Josh.22.27	Josh.22.34	3
51101	Josh.22.27	Josh.22.10	2
51118	Josh.22.29	Josh.22.26	2
51119	Josh.22.29	Josh.22.23	2
51125	Josh.22.30	Josh.22.33	3
51138	Josh.22.32	Josh.22.12-Josh.22.14	2
51146	Josh.22.33	Josh.22.30	3
51153	Josh.22.34	Josh.22.27	4
51178	Josh.23.5	Josh.23.12-Josh.23.13	2
51206	Josh.23.7	Josh.23.12	5
51218	Josh.23.9	Josh.23.5	4
51227	Josh.23.10	Josh.23.3	237
51338	Josh.24.2	Josh.24.15	6
51440	Josh.24.14	Josh.24.2	4
51447	Josh.24.14	Josh.24.23	10
51501	Josh.24.19	Josh.24.23	3
51544	Josh.24.23	Josh.24.14	4
51558	Josh.24.25	Josh.24.26	2
51560	Josh.24.25	Josh.24.1	2
51638	Judg.1.1	Judg.1.27	3
51652	Judg.1.3	Judg.1.17	3
51678	Judg.1.8	Judg.1.21	4
51686	Judg.1.10	Judg.1.20	2
51726	Judg.1.17	Judg.1.3	2
51759	Judg.1.19	Judg.1.2	4
51765	Judg.1.20	Judg.1.10	6
51771	Judg.1.21	Judg.1.8	2
51775	Judg.1.22	Judg.1.19	3
51796	Judg.1.27	Judg.1.1	2
51810	Judg.1.33	Judg.1.35	2
51811	Judg.1.33	Judg.1.30	2
51849	Judg.2.1	Judg.2.5	3
51860	Judg.2.2	Judg.2.20	2
51887	Judg.2.3	Judg.2.21	6
51966	Judg.2.13	Judg.2.11	2
52020	Judg.2.17	Judg.2.7	5
52057	Judg.2.19	Judg.2.7	1
52071	Judg.2.20	Judg.2.14	6
52079	Judg.2.21	Judg.2.3	3
52144	Judg.3.4	Judg.3.1	3
52174	Judg.3.7	Judg.3.12	2
52188	Judg.3.9	Judg.3.15	6
52218	Judg.3.11	Judg.3.30	4
52222	Judg.3.11	Judg.3.9	2
52258	Judg.3.15	Judg.3.9	6
52265	Judg.3.16	Judg.3.21	2
52271	Judg.3.17	Judg.3.29	3
52279	Judg.3.19	Judg.3.20	2
52284	Judg.3.20	Judg.3.19	2
52311	Judg.3.29	Judg.3.17	2
52316	Judg.3.30	Judg.3.11	4
52349	Judg.4.2	Judg.4.13	5
52351	Judg.4.2	Judg.4.16	5
52396	Judg.4.6	Judg.4.10	2
52418	Judg.4.7	Judg.4.14	3
52429	Judg.4.10	Judg.4.6	2
52431	Judg.4.10	Judg.4.14	3
52439	Judg.4.11	Judg.4.6	2
52448	Judg.4.12	Judg.4.6	2
52450	Judg.4.13	Judg.4.2-Judg.4.3	4
52451	Judg.4.13	Judg.4.7	2
52534	Judg.5.2	Judg.5.9	5
52552	Judg.5.3	Judg.5.7	2
52609	Judg.5.9	Judg.5.2	7
52619	Judg.5.11	Judg.5.8	8
52675	Judg.5.16	Judg.5.15	2
52694	Judg.5.19	Judg.5.30	5
52816	Judg.6.3	Judg.6.33	5
52883	Judg.6.11	Judg.6.14-Judg.6.16	2
52934	Judg.6.16	Judg.6.12	1
52941	Judg.6.17	Judg.6.36-Judg.6.40	5
53051	Judg.6.33	Judg.6.3	5
53066	Judg.6.34	Judg.6.11	2
53073	Judg.6.36	Judg.6.14	7
53075	Judg.6.36	Judg.6.17-Judg.6.20	2
53184	Judg.7.11	Judg.7.13-Judg.7.15	3
53233	Judg.7.19	Judg.7.16	2
53322	Judg.8.6	Judg.8.15	2
53331	Judg.8.9	Judg.8.17	3
53364	Judg.8.15	Judg.8.6-Judg.8.7	3
53366	Judg.8.16	Judg.8.7	3
53370	Judg.8.17	Judg.8.9	4
53381	Judg.8.21	Judg.8.26	3
53433	Judg.8.27	Judg.8.32-Judg.8.33	2
53472	Judg.8.32	Judg.8.27	2
53482	Judg.8.33	Judg.8.27	4
53524	Judg.9.4	Judg.9.46-Judg.9.49	2
53531	Judg.9.5	Judg.9.2	3
53581	Judg.9.15	Judg.9.49	1
53585	Judg.9.15	Judg.9.20	5
53601	Judg.9.18	Judg.9.5-Judg.9.6	5
53602	Judg.9.18	Judg.9.14	2
53607	Judg.9.20	Judg.9.23	2
53612	Judg.9.20	Judg.9.56-Judg.9.57	4
53613	Judg.9.20	Judg.9.15	6
53622	Judg.9.23	Judg.9.20	2
53628	Judg.9.23	Judg.9.15-Judg.9.16	2
53634	Judg.9.24	Judg.9.56-Judg.9.57	2
53648	Judg.9.27	Judg.9.4	3
53653	Judg.9.27	Judg.9.46	2
53688	Judg.9.38	Judg.9.28-Judg.9.29	4
53694	Judg.9.41	Judg.9.28	2
53695	Judg.9.41	Judg.9.30	2
53696	Judg.9.44	Judg.9.20	2
53697	Judg.9.44	Judg.9.15	2
53706	Judg.9.46	Judg.9.27	2
53708	Judg.9.46	Judg.9.4	3
53719	Judg.9.49	Judg.9.15	2
53720	Judg.9.49	Judg.9.20	2
53723	Judg.9.52	Judg.9.48-Judg.9.49	2
53727	Judg.9.53	Judg.9.15	2
53729	Judg.9.53	Judg.9.20	3
53746	Judg.9.56	Judg.9.24	3
53748	Judg.9.57	Judg.9.45	2
53749	Judg.9.57	Judg.9.20	4
53794	Judg.10.8	Judg.10.5	1
54089	Judg.11.34	Judg.11.11	4
54124	Judg.11.39	Judg.11.31	4
54178	Judg.12.9	Judg.12.14	2
54208	Judg.13.3	Judg.13.6	4
54210	Judg.13.3	Judg.13.8	7
54217	Judg.13.3	Judg.13.10	5
54218	Judg.13.4	Judg.13.7	4
54224	Judg.13.4	Judg.13.14	7
54246	Judg.13.6	Judg.13.22	4
54250	Judg.13.6	Judg.13.17-Judg.13.18	7
54251	Judg.13.6	Judg.13.8	4
54255	Judg.13.7	Judg.13.4	2
54268	Judg.13.14	Judg.13.7	2
54270	Judg.13.14	Judg.13.4	3
54277	Judg.13.15	Judg.13.3	2
54279	Judg.13.16	Judg.13.23	3
54282	Judg.13.18	Judg.13.6	3
54299	Judg.13.21	Judg.13.16	3
54453	Judg.14.19	Judg.14.6	4
54488	Judg.15.9	Judg.15.17	4
54489	Judg.15.9	Judg.15.19	4
54490	Judg.15.9	Judg.15.14	2
54610	Judg.16.7	Judg.16.10	2
54621	Judg.16.10	Judg.16.13	3
54623	Judg.16.10	Judg.16.15-Judg.16.17	2
54625	Judg.16.10	Judg.16.7	2
54667	Judg.16.18	Judg.16.5	3
54678	Judg.16.20	Judg.16.3	2
54684	Judg.16.20	Judg.16.14	3
54685	Judg.16.20	Judg.16.9	2
54821	Judg.17.3	Judg.17.13	2
54868	Judg.17.8	Judg.17.11	2
54876	Judg.17.10	Judg.17.11	2
54905	Judg.18.2	Judg.18.11	3
54913	Judg.18.2	Judg.18.8	3
54942	Judg.18.5	Judg.18.14	2
54953	Judg.18.7	Judg.18.27-Judg.18.28	3
54960	Judg.18.8	Judg.18.11	3
54961	Judg.18.8	Judg.18.2	3
54975	Judg.18.10	Judg.18.7	3
54982	Judg.18.10	Judg.18.27	4
54984	Judg.18.11	Judg.18.16	2
54990	Judg.18.13	Judg.18.2-Judg.18.3	2
54999	Judg.18.14	Judg.18.3-Judg.18.4	2
55007	Judg.18.16	Judg.18.11	2
55011	Judg.18.17	Judg.18.2	3
55014	Judg.18.17	Judg.18.14	4
55059	Judg.18.27	Judg.18.7	5
55060	Judg.18.27	Judg.18.10	4
55064	Judg.18.28	Judg.18.1	2
55069	Judg.18.28	Judg.18.7	4
55147	Judg.19.5	Judg.19.8	5
55148	Judg.19.6	Judg.19.9	5
55150	Judg.19.6	Judg.19.21-Judg.19.22	2
55171	Judg.19.11	Judg.19.10	2
55182	Judg.19.15	Judg.19.18	3
55188	Judg.19.16	Judg.19.14	2
55195	Judg.19.16	Judg.19.1	3
55206	Judg.19.18	Judg.19.5	2
55244	Judg.19.22	Judg.19.6-Judg.19.7	2
55266	Judg.19.26	Judg.19.27	2
55267	Judg.19.26	Judg.19.3	2
55284	Judg.20.1	Judg.20.2	2
55293	Judg.20.1	Judg.20.11	2
55295	Judg.20.1	Judg.20.26	2
55301	Judg.20.1	Judg.20.8	2
55308	Judg.20.1	Judg.20.18	2
55310	Judg.20.2	Judg.20.17	3
55314	Judg.20.2	Judg.20.15	3
55328	Judg.20.6	Judg.20.10	2
55345	Judg.20.8	Judg.20.1	3
55346	Judg.20.8	Judg.20.11	2
55390	Judg.20.15	Judg.20.35	2
55392	Judg.20.15	Judg.20.46-Judg.20.47	2
55393	Judg.20.15	Judg.20.25	2
55402	Judg.20.17	Judg.20.2	2
55412	Judg.20.18	Judg.20.26-Judg.20.27	5
55413	Judg.20.18	Judg.20.23	5
55419	Judg.20.18	Judg.20.7	3
55428	Judg.20.21	Judg.20.25	3
55434	Judg.20.22	Judg.20.15	2
55435	Judg.20.22	Judg.20.17	2
55439	Judg.20.23	Judg.20.26-Judg.20.27	4
55441	Judg.20.23	Judg.20.18	2
55444	Judg.20.25	Judg.20.21	4
55454	Judg.20.26	Judg.20.18	4
55457	Judg.20.26	Judg.20.23	7
55459	Judg.20.27	Judg.20.18	3
55461	Judg.20.27	Judg.20.23	2
55486	Judg.20.29	Judg.20.34	2
55506	Judg.20.35	Judg.20.15	2
55507	Judg.20.35	Judg.20.44-Judg.20.46	2
55515	Judg.20.39	Judg.20.32	3
55540	Judg.20.46	Judg.20.15	3
55541	Judg.20.46	Judg.20.35	3
55562	Judg.21.1	Judg.21.7	2
55564	Judg.21.1	Judg.21.18	3
55566	Judg.21.1	Judg.21.5	2
55574	Judg.21.2	Judg.21.12	2
55594	Judg.21.5	Judg.21.1	2
55596	Judg.21.5	Judg.21.18	2
55600	Judg.21.6	Judg.21.15	3
55604	Judg.21.7	Judg.21.1	4
55605	Judg.21.7	Judg.21.18	2
55613	Judg.21.10	Judg.21.5	3
55630	Judg.21.14	Judg.21.12	2
55635	Judg.21.15	Judg.21.17	2
55636	Judg.21.15	Judg.21.6	4
55641	Judg.21.18	Judg.21.1	5
55672	Judg.21.22	Judg.21.1	4
55674	Judg.21.22	Judg.21.7	2
55675	Judg.21.22	Judg.21.18	4
55681	Judg.21.22	Judg.21.14	2
55757	Ruth.1.7	Ruth.1.10	1
55758	Ruth.1.7	Ruth.1.14	1
55761	Ruth.1.8	Ruth.1.5	8
55891	Ruth.2.2	Ruth.2.7	2
55948	Ruth.2.10	Ruth.2.2	3
55953	Ruth.2.10	Ruth.2.13	6
56015	Ruth.2.14	Ruth.2.18	6
56034	Ruth.2.18	Ruth.2.14	5
56038	Ruth.2.19	Ruth.2.10	4
56054	Ruth.2.21	Ruth.2.22	2
56055	Ruth.2.21	Ruth.2.7-Ruth.2.8	2
56111	Ruth.3.9	Ruth.3.12	7
56212	Ruth.4.12	Ruth.4.18	2
56218	Ruth.4.13	Ruth.4.12	3
56232	Ruth.4.14	Ruth.4.21-Ruth.4.22	3
56274	1Sam.1.1	1Sam.1.19	5
56309	1Sam.1.3	1Sam.1.21	4
56312	1Sam.1.3	1Sam.1.9	4
56378	1Sam.1.11	1Sam.1.19	5
56436	1Sam.1.19	1Sam.1.1	4
56441	1Sam.1.19	1Sam.1.11	9
56460	1Sam.1.21	1Sam.1.3	6
56467	1Sam.1.22	1Sam.1.11	6
56468	1Sam.1.22	1Sam.1.28	6
56484	1Sam.1.23	1Sam.1.17	2
56505	1Sam.1.27	1Sam.1.11-1Sam.1.13	5
56514	1Sam.1.28	1Sam.1.11	3
56734	1Sam.2.11	1Sam.2.18	6
56760	1Sam.2.14	1Sam.2.29	2
56789	1Sam.2.18	1Sam.2.11	5
56791	1Sam.2.18	1Sam.2.28	2
56808	1Sam.2.21	1Sam.2.26	9
56814	1Sam.2.22	1Sam.2.13-1Sam.2.17	3
56830	1Sam.2.24	1Sam.2.17	2
56836	1Sam.2.24	1Sam.2.22	2
56860	1Sam.2.26	1Sam.2.21	11
56907	1Sam.2.29	1Sam.2.13-1Sam.2.17	5
56985	1Sam.2.36	1Sam.2.29-1Sam.2.30	2
56990	1Sam.3.1	1Sam.3.21	9
56991	1Sam.3.1	1Sam.3.15	1
57031	1Sam.3.10	1Sam.3.8	1
57115	1Sam.3.21	1Sam.3.10	3
57117	1Sam.3.21	1Sam.3.1	7
57118	1Sam.3.21	1Sam.3.4	5
57205	1Sam.4.10	1Sam.4.2	6
57232	1Sam.4.13	1Sam.4.18	3
57242	1Sam.4.17	1Sam.4.10-1Sam.4.11	2
57244	1Sam.4.18	1Sam.4.13	2
57250	1Sam.4.18	1Sam.4.21-1Sam.4.22	6
57260	1Sam.4.21	1Sam.4.11	5
57308	1Sam.5.6	1Sam.5.11	7
57309	1Sam.5.6	1Sam.5.7	4
57313	1Sam.5.6	1Sam.5.9	2
57317	1Sam.5.7	1Sam.5.3-1Sam.5.4	2
57333	1Sam.5.8	1Sam.5.11	2
57340	1Sam.5.9	1Sam.5.6	7
57341	1Sam.5.9	1Sam.5.11	2
57348	1Sam.5.11	1Sam.5.8-1Sam.5.9	2
57349	1Sam.5.11	1Sam.5.6	6
57384	1Sam.6.3	1Sam.6.9	4
57386	1Sam.6.4	1Sam.6.5	2
57392	1Sam.6.4	1Sam.6.17-1Sam.6.18	5
57436	1Sam.6.8	1Sam.6.3-1Sam.6.5	2
57438	1Sam.6.9	1Sam.6.3	3
57462	1Sam.6.16	1Sam.6.12	2
57465	1Sam.6.16	1Sam.6.4	3
57473	1Sam.6.17	1Sam.6.4	2
57483	1Sam.6.18	1Sam.6.14-1Sam.6.16	1
57565	1Sam.7.5	1Sam.7.16	2
57570	1Sam.7.5	1Sam.7.12	2
57619	1Sam.7.9	1Sam.7.17	4
57668	1Sam.7.15	1Sam.7.6	5
57720	1Sam.8.5	1Sam.8.6-1Sam.8.8	3
57725	1Sam.8.5	1Sam.8.19-1Sam.8.20	4
57825	1Sam.8.20	1Sam.8.5	5
57829	1Sam.8.22	1Sam.8.7	5
57917	1Sam.9.15	1Sam.9.17	6
57946	1Sam.9.20	1Sam.9.3	4
58013	1Sam.10.2	1Sam.10.16	2
58052	1Sam.10.5	1Sam.10.10	3
58057	1Sam.10.6	1Sam.10.10	15
58080	1Sam.10.9	1Sam.10.2-1Sam.10.6	2
58084	1Sam.10.10	1Sam.10.5-1Sam.10.6	4
58240	1Sam.11.10	1Sam.11.2-1Sam.11.3	2
58242	1Sam.11.11	1Sam.11.2	2
58302	1Sam.12.3	1Sam.12.5	5
58348	1Sam.12.8	1Sam.12.6	2
58428	1Sam.12.15	1Sam.12.9	3
58436	1Sam.12.16	1Sam.12.7	4
58450	1Sam.12.19	1Sam.12.23	3
58564	1Sam.13.2	1Sam.13.5	4
58570	1Sam.13.2	1Sam.13.23	3
58574	1Sam.13.3	1Sam.13.16	2
58633	1Sam.13.9	1Sam.13.12-1Sam.13.13	2
58644	1Sam.13.11	1Sam.13.23	4
58648	1Sam.13.11	1Sam.13.2	4
58650	1Sam.13.11	1Sam.13.5	4
58654	1Sam.13.11	1Sam.13.16	4
58686	1Sam.13.15	1Sam.13.2	5
58687	1Sam.13.15	1Sam.13.6-1Sam.13.7	3
58689	1Sam.13.16	1Sam.13.3	2
58715	1Sam.13.23	1Sam.13.5	2
58717	1Sam.13.23	1Sam.13.2-1Sam.13.3	2
58771	1Sam.14.11	1Sam.14.22	3
58777	1Sam.14.12	1Sam.14.10	2
58806	1Sam.14.16	1Sam.14.20	2
58824	1Sam.14.19	1Sam.14.24	3
58828	1Sam.14.20	1Sam.14.16	2
58846	1Sam.14.24	1Sam.14.27-1Sam.14.30	2
58859	1Sam.14.27	1Sam.14.29	3
58860	1Sam.14.27	1Sam.14.43	3
58863	1Sam.14.28	1Sam.14.43	2
58864	1Sam.14.28	1Sam.14.24	2
58895	1Sam.14.36	1Sam.14.3	2
58898	1Sam.14.36	1Sam.14.18-1Sam.14.19	2
58926	1Sam.14.39	1Sam.14.24	3
58929	1Sam.14.39	1Sam.14.44	4
58934	1Sam.14.40	1Sam.14.7	2
58936	1Sam.14.40	1Sam.14.36	2
58944	1Sam.14.43	1Sam.14.27	3
58951	1Sam.14.44	1Sam.14.39	5
58967	1Sam.14.45	1Sam.14.23	2
58979	1Sam.14.47	1Sam.14.52	3
59004	1Sam.15.1	1Sam.15.16-1Sam.15.18	3
59058	1Sam.15.8	1Sam.15.3	2
59063	1Sam.15.9	1Sam.15.3	3
59064	1Sam.15.9	1Sam.15.15	4
59066	1Sam.15.9	1Sam.15.19	3
59071	1Sam.15.11	1Sam.15.9	4
59087	1Sam.15.11	1Sam.15.3	4
59104	1Sam.15.13	1Sam.15.11	3
59114	1Sam.15.13	1Sam.15.9	3
59125	1Sam.15.15	1Sam.15.21	4
59129	1Sam.15.15	1Sam.15.9	4
59140	1Sam.15.17	1Sam.15.1-1Sam.15.3	7
59157	1Sam.15.20	1Sam.15.3	2
59159	1Sam.15.20	1Sam.15.8	2
59161	1Sam.15.20	1Sam.15.13	5
59170	1Sam.15.21	1Sam.15.15	4
59222	1Sam.15.24	1Sam.15.15	2
59223	1Sam.15.24	1Sam.15.9	2
59232	1Sam.15.24	1Sam.15.30	3
59243	1Sam.15.26	1Sam.15.31	4
59245	1Sam.15.26	1Sam.15.23	5
59302	1Sam.15.35	1Sam.15.11	6
59319	1Sam.16.1	1Sam.16.23	4
59331	1Sam.16.1	1Sam.16.15	7
59347	1Sam.16.3	1Sam.16.12-1Sam.16.13	4
59433	1Sam.16.13	1Sam.16.18	3
59457	1Sam.16.16	1Sam.16.21-1Sam.16.23	4
59474	1Sam.16.19	1Sam.16.11	3
59499	1Sam.16.23	1Sam.16.14-1Sam.16.16	4
59514	1Sam.17.2	1Sam.17.19	3
59517	1Sam.17.4	1Sam.17.23	4
59524	1Sam.17.6	1Sam.17.45	3
59529	1Sam.17.7	1Sam.17.41	3
59533	1Sam.17.8	1Sam.17.26	2
59536	1Sam.17.10	1Sam.17.45	6
59539	1Sam.17.10	1Sam.17.36	6
59545	1Sam.17.10	1Sam.17.25-1Sam.17.26	7
59563	1Sam.17.12	1Sam.17.58	4
59569	1Sam.17.13	1Sam.17.28	2
59590	1Sam.17.20	1Sam.17.28	2
59600	1Sam.17.23	1Sam.17.8-1Sam.17.10	2
59607	1Sam.17.24	1Sam.17.11	2
59617	1Sam.17.26	1Sam.17.36	5
59629	1Sam.17.26	1Sam.17.10	5
59633	1Sam.17.27	1Sam.17.25	2
59651	1Sam.17.30	1Sam.17.26-1Sam.17.27	4
59664	1Sam.17.33	1Sam.17.56	2
59668	1Sam.17.33	1Sam.17.42	1
59680	1Sam.17.36	1Sam.17.10	3
59683	1Sam.17.36	1Sam.17.26	1
59720	1Sam.17.42	1Sam.17.33	3
59740	1Sam.17.44	1Sam.17.46	1
59744	1Sam.17.45	1Sam.17.36	14
59753	1Sam.17.45	1Sam.17.26	8
59756	1Sam.17.45	1Sam.17.10	12
59773	1Sam.17.46	1Sam.17.44	4
59803	1Sam.17.50	1Sam.17.39	3
59825	1Sam.17.55	1Sam.17.58	2
59826	1Sam.17.57	1Sam.17.54	2
59828	1Sam.17.58	1Sam.17.12	5
59837	1Sam.18.1	1Sam.18.3	10
59863	1Sam.18.5	1Sam.18.30	7
59865	1Sam.18.5	1Sam.18.14-1Sam.18.15	6
59915	1Sam.18.12	1Sam.18.15	8
59919	1Sam.18.12	1Sam.18.29	6
59922	1Sam.18.12	1Sam.18.20	2
59930	1Sam.18.13	1Sam.18.25	2
59936	1Sam.18.13	1Sam.18.16-1Sam.18.17	2
59954	1Sam.18.16	1Sam.18.5	5
59959	1Sam.18.17	1Sam.18.25	5
59967	1Sam.18.17	1Sam.18.21	4
59975	1Sam.18.18	1Sam.18.23	5
59981	1Sam.18.20	1Sam.18.28	3
59983	1Sam.18.21	1Sam.18.26	3
59984	1Sam.18.21	1Sam.18.17	5
60008	1Sam.18.25	1Sam.18.17	5
60012	1Sam.18.26	1Sam.18.21	2
60015	1Sam.18.27	1Sam.18.13	2
60023	1Sam.18.29	1Sam.18.12	2
60026	1Sam.18.29	1Sam.18.15	2
60033	1Sam.18.30	1Sam.18.5	6
60091	1Sam.19.6	1Sam.19.10-1Sam.19.11	2
60117	1Sam.19.10	1Sam.19.6	2
60138	1Sam.19.15	1Sam.19.6	2
60149	1Sam.19.17	1Sam.19.14	2
60165	1Sam.19.20	1Sam.19.11	3
60169	1Sam.19.20	1Sam.19.14	3
60177	1Sam.19.23	1Sam.19.20	3
60212	1Sam.20.2	1Sam.20.12	3
60232	1Sam.20.5	1Sam.20.19	2
60234	1Sam.20.5	1Sam.20.6	2
60247	1Sam.20.7	1Sam.20.9	2
60256	1Sam.20.8	1Sam.20.16	3
60265	1Sam.20.9	1Sam.20.42	2
60266	1Sam.20.9	1Sam.20.38	2
60268	1Sam.20.10	1Sam.20.30-1Sam.20.34	2
60316	1Sam.20.18	1Sam.20.25	4
60317	1Sam.20.18	1Sam.20.5	4
60319	1Sam.20.19	1Sam.20.5	2
60324	1Sam.20.22	1Sam.20.37	3
60325	1Sam.20.23	1Sam.20.42	5
60327	1Sam.20.23	1Sam.20.14-1Sam.20.15	5
60339	1Sam.20.25	1Sam.20.18	4
60359	1Sam.20.28	1Sam.20.6	3
60378	1Sam.20.31	1Sam.20.8	3
60387	1Sam.20.32	1Sam.20.7	2
60393	1Sam.20.33	1Sam.20.7	3
60399	1Sam.20.35	1Sam.20.19	2
60401	1Sam.20.36	1Sam.20.20-1Sam.20.22	2
60402	1Sam.20.37	1Sam.20.22	3
60424	1Sam.20.42	1Sam.20.15	2
60425	1Sam.20.42	1Sam.20.22-1Sam.20.23	3
60440	1Sam.21.3	1Sam.21.4	2
60448	1Sam.21.4	1Sam.21.6	3
60487	1Sam.21.12	1Sam.21.10	2
60562	1Sam.22.7	1Sam.22.13	2
60563	1Sam.22.7	1Sam.22.9	2
60590	1Sam.22.10	1Sam.22.15	2
60592	1Sam.22.10	1Sam.22.13	2
60598	1Sam.22.12	1Sam.22.13	2
60601	1Sam.22.12	1Sam.22.7	2
60605	1Sam.22.13	1Sam.22.8	5
60614	1Sam.22.14	1Sam.22.13	2
60639	1Sam.22.17	1Sam.22.13	1
60664	1Sam.22.19	1Sam.22.9	2
60668	1Sam.22.19	1Sam.22.11	2
60705	1Sam.23.2	1Sam.23.6	5
60707	1Sam.23.2	1Sam.23.9-1Sam.23.12	5
60709	1Sam.23.2	1Sam.23.4	9
60710	1Sam.23.3	1Sam.23.23	2
60711	1Sam.23.3	1Sam.23.26	2
60714	1Sam.23.3	1Sam.23.15	2
60728	1Sam.23.7	1Sam.23.14	3
60736	1Sam.23.9	1Sam.23.6	5
60748	1Sam.23.10	1Sam.23.8	2
60756	1Sam.23.12	1Sam.23.20	5
60759	1Sam.23.12	1Sam.23.7	2
60768	1Sam.23.14	1Sam.23.7	2
60830	1Sam.23.20	1Sam.23.12	3
60848	1Sam.23.25	1Sam.23.28	2
60896	1Sam.24.4	1Sam.24.10	7
60897	1Sam.24.4	1Sam.24.18	3
60937	1Sam.24.10	1Sam.24.4	5
60984	1Sam.24.15	1Sam.24.12	5
61005	1Sam.24.18	1Sam.24.10	2
61064	1Sam.25.3	1Sam.25.17	4
61067	1Sam.25.3	1Sam.25.10-1Sam.25.11	2
61087	1Sam.25.7	1Sam.25.15-1Sam.25.16	3
61088	1Sam.25.7	1Sam.25.21	4
61115	1Sam.25.11	1Sam.25.14-1Sam.25.15	2
61117	1Sam.25.11	1Sam.25.3	2
61141	1Sam.25.15	1Sam.25.21	5
61142	1Sam.25.15	1Sam.25.7	5
61150	1Sam.25.17	1Sam.25.25	2
61172	1Sam.25.18	1Sam.25.34	2
61192	1Sam.25.21	1Sam.25.13	2
61213	1Sam.25.24	1Sam.25.28	4
61216	1Sam.25.25	1Sam.25.26	1
61217	1Sam.25.25	1Sam.25.17	5
61231	1Sam.25.26	1Sam.25.33-1Sam.25.34	4
61238	1Sam.25.27	1Sam.25.42	2
61242	1Sam.25.28	1Sam.25.24	2
61284	1Sam.25.31	1Sam.25.40	3
61289	1Sam.25.31	1Sam.25.33	4
61303	1Sam.25.33	1Sam.25.31	3
61307	1Sam.25.33	1Sam.25.26	7
61310	1Sam.25.34	1Sam.25.26	2
61314	1Sam.25.34	1Sam.25.18	2
61346	1Sam.25.36	1Sam.25.19	4
61347	1Sam.25.37	1Sam.25.22	2
61350	1Sam.25.37	1Sam.25.34	2
61359	1Sam.25.38	1Sam.25.33	3
61362	1Sam.25.39	1Sam.25.34	4
61364	1Sam.25.39	1Sam.25.26	4
61381	1Sam.25.39	1Sam.25.32	3
61409	1Sam.26.1	1Sam.26.3	2
61420	1Sam.26.3	1Sam.26.1	2
61456	1Sam.26.8	1Sam.26.23	3
61487	1Sam.26.12	1Sam.26.7	2
61496	1Sam.26.16	1Sam.26.9	3
61499	1Sam.26.16	1Sam.26.11	3
61549	1Sam.26.21	1Sam.26.24	2
61553	1Sam.26.23	1Sam.26.11	2
61558	1Sam.26.23	1Sam.26.9	2
61596	1Sam.27.1	1Sam.27.10-1Sam.27.11	3
61692	1Sam.28.3	1Sam.28.9	2
61733	1Sam.28.7	1Sam.28.3	1
61751	1Sam.28.9	1Sam.28.3	3
61763	1Sam.28.12	1Sam.28.3	2
61772	1Sam.28.15	1Sam.28.11	2
61784	1Sam.28.15	1Sam.28.8	2
61787	1Sam.28.15	1Sam.28.6	7
61821	1Sam.28.20	1Sam.28.5	2
61853	1Sam.29.2	1Sam.29.6-1Sam.29.7	3
61876	1Sam.29.6	1Sam.29.3	2
61896	1Sam.29.9	1Sam.29.4	3
61907	1Sam.29.11	1Sam.29.1	2
61917	1Sam.30.2	1Sam.30.19	2
61995	1Sam.30.8	1Sam.30.18	40
62002	1Sam.30.10	1Sam.30.9	3
62004	1Sam.30.10	1Sam.30.21	3
62011	1Sam.30.12	1Sam.30.13	2
62025	1Sam.30.14	1Sam.30.1	4
62029	1Sam.30.14	1Sam.30.16	4
62044	1Sam.30.16	1Sam.30.14	3
62067	1Sam.30.19	1Sam.30.8	5
62070	1Sam.30.20	1Sam.30.26	5
62074	1Sam.30.21	1Sam.30.10	3
62096	1Sam.30.23	1Sam.30.8	1
62191	1Sam.31.9	1Sam.31.4	2
62251	2Sam.1.6	2Sam.1.21	2
62289	2Sam.1.13	2Sam.1.8	1
62313	2Sam.1.16	2Sam.1.10	3
62326	2Sam.1.17	2Sam.1.19	3
62337	2Sam.1.19	2Sam.1.27	6
62339	2Sam.1.19	2Sam.1.25	5
62342	2Sam.1.19	2Sam.1.23	3
62392	2Sam.1.25	2Sam.1.27	3
62393	2Sam.1.25	2Sam.1.19	4
62403	2Sam.1.27	2Sam.1.25	7
62406	2Sam.1.27	2Sam.1.19	6
62428	2Sam.2.1	2Sam.2.11	2
62443	2Sam.2.4	2Sam.2.11	2
62445	2Sam.2.4	2Sam.2.7	2
62504	2Sam.2.13	2Sam.2.18	2
62515	2Sam.2.14	2Sam.2.17	3
62516	2Sam.2.14	2Sam.2.26-2Sam.2.27	2
62533	2Sam.2.19	2Sam.2.21	2
62547	2Sam.2.26	2Sam.2.14	2
62551	2Sam.2.26	2Sam.2.16	2
62564	2Sam.2.27	2Sam.2.14	3
62569	2Sam.2.29	2Sam.2.8	3
62627	2Sam.3.8	2Sam.3.18	2
62632	2Sam.3.8	2Sam.3.9	2
62651	2Sam.3.9	2Sam.3.35	2
62660	2Sam.3.12	2Sam.3.21	2
62669	2Sam.3.12	2Sam.3.27	2
62676	2Sam.3.13	2Sam.3.20-2Sam.3.23	2
62692	2Sam.3.18	2Sam.3.9	2
62703	2Sam.3.21	2Sam.3.12	5
62706	2Sam.3.21	2Sam.3.10	4
62711	2Sam.3.24	2Sam.3.8	2
62713	2Sam.3.24	2Sam.3.39	2
62716	2Sam.3.25	2Sam.3.27	2
62793	2Sam.3.35	2Sam.3.9	2
62800	2Sam.3.38	2Sam.3.12	2
62981	2Sam.5.7	2Sam.5.9	2
62999	2Sam.5.9	2Sam.5.7	3
63060	2Sam.5.19	2Sam.5.23	6
63080	2Sam.5.22	2Sam.5.18	2
63257	2Sam.6.20	2Sam.6.14	7
63259	2Sam.6.20	2Sam.6.18	2
63260	2Sam.6.20	2Sam.6.16	8
63269	2Sam.6.21	2Sam.6.14	4
63270	2Sam.6.21	2Sam.6.5	4
63273	2Sam.6.21	2Sam.6.16	6
63312	2Sam.7.2	2Sam.7.17	2
63419	2Sam.7.11	2Sam.7.27	8
63420	2Sam.7.11	2Sam.7.1	6
63451	2Sam.7.13	2Sam.7.16	9
63475	2Sam.7.15	2Sam.7.16	3
63481	2Sam.7.15	2Sam.7.14	4
63491	2Sam.7.16	2Sam.7.13	11
63609	2Sam.7.24	2Sam.7.23	2
63654	2Sam.8.2	2Sam.8.12-2Sam.8.14	2
63660	2Sam.8.2	2Sam.8.6	3
63685	2Sam.8.5	2Sam.8.3	2
63693	2Sam.8.6	2Sam.8.2	2
63706	2Sam.8.6	2Sam.8.14	9
63738	2Sam.8.12	2Sam.8.2	3
63755	2Sam.8.14	2Sam.8.6	3
63840	2Sam.9.7	2Sam.9.3	8
63850	2Sam.9.7	2Sam.9.1	12
63851	2Sam.9.7	2Sam.9.11	2
63865	2Sam.9.10	2Sam.9.11-2Sam.9.13	3
63866	2Sam.9.10	2Sam.9.7	6
63877	2Sam.9.13	2Sam.9.3	3
63878	2Sam.9.13	2Sam.9.7	5
63879	2Sam.9.13	2Sam.9.10-2Sam.9.11	3
63923	2Sam.10.8	2Sam.10.6	4
64089	2Sam.11.15	2Sam.11.17	2
64103	2Sam.11.16	2Sam.11.21	2
64152	2Sam.12.2	2Sam.12.8	2
64198	2Sam.12.8	2Sam.12.11	4
64216	2Sam.12.9	2Sam.12.10	2
64310	2Sam.12.16	2Sam.12.22	4
64368	2Sam.13.1	2Sam.13.15	4
64392	2Sam.13.3	2Sam.13.32	1
64540	2Sam.13.32	2Sam.13.3	2
64546	2Sam.13.34	2Sam.13.37-2Sam.13.38	2
64550	2Sam.13.36	2Sam.13.15	2
64553	2Sam.13.37	2Sam.13.34	3
64595	2Sam.14.3	2Sam.14.19	5
64682	2Sam.14.17	2Sam.14.20	4
64703	2Sam.14.19	2Sam.14.3	5
64718	2Sam.14.20	2Sam.14.17	6
64722	2Sam.14.21	2Sam.14.11	3
64734	2Sam.14.24	2Sam.14.28	2
64760	2Sam.14.29	2Sam.14.30-2Sam.14.31	2
64878	2Sam.15.12	2Sam.15.31	6
64897	2Sam.15.13	2Sam.15.6	3
64929	2Sam.15.18	2Sam.15.19-2Sam.15.22	2
64994	2Sam.15.24	2Sam.15.27	2
64995	2Sam.15.24	2Sam.15.35	2
65026	2Sam.15.27	2Sam.15.36	2
65028	2Sam.15.27	2Sam.15.34	2
65033	2Sam.15.28	2Sam.15.23	3
65055	2Sam.15.31	2Sam.15.12	5
65085	2Sam.15.32	2Sam.15.30	2
65093	2Sam.15.34	2Sam.15.20	2
65096	2Sam.15.36	2Sam.15.27	4
65151	2Sam.16.5	2Sam.16.14	1
65420	2Sam.17.16	2Sam.17.21-2Sam.17.22	2
65447	2Sam.17.21	2Sam.17.15-2Sam.17.16	4
65448	2Sam.17.22	2Sam.17.24	2
65494	2Sam.17.29	2Sam.17.2	2
65524	2Sam.18.4	2Sam.18.1	2
65525	2Sam.18.4	2Sam.18.24	3
65528	2Sam.18.5	2Sam.18.12	2
65551	2Sam.18.9	2Sam.18.14	2
65566	2Sam.18.12	2Sam.18.5	3
65571	2Sam.18.14	2Sam.18.5	2
65606	2Sam.18.19	2Sam.18.23	2
65610	2Sam.18.19	2Sam.18.27-2Sam.18.29	2
65613	2Sam.18.19	2Sam.18.31	3
65614	2Sam.18.20	2Sam.18.29	2
65615	2Sam.18.20	2Sam.18.5	2
65616	2Sam.18.20	2Sam.18.27	2
65618	2Sam.18.20	2Sam.18.33	2
65627	2Sam.18.24	2Sam.18.4	2
65650	2Sam.18.29	2Sam.18.19-2Sam.18.20	2
65651	2Sam.18.29	2Sam.18.22	3
65653	2Sam.18.31	2Sam.18.28	2
65658	2Sam.18.31	2Sam.18.19	4
65662	2Sam.18.32	2Sam.18.29	3
65682	2Sam.19.3	2Sam.19.32	2
65707	2Sam.19.8	2Sam.19.3	2
65739	2Sam.19.13	2Sam.19.5-2Sam.19.7	3
65758	2Sam.19.17	2Sam.19.26-2Sam.19.27	3
65779	2Sam.19.20	2Sam.19.9	3
65884	2Sam.19.37	2Sam.19.40	4
65912	2Sam.19.40	2Sam.19.11-2Sam.19.15	2
65916	2Sam.19.41	2Sam.19.3	2
65922	2Sam.19.42	2Sam.19.12	5
65929	2Sam.19.43	2Sam.19.9	2
65932	2Sam.19.43	2Sam.19.14	2
66001	2Sam.20.7	2Sam.20.23	3
66005	2Sam.20.8	2Sam.20.4-2Sam.20.5	1
66019	2Sam.20.10	2Sam.20.9	2
66022	2Sam.20.11	2Sam.20.6-2Sam.20.7	2
66023	2Sam.20.11	2Sam.20.21	2
66024	2Sam.20.11	2Sam.20.4	2
66026	2Sam.20.11	2Sam.20.13	3
66032	2Sam.20.13	2Sam.20.12-2Sam.20.13	2
66088	2Sam.20.20	2Sam.20.10	2
66102	2Sam.20.21	2Sam.20.1	2
66106	2Sam.20.22	2Sam.20.16	2
66111	2Sam.20.22	2Sam.20.1	3
66179	2Sam.21.5	2Sam.21.1	3
66219	2Sam.21.9	2Sam.21.6	2
66224	2Sam.21.10	2Sam.21.8-2Sam.21.9	2
66275	2Sam.21.16	2Sam.21.20	4
66283	2Sam.21.16	2Sam.21.18	4
66286	2Sam.21.16	2Sam.21.22	2
66299	2Sam.21.18	2Sam.21.20	4
66303	2Sam.21.18	2Sam.21.16	3
66304	2Sam.21.18	2Sam.21.22	2
66308	2Sam.21.20	2Sam.21.18	4
66310	2Sam.21.20	2Sam.21.16	4
66331	2Sam.22.1	2Sam.22.49	2
66358	2Sam.22.3	2Sam.22.51	3
66364	2Sam.22.3	2Sam.22.49	3
66474	2Sam.22.9	2Sam.22.16	2
66476	2Sam.22.9	2Sam.22.13	2
66503	2Sam.22.12	2Sam.22.10	3
66505	2Sam.22.13	2Sam.22.9	3
66529	2Sam.22.16	2Sam.22.9	2
66550	2Sam.22.18	2Sam.22.1	2
66577	2Sam.22.21	2Sam.22.25	2
66625	2Sam.22.25	2Sam.22.21	5
66677	2Sam.22.31	2Sam.22.3	7
66694	2Sam.22.32	2Sam.22.2-2Sam.22.3	2
66708	2Sam.22.33	2Sam.22.2	6
66832	2Sam.22.47	2Sam.22.3	4
66868	2Sam.22.51	2Sam.22.2	3
67026	2Sam.23.11	2Sam.23.33	3
67027	2Sam.23.12	2Sam.23.10	3
67063	2Sam.23.16	2Sam.23.9	2
67091	2Sam.23.19	2Sam.23.9	2
67094	2Sam.23.19	2Sam.23.16	2
67095	2Sam.23.19	2Sam.23.13	2
67148	2Sam.23.33	2Sam.23.11	2
67237	2Sam.24.7	2Sam.24.2	2
67314	2Sam.24.15	2Sam.24.2	1
67343	2Sam.24.16	2Sam.24.18	2
67367	2Sam.24.17	2Sam.24.10	4
67371	2Sam.24.18	2Sam.24.11	2
67382	2Sam.24.21	2Sam.24.3	2
67388	2Sam.24.21	2Sam.24.18	2
67410	2Sam.24.25	2Sam.24.14	4
67448	1Kgs.1.5	1Kgs.1.11	2
67496	1Kgs.1.10	1Kgs.1.8	2
67497	1Kgs.1.10	1Kgs.1.19	2
67517	1Kgs.1.12	1Kgs.1.21	2
67519	1Kgs.1.13	1Kgs.1.48	2
67520	1Kgs.1.13	1Kgs.1.17	5
67526	1Kgs.1.13	1Kgs.1.24	2
67528	1Kgs.1.13	1Kgs.1.35	1
67529	1Kgs.1.13	1Kgs.1.30	9
67530	1Kgs.1.13	1Kgs.1.11	2
67534	1Kgs.1.15	1Kgs.1.1	2
67541	1Kgs.1.16	1Kgs.1.23	2
67544	1Kgs.1.17	1Kgs.1.30	2
67545	1Kgs.1.17	1Kgs.1.13	4
67547	1Kgs.1.18	1Kgs.1.11	2
67549	1Kgs.1.18	1Kgs.1.5	2
67551	1Kgs.1.18	1Kgs.1.24	5
67552	1Kgs.1.18	1Kgs.1.27	2
67553	1Kgs.1.19	1Kgs.1.25	2
67554	1Kgs.1.19	1Kgs.1.7-1Kgs.1.10	2
67573	1Kgs.1.23	1Kgs.1.16	2
67576	1Kgs.1.24	1Kgs.1.13-1Kgs.1.14	2
67577	1Kgs.1.24	1Kgs.1.5	2
67578	1Kgs.1.24	1Kgs.1.17-1Kgs.1.18	2
67583	1Kgs.1.25	1Kgs.1.34	2
67586	1Kgs.1.25	1Kgs.1.19	3
67587	1Kgs.1.25	1Kgs.1.9	3
67594	1Kgs.1.26	1Kgs.1.8	5
67596	1Kgs.1.26	1Kgs.1.19	2
67597	1Kgs.1.26	1Kgs.1.10	3
67600	1Kgs.1.27	1Kgs.1.24	2
67619	1Kgs.1.30	1Kgs.1.13	5
67620	1Kgs.1.30	1Kgs.1.17	5
67632	1Kgs.1.31	1Kgs.1.25	3
67633	1Kgs.1.32	1Kgs.1.8	3
67634	1Kgs.1.32	1Kgs.1.26	2
67635	1Kgs.1.32	1Kgs.1.38	2
67637	1Kgs.1.33	1Kgs.1.5	2
67641	1Kgs.1.33	1Kgs.1.44-1Kgs.1.45	2
67642	1Kgs.1.33	1Kgs.1.38	4
67653	1Kgs.1.34	1Kgs.1.25	5
67666	1Kgs.1.35	1Kgs.1.13	2
67670	1Kgs.1.35	1Kgs.1.17	2
67692	1Kgs.1.37	1Kgs.1.47	5
67707	1Kgs.1.38	1Kgs.1.8	4
67710	1Kgs.1.38	1Kgs.1.26	2
67712	1Kgs.1.38	1Kgs.1.33	2
67719	1Kgs.1.39	1Kgs.1.34	5
67721	1Kgs.1.39	1Kgs.1.25	3
67753	1Kgs.1.45	1Kgs.1.40	4
67759	1Kgs.1.46	1Kgs.1.13	2
67767	1Kgs.1.47	1Kgs.1.37	5
67814	1Kgs.1.53	1Kgs.1.31	2
67817	1Kgs.1.53	1Kgs.1.16	2
67917	1Kgs.2.5	1Kgs.2.32	2
67935	1Kgs.2.6	1Kgs.2.9	5
67953	1Kgs.2.9	1Kgs.2.6	5
68061	1Kgs.2.25	1Kgs.2.46	2
68063	1Kgs.2.25	1Kgs.2.34	2
68064	1Kgs.2.25	1Kgs.2.31	2
68068	1Kgs.2.26	1Kgs.2.35	2
68100	1Kgs.2.29	1Kgs.2.46	2
68102	1Kgs.2.29	1Kgs.2.25	4
68103	1Kgs.2.29	1Kgs.2.31	2
68120	1Kgs.2.32	1Kgs.2.5	3
68124	1Kgs.2.32	1Kgs.2.44	2
68132	1Kgs.2.33	1Kgs.2.32	3
68142	1Kgs.2.34	1Kgs.2.25	3
68143	1Kgs.2.34	1Kgs.2.31	2
68145	1Kgs.2.34	1Kgs.2.46	2
68158	1Kgs.2.35	1Kgs.2.27	5
68163	1Kgs.2.36	1Kgs.2.8-1Kgs.2.9	3
68168	1Kgs.2.37	1Kgs.2.31	2
68177	1Kgs.2.37	1Kgs.2.33	2
68188	1Kgs.2.42	1Kgs.2.36-1Kgs.2.38	2
68200	1Kgs.2.44	1Kgs.2.32-1Kgs.2.33	3
68208	1Kgs.2.45	1Kgs.2.24	2
68210	1Kgs.2.45	1Kgs.2.33-1Kgs.2.34	2
68211	1Kgs.2.46	1Kgs.2.12	5
68213	1Kgs.2.46	1Kgs.2.45	2
68248	1Kgs.3.3	1Kgs.3.14	3
68264	1Kgs.3.3	1Kgs.3.6	3
68368	1Kgs.3.9	1Kgs.3.28	5
68381	1Kgs.3.11	1Kgs.3.9	7
68396	1Kgs.3.12	1Kgs.3.28	14
68421	1Kgs.3.14	1Kgs.3.3	3
68424	1Kgs.3.14	1Kgs.3.6	5
68488	1Kgs.3.28	1Kgs.3.9-1Kgs.3.12	8
68517	1Kgs.4.5	1Kgs.4.7	2
68576	1Kgs.4.15	1Kgs.4.11	2
68612	1Kgs.4.21	1Kgs.4.24	3
68628	1Kgs.4.24	1Kgs.4.21	3
68663	1Kgs.4.29	1Kgs.4.20	8
68708	1Kgs.5.1	1Kgs.5.13	3
68710	1Kgs.5.1	1Kgs.5.10	8
68821	1Kgs.6.1	1Kgs.6.37	3
68839	1Kgs.6.5	1Kgs.6.19-1Kgs.6.21	3
68852	1Kgs.6.5	1Kgs.6.31	3
68857	1Kgs.6.5	1Kgs.6.16	5
68874	1Kgs.6.9	1Kgs.6.38	5
68875	1Kgs.6.9	1Kgs.6.14	5
68904	1Kgs.6.14	1Kgs.6.9	5
68905	1Kgs.6.14	1Kgs.6.38	5
68909	1Kgs.6.16	1Kgs.6.19-1Kgs.6.20	2
68917	1Kgs.6.16	1Kgs.6.5	2
68922	1Kgs.6.19	1Kgs.6.5	2
68923	1Kgs.6.19	1Kgs.6.16	2
68927	1Kgs.6.20	1Kgs.6.2-1Kgs.6.3	2
68928	1Kgs.6.20	1Kgs.6.22	2
68931	1Kgs.6.21	1Kgs.6.5	2
68940	1Kgs.6.22	1Kgs.6.20	2
68964	1Kgs.6.29	1Kgs.6.18	2
68966	1Kgs.6.29	1Kgs.6.32	3
68976	1Kgs.6.32	1Kgs.6.29	2
68977	1Kgs.6.32	1Kgs.6.18	2
68986	1Kgs.6.37	1Kgs.6.1	4
68991	1Kgs.6.38	1Kgs.6.1	2
68995	1Kgs.6.38	1Kgs.6.9	2
69016	1Kgs.7.4	1Kgs.7.5	2
69017	1Kgs.7.6	1Kgs.7.12	2
69032	1Kgs.7.9	1Kgs.7.10-1Kgs.7.11	2
69043	1Kgs.7.12	1Kgs.7.6	2
69046	1Kgs.7.13	1Kgs.7.40	2
69057	1Kgs.7.15	1Kgs.7.21	4
69059	1Kgs.7.15	1Kgs.7.41	2
69077	1Kgs.7.19	1Kgs.7.22	2
69081	1Kgs.7.20	1Kgs.7.42	2
69084	1Kgs.7.21	1Kgs.7.12	2
69117	1Kgs.7.26	1Kgs.7.19	2
69119	1Kgs.7.26	1Kgs.7.38	2
69126	1Kgs.7.27	1Kgs.7.38	2
69138	1Kgs.7.29	1Kgs.7.25	2
69150	1Kgs.7.36	1Kgs.7.29	3
69170	1Kgs.7.40	1Kgs.7.28	2
69176	1Kgs.7.42	1Kgs.7.20	3
69177	1Kgs.7.44	1Kgs.7.25	2
69178	1Kgs.7.44	1Kgs.7.23	2
69264	1Kgs.8.2	1Kgs.8.65	2
69287	1Kgs.8.5	1Kgs.8.62-1Kgs.8.63	2
69295	1Kgs.8.6	1Kgs.8.4	2
69327	1Kgs.8.9	1Kgs.8.21	2
69374	1Kgs.8.14	1Kgs.8.55-1Kgs.8.56	2
69415	1Kgs.8.16	1Kgs.8.29	5
69440	1Kgs.8.20	1Kgs.8.15	2
69444	1Kgs.8.21	1Kgs.8.9	5
69446	1Kgs.8.21	1Kgs.8.5-1Kgs.8.6	3
69454	1Kgs.8.22	1Kgs.8.54	4
69486	1Kgs.8.24	1Kgs.8.15	2
69508	1Kgs.8.26	1Kgs.8.23	5
69535	1Kgs.8.29	1Kgs.8.52	2
69539	1Kgs.8.29	1Kgs.8.43	2
69544	1Kgs.8.29	1Kgs.8.16	4
69561	1Kgs.8.30	1Kgs.8.36	5
69562	1Kgs.8.30	1Kgs.8.39	5
69569	1Kgs.8.30	1Kgs.8.34	5
69571	1Kgs.8.30	1Kgs.8.43	2
69573	1Kgs.8.30	1Kgs.8.49	2
69628	1Kgs.8.34	1Kgs.8.30	2
69639	1Kgs.8.35	1Kgs.8.33	4
69643	1Kgs.8.35	1Kgs.8.29-1Kgs.8.30	2
69706	1Kgs.8.38	1Kgs.8.22	4
69716	1Kgs.8.39	1Kgs.8.36	3
69725	1Kgs.8.39	1Kgs.8.32	3
69818	1Kgs.8.44	1Kgs.8.16	3
69893	1Kgs.8.48	1Kgs.8.29-1Kgs.8.30	2
69896	1Kgs.8.49	1Kgs.8.45	2
69907	1Kgs.8.51	1Kgs.8.53	2
69919	1Kgs.8.52	1Kgs.8.29	4
69939	1Kgs.8.54	1Kgs.8.22	2
69945	1Kgs.8.55	1Kgs.8.14	5
70002	1Kgs.8.60	1Kgs.8.43	6
70055	1Kgs.8.65	1Kgs.8.2	5
70072	1Kgs.8.66	1Kgs.8.1	2
70077	1Kgs.8.66	1Kgs.8.47	2
70083	1Kgs.9.1	1Kgs.9.19	3
70085	1Kgs.9.1	1Kgs.9.11	2
70156	1Kgs.9.7	1Kgs.9.3	2
70202	1Kgs.9.10	1Kgs.9.1	3
70215	1Kgs.9.14	1Kgs.9.28	2
70216	1Kgs.9.14	1Kgs.9.11	3
70225	1Kgs.9.15	1Kgs.9.16-1Kgs.9.17	2
70231	1Kgs.9.15	1Kgs.9.10	2
70237	1Kgs.9.15	1Kgs.9.24	5
70244	1Kgs.9.15	1Kgs.9.21	2
70251	1Kgs.9.16	1Kgs.9.24	2
70261	1Kgs.9.19	1Kgs.9.1	5
70273	1Kgs.9.21	1Kgs.9.15	2
70296	1Kgs.9.24	1Kgs.9.15-1Kgs.9.16	3
70356	1Kgs.10.2	1Kgs.10.10	2
70371	1Kgs.10.3	1Kgs.10.1	2
70437	1Kgs.10.10	1Kgs.10.2	7
70448	1Kgs.10.13	1Kgs.10.2	3
70479	1Kgs.10.18	1Kgs.10.22	5
70484	1Kgs.10.21	1Kgs.10.17	4
70488	1Kgs.10.22	1Kgs.10.18	2
70532	1Kgs.10.25	1Kgs.10.10	2
70574	1Kgs.11.1	1Kgs.11.8	4
70613	1Kgs.11.4	1Kgs.11.6	4
70616	1Kgs.11.4	1Kgs.11.2	3
70618	1Kgs.11.4	1Kgs.11.42	2
70620	1Kgs.11.4	1Kgs.11.38	2
70627	1Kgs.11.5	1Kgs.11.33	4
70634	1Kgs.11.5	1Kgs.11.7	5
70669	1Kgs.11.8	1Kgs.11.1	3
70686	1Kgs.11.9	1Kgs.11.2-1Kgs.11.4	1
70701	1Kgs.11.11	1Kgs.11.31	5
70713	1Kgs.11.13	1Kgs.11.32	5
70732	1Kgs.11.13	1Kgs.11.39	2
70733	1Kgs.11.13	1Kgs.11.11-1Kgs.11.12	2
70734	1Kgs.11.13	1Kgs.11.35-1Kgs.11.36	2
70794	1Kgs.11.23	1Kgs.11.14	4
70827	1Kgs.11.26	1Kgs.11.28	3
70829	1Kgs.11.26	1Kgs.11.11	3
70865	1Kgs.11.31	1Kgs.11.11-1Kgs.11.12	4
70868	1Kgs.11.32	1Kgs.11.13	3
70870	1Kgs.11.33	1Kgs.11.5-1Kgs.11.7	3
70873	1Kgs.11.33	1Kgs.11.9	3
70879	1Kgs.11.34	1Kgs.11.31	2
70881	1Kgs.11.34	1Kgs.11.12-1Kgs.11.13	2
70888	1Kgs.11.35	1Kgs.11.12	2
70889	1Kgs.11.36	1Kgs.11.32	2
70899	1Kgs.11.36	1Kgs.11.13	5
70909	1Kgs.11.37	1Kgs.11.26	2
70924	1Kgs.11.39	1Kgs.11.36	2
70992	1Kgs.12.5	1Kgs.12.12	2
71005	1Kgs.12.7	1Kgs.12.13	2
71037	1Kgs.12.11	1Kgs.12.14	2
71040	1Kgs.12.12	1Kgs.12.5	4
71064	1Kgs.12.14	1Kgs.12.10-1Kgs.12.11	4
71081	1Kgs.12.15	1Kgs.12.24	7
71150	1Kgs.12.20	1Kgs.12.17	2
71174	1Kgs.12.23	1Kgs.12.17	2
71182	1Kgs.12.24	1Kgs.12.15	3
71184	1Kgs.12.25	1Kgs.12.1	2
71219	1Kgs.12.28	1Kgs.12.8-1Kgs.12.9	2
71272	1Kgs.13.1	1Kgs.13.26	2
71281	1Kgs.13.1	1Kgs.13.9	2
71283	1Kgs.13.1	1Kgs.13.32	2
71285	1Kgs.13.1	1Kgs.13.5	2
71299	1Kgs.13.2	1Kgs.13.32	2
71348	1Kgs.13.5	1Kgs.13.3	2
71388	1Kgs.13.8	1Kgs.13.16-1Kgs.13.17	3
71390	1Kgs.13.9	1Kgs.13.1	2
71404	1Kgs.13.9	1Kgs.13.21-1Kgs.13.22	2
71405	1Kgs.13.11	1Kgs.13.20-1Kgs.13.21	2
71407	1Kgs.13.11	1Kgs.13.25	2
71420	1Kgs.13.13	1Kgs.13.27	2
71431	1Kgs.13.16	1Kgs.13.8-1Kgs.13.9	4
71434	1Kgs.13.17	1Kgs.13.1	1
71463	1Kgs.13.19	1Kgs.13.9	2
71486	1Kgs.13.21	1Kgs.13.17	2
71488	1Kgs.13.22	1Kgs.13.30	2
71500	1Kgs.13.25	1Kgs.13.11	2
71533	1Kgs.13.32	1Kgs.13.2	5
71562	1Kgs.14.1	1Kgs.14.12-1Kgs.14.13	2
71570	1Kgs.14.2	1Kgs.14.5-1Kgs.14.6	3
71583	1Kgs.14.4	1Kgs.14.2	2
71601	1Kgs.14.6	1Kgs.14.2	2
71609	1Kgs.14.6	1Kgs.14.10-1Kgs.14.11	2
71614	1Kgs.14.6	1Kgs.14.5	2
71637	1Kgs.14.9	1Kgs.14.22	2
71654	1Kgs.14.9	1Kgs.14.16	2
71697	1Kgs.14.12	1Kgs.14.3	2
71698	1Kgs.14.12	1Kgs.14.16-1Kgs.14.17	2
71721	1Kgs.14.15	1Kgs.14.9	2
71739	1Kgs.14.15	1Kgs.14.23-1Kgs.14.24	2
71766	1Kgs.14.17	1Kgs.14.12-1Kgs.14.13	2
71768	1Kgs.14.18	1Kgs.14.13	2
71778	1Kgs.14.19	1Kgs.14.29-1Kgs.14.30	2
71786	1Kgs.14.21	1Kgs.14.31	3
71804	1Kgs.14.22	1Kgs.14.9	3
71819	1Kgs.14.23	1Kgs.14.15	2
71855	1Kgs.14.27	1Kgs.14.1	2
71859	1Kgs.14.27	1Kgs.14.5	2
71865	1Kgs.14.29	1Kgs.14.19	2
71873	1Kgs.14.31	1Kgs.14.20-1Kgs.14.21	2
71883	1Kgs.15.2	1Kgs.15.13	2
71929	1Kgs.15.5	1Kgs.15.3	4
71941	1Kgs.15.10	1Kgs.15.13	2
71942	1Kgs.15.10	1Kgs.15.2	4
71946	1Kgs.15.11	1Kgs.15.3	2
71956	1Kgs.15.12	1Kgs.15.3	2
71964	1Kgs.15.13	1Kgs.15.2	2
71971	1Kgs.15.13	1Kgs.15.10	2
71982	1Kgs.15.14	1Kgs.15.3	5
71998	1Kgs.15.16	1Kgs.15.6-1Kgs.15.7	2
71999	1Kgs.15.16	1Kgs.15.32	5
72002	1Kgs.15.17	1Kgs.15.21-1Kgs.15.22	3
72004	1Kgs.15.17	1Kgs.15.27	2
72017	1Kgs.15.18	1Kgs.15.15	4
72041	1Kgs.15.21	1Kgs.15.17	2
72049	1Kgs.15.23	1Kgs.15.7-1Kgs.15.8	2
72067	1Kgs.15.26	1Kgs.15.34	4
72069	1Kgs.15.26	1Kgs.15.30	4
72081	1Kgs.15.27	1Kgs.15.16-1Kgs.15.17	2
72094	1Kgs.15.30	1Kgs.15.26	4
72101	1Kgs.15.32	1Kgs.15.16	3
72104	1Kgs.15.34	1Kgs.15.26	5
72111	1Kgs.16.1	1Kgs.16.7	4
72130	1Kgs.16.3	1Kgs.16.11-1Kgs.16.12	2
72140	1Kgs.16.6	1Kgs.16.13-1Kgs.16.14	2
72144	1Kgs.16.6	1Kgs.16.8	2
72153	1Kgs.16.7	1Kgs.16.1-1Kgs.16.2	2
72187	1Kgs.16.11	1Kgs.16.3	3
72189	1Kgs.16.12	1Kgs.16.3	2
72192	1Kgs.16.12	1Kgs.16.1	3
72194	1Kgs.16.12	1Kgs.16.7	2
72208	1Kgs.16.15	1Kgs.16.8	2
72214	1Kgs.16.16	1Kgs.16.30	2
72233	1Kgs.16.19	1Kgs.16.7	2
72235	1Kgs.16.19	1Kgs.16.13	2
72240	1Kgs.16.20	1Kgs.16.27	3
72243	1Kgs.16.20	1Kgs.16.5	3
72244	1Kgs.16.20	1Kgs.16.14	3
72245	1Kgs.16.21	1Kgs.16.8	2
72252	1Kgs.16.21	1Kgs.16.29	2
72255	1Kgs.16.23	1Kgs.16.8	2
72257	1Kgs.16.23	1Kgs.16.29	2
72263	1Kgs.16.24	1Kgs.16.28-1Kgs.16.29	3
72264	1Kgs.16.24	1Kgs.16.32	3
72270	1Kgs.16.25	1Kgs.16.33	3
72271	1Kgs.16.25	1Kgs.16.30-1Kgs.16.31	3
72280	1Kgs.16.26	1Kgs.16.2	2
72284	1Kgs.16.26	1Kgs.16.7	2
72286	1Kgs.16.26	1Kgs.16.13	3
72288	1Kgs.16.26	1Kgs.16.19	5
72289	1Kgs.16.27	1Kgs.16.5	2
72290	1Kgs.16.27	1Kgs.16.20	2
72291	1Kgs.16.27	1Kgs.16.14	2
72293	1Kgs.16.30	1Kgs.16.25	6
72294	1Kgs.16.30	1Kgs.16.31	2
72298	1Kgs.16.30	1Kgs.16.33	2
72328	1Kgs.16.33	1Kgs.16.29-1Kgs.16.30	2
72389	1Kgs.17.4	1Kgs.17.9	10
72425	1Kgs.17.8	1Kgs.17.2	2
72432	1Kgs.17.9	1Kgs.17.4	4
72442	1Kgs.17.11	1Kgs.17.9	2
72458	1Kgs.17.12	1Kgs.17.1	4
72487	1Kgs.17.14	1Kgs.17.4	6
72592	1Kgs.18.1	1Kgs.18.2	3
72614	1Kgs.18.3	1Kgs.18.12	2
72634	1Kgs.18.4	1Kgs.18.13	5
72662	1Kgs.18.8	1Kgs.18.3	3
72666	1Kgs.18.9	1Kgs.18.12	2
72679	1Kgs.18.10	1Kgs.18.15	2
72682	1Kgs.18.11	1Kgs.18.14	2
72683	1Kgs.18.11	1Kgs.18.8	2
72713	1Kgs.18.13	1Kgs.18.4	5
72721	1Kgs.18.15	1Kgs.18.10	3
72756	1Kgs.18.19	1Kgs.18.42-1Kgs.18.43	2
72763	1Kgs.18.19	1Kgs.18.22	2
72784	1Kgs.18.21	1Kgs.18.39	5
72806	1Kgs.18.22	1Kgs.18.19-1Kgs.18.20	2
72807	1Kgs.18.24	1Kgs.18.38	9
72826	1Kgs.18.26	1Kgs.18.24	2
72850	1Kgs.18.29	1Kgs.18.26	2
72897	1Kgs.18.35	1Kgs.18.38	2
72898	1Kgs.18.35	1Kgs.18.32	2
72901	1Kgs.18.36	1Kgs.18.21	3
72907	1Kgs.18.36	1Kgs.18.29	11
72943	1Kgs.18.37	1Kgs.18.24	3
72946	1Kgs.18.37	1Kgs.18.36	2
72948	1Kgs.18.37	1Kgs.18.29	2
72957	1Kgs.18.38	1Kgs.18.24	6
72962	1Kgs.18.39	1Kgs.18.24	6
72963	1Kgs.18.39	1Kgs.18.21	3
72976	1Kgs.18.41	1Kgs.18.1	6
72984	1Kgs.18.42	1Kgs.18.19-1Kgs.18.20	2
73009	1Kgs.18.45	1Kgs.18.39-1Kgs.18.40	1
73062	1Kgs.19.4	1Kgs.19.3	2
73110	1Kgs.19.9	1Kgs.19.13	4
73112	1Kgs.19.10	1Kgs.19.2	2
73133	1Kgs.19.10	1Kgs.19.14	2
73183	1Kgs.19.13	1Kgs.19.9	7
73198	1Kgs.19.14	1Kgs.19.9-1Kgs.19.10	2
73215	1Kgs.19.16	1Kgs.19.19-1Kgs.19.21	4
73240	1Kgs.19.19	1Kgs.19.13	2
73272	1Kgs.20.1	1Kgs.20.24	2
73281	1Kgs.20.1	1Kgs.20.16	2
73350	1Kgs.20.12	1Kgs.20.16	3
73366	1Kgs.20.13	1Kgs.20.28	7
73386	1Kgs.20.16	1Kgs.20.11-1Kgs.20.12	2
73387	1Kgs.20.17	1Kgs.20.14-1Kgs.20.15	2
73388	1Kgs.20.17	1Kgs.20.19	2
73416	1Kgs.20.22	1Kgs.20.13	5
73420	1Kgs.20.22	1Kgs.20.26	5
73424	1Kgs.20.22	1Kgs.20.38	2
73429	1Kgs.20.23	1Kgs.20.28	3
73439	1Kgs.20.24	1Kgs.20.1	2
73440	1Kgs.20.24	1Kgs.20.16	2
73443	1Kgs.20.26	1Kgs.20.22	3
73445	1Kgs.20.26	1Kgs.20.30	2
73471	1Kgs.20.28	1Kgs.20.13	8
73475	1Kgs.20.28	1Kgs.20.22-1Kgs.20.23	2
73494	1Kgs.20.30	1Kgs.20.20	2
73495	1Kgs.20.30	1Kgs.20.26	3
73498	1Kgs.20.30	1Kgs.20.10	2
73508	1Kgs.20.31	1Kgs.20.23	3
73525	1Kgs.20.32	1Kgs.20.3-1Kgs.20.6	3
73526	1Kgs.20.32	1Kgs.20.42	2
73532	1Kgs.20.32	1Kgs.20.31	2
73542	1Kgs.20.34	1Kgs.20.42	3
73548	1Kgs.20.35	1Kgs.20.37-1Kgs.20.38	2
73561	1Kgs.20.37	1Kgs.20.35	2
73569	1Kgs.20.39	1Kgs.20.42	2
73586	1Kgs.20.41	1Kgs.20.38	2
73589	1Kgs.20.42	1Kgs.20.39	3
73594	1Kgs.20.42	1Kgs.20.34	2
73648	1Kgs.21.4	1Kgs.21.3	2
73669	1Kgs.21.5	1Kgs.21.25	2
73674	1Kgs.21.6	1Kgs.21.2-1Kgs.21.4	2
73677	1Kgs.21.7	1Kgs.21.15-1Kgs.21.16	2
73692	1Kgs.21.8	1Kgs.21.1	2
73734	1Kgs.21.12	1Kgs.21.8-1Kgs.21.10	2
73771	1Kgs.21.15	1Kgs.21.7	2
73809	1Kgs.21.20	1Kgs.21.25	5
73839	1Kgs.21.23	1Kgs.21.25	2
73854	1Kgs.21.25	1Kgs.21.20	7
73861	1Kgs.21.25	1Kgs.21.7	3
73916	1Kgs.22.2	1Kgs.22.44	2
73919	1Kgs.22.2	1Kgs.22.41	2
73920	1Kgs.22.2	1Kgs.22.1	3
73965	1Kgs.22.6	1Kgs.22.22-1Kgs.22.23	2
73966	1Kgs.22.6	1Kgs.22.15	2
73983	1Kgs.22.8	1Kgs.22.27	4
73994	1Kgs.22.8	1Kgs.22.13	4
74010	1Kgs.22.9	1Kgs.22.26-1Kgs.22.27	2
74013	1Kgs.22.10	1Kgs.22.6	3
74023	1Kgs.22.10	1Kgs.22.30	3
74041	1Kgs.22.12	1Kgs.22.32-1Kgs.22.36	2
74090	1Kgs.22.17	1Kgs.22.34-1Kgs.22.36	5
74098	1Kgs.22.18	1Kgs.22.8	4
74129	1Kgs.22.21	1Kgs.22.23	2
74131	1Kgs.22.22	1Kgs.22.20	3
74155	1Kgs.22.23	1Kgs.22.8-1Kgs.22.11	3
74177	1Kgs.22.24	1Kgs.22.11	2
74241	1Kgs.22.30	1Kgs.22.10	2
74258	1Kgs.22.33	1Kgs.22.31	2
74267	1Kgs.22.35	1Kgs.22.28	3
74270	1Kgs.22.36	1Kgs.22.31	2
74272	1Kgs.22.36	1Kgs.22.17	2
74306	1Kgs.22.40	1Kgs.22.51	2
74308	1Kgs.22.41	1Kgs.22.2	2
74338	1Kgs.22.44	1Kgs.22.2	3
74382	1Kgs.22.50	1Kgs.22.40	2
74383	1Kgs.22.51	1Kgs.22.40	2
74427	2Kgs.1.2	2Kgs.1.16	6
74434	2Kgs.1.2	2Kgs.1.6	3
74435	2Kgs.1.2	2Kgs.1.3	3
74440	2Kgs.1.3	2Kgs.1.8	2
74442	2Kgs.1.3	2Kgs.1.6	2
74443	2Kgs.1.3	2Kgs.1.15-2Kgs.1.16	2
74452	2Kgs.1.3	2Kgs.1.2	2
74455	2Kgs.1.4	2Kgs.1.6	2
74457	2Kgs.1.4	2Kgs.1.16	3
74466	2Kgs.1.6	2Kgs.1.2-2Kgs.1.4	2
74525	2Kgs.1.12	2Kgs.1.9-2Kgs.1.10	2
74541	2Kgs.1.14	2Kgs.1.10-2Kgs.1.11	2
74555	2Kgs.1.15	2Kgs.1.3	3
74559	2Kgs.1.16	2Kgs.1.2-2Kgs.1.4	3
74565	2Kgs.1.16	2Kgs.1.6	1
74574	2Kgs.2.1	2Kgs.2.11	2
74593	2Kgs.2.2	2Kgs.2.4	3
74595	2Kgs.2.2	2Kgs.2.6	5
74604	2Kgs.2.3	2Kgs.2.5	2
74610	2Kgs.2.3	2Kgs.2.7	2
74611	2Kgs.2.3	2Kgs.2.15	2
74617	2Kgs.2.4	2Kgs.2.2	7
74627	2Kgs.2.5	2Kgs.2.3	6
74633	2Kgs.2.6	2Kgs.2.2	3
74635	2Kgs.2.7	2Kgs.2.17	2
74637	2Kgs.2.8	2Kgs.2.14	4
74669	2Kgs.2.10	2Kgs.2.12	3
74683	2Kgs.2.11	2Kgs.2.1	2
74707	2Kgs.2.13	2Kgs.2.8	1
74720	2Kgs.2.14	2Kgs.2.8-2Kgs.2.10	3
74724	2Kgs.2.15	2Kgs.2.19	2
74729	2Kgs.2.15	2Kgs.2.7	2
74792	2Kgs.2.23	2Kgs.2.11	1
74929	2Kgs.3.11	2Kgs.3.3	4
74947	2Kgs.3.13	2Kgs.3.10	3
75007	2Kgs.3.19	2Kgs.3.25	2
75028	2Kgs.3.25	2Kgs.3.19	5
75042	2Kgs.3.26	2Kgs.3.9	2
75072	2Kgs.4.1	2Kgs.4.38	3
75101	2Kgs.4.4	2Kgs.4.32-2Kgs.4.33	3
75117	2Kgs.4.6	2Kgs.4.43-2Kgs.4.44	2
75138	2Kgs.4.8	2Kgs.4.11-2Kgs.4.12	5
75142	2Kgs.4.8	2Kgs.4.18	2
75156	2Kgs.4.9	2Kgs.4.7	4
75169	2Kgs.4.12	2Kgs.4.29-2Kgs.4.31	4
75217	2Kgs.4.16	2Kgs.4.28	14
75239	2Kgs.4.21	2Kgs.4.7	2
75241	2Kgs.4.21	2Kgs.4.10	2
75242	2Kgs.4.21	2Kgs.4.32	3
75244	2Kgs.4.22	2Kgs.4.24	2
75245	2Kgs.4.22	2Kgs.4.26	2
75263	2Kgs.4.26	2Kgs.4.23	4
75287	2Kgs.4.27	2Kgs.4.25	2
75289	2Kgs.4.28	2Kgs.4.16	2
75330	2Kgs.4.33	2Kgs.4.4	6
75348	2Kgs.4.37	2Kgs.4.27	3
75388	2Kgs.4.40	2Kgs.4.9	2
75412	2Kgs.4.42	2Kgs.4.38	2
75434	2Kgs.5.1	2Kgs.5.27	1
75458	2Kgs.5.3	2Kgs.5.8	2
75481	2Kgs.5.5	2Kgs.5.22-2Kgs.5.23	2
75500	2Kgs.5.8	2Kgs.5.3	2
75503	2Kgs.5.8	2Kgs.5.7	2
75504	2Kgs.5.8	2Kgs.5.15	2
75519	2Kgs.5.10	2Kgs.5.14	4
75552	2Kgs.5.12	2Kgs.5.17	2
75564	2Kgs.5.13	2Kgs.5.3	2
75582	2Kgs.5.13	2Kgs.5.10	2
75583	2Kgs.5.14	2Kgs.5.10	6
75603	2Kgs.5.15	2Kgs.5.8	3
75627	2Kgs.5.16	2Kgs.5.26	4
75629	2Kgs.5.16	2Kgs.5.20	4
75638	2Kgs.5.17	2Kgs.5.12	2
75689	2Kgs.5.22	2Kgs.5.5	5
75705	2Kgs.5.23	2Kgs.5.16	2
75725	2Kgs.5.25	2Kgs.5.22	3
75741	2Kgs.5.26	2Kgs.5.16	4
75747	2Kgs.5.27	2Kgs.5.1	2
75791	2Kgs.6.5	2Kgs.6.15	3
75804	2Kgs.6.8	2Kgs.6.24	3
75815	2Kgs.6.9	2Kgs.6.12	2
75840	2Kgs.6.12	2Kgs.6.9-2Kgs.6.10	5
75878	2Kgs.6.15	2Kgs.6.5	2
75904	2Kgs.6.17	2Kgs.6.18-2Kgs.6.20	7
75932	2Kgs.6.20	2Kgs.6.17	4
75957	2Kgs.6.23	2Kgs.6.8-2Kgs.6.9	3
75977	2Kgs.6.25	2Kgs.6.28-2Kgs.6.29	4
76032	2Kgs.6.32	2Kgs.6.12	2
76074	2Kgs.7.1	2Kgs.7.18-2Kgs.7.19	3
76099	2Kgs.7.2	2Kgs.7.17-2Kgs.7.20	2
76106	2Kgs.7.3	2Kgs.7.4	4
76164	2Kgs.7.9	2Kgs.7.6	3
76166	2Kgs.7.9	2Kgs.7.3	3
76170	2Kgs.7.10	2Kgs.7.11	2
76172	2Kgs.7.10	2Kgs.7.6-2Kgs.7.7	2
76177	2Kgs.7.13	2Kgs.7.4	2
76199	2Kgs.7.16	2Kgs.7.1	6
76206	2Kgs.7.17	2Kgs.7.2	3
76211	2Kgs.7.18	2Kgs.7.1-2Kgs.7.2	3
76214	2Kgs.7.19	2Kgs.7.2	5
76250	2Kgs.8.3	2Kgs.8.6	2
76335	2Kgs.8.10	2Kgs.8.13-2Kgs.8.15	2
76387	2Kgs.8.13	2Kgs.8.10	3
76391	2Kgs.8.14	2Kgs.8.10	4
76407	2Kgs.8.15	2Kgs.8.13	4
76425	2Kgs.8.18	2Kgs.8.26	4
76449	2Kgs.8.20	2Kgs.8.22	3
76473	2Kgs.8.25	2Kgs.8.16-2Kgs.8.17	2
76482	2Kgs.8.27	2Kgs.8.18	2
76487	2Kgs.8.28	2Kgs.8.12-2Kgs.8.13	2
76492	2Kgs.8.28	2Kgs.8.15	2
76496	2Kgs.8.29	2Kgs.8.28	2
76519	2Kgs.9.2	2Kgs.9.11	5
76520	2Kgs.9.2	2Kgs.9.14	5
76521	2Kgs.9.2	2Kgs.9.5	5
76522	2Kgs.9.2	2Kgs.9.20	3
76556	2Kgs.9.6	2Kgs.9.3	4
76588	2Kgs.9.10	2Kgs.9.35-2Kgs.9.36	6
76589	2Kgs.9.10	2Kgs.9.3	3
76595	2Kgs.9.11	2Kgs.9.17	3
76600	2Kgs.9.11	2Kgs.9.22	3
76601	2Kgs.9.11	2Kgs.9.19	3
76619	2Kgs.9.14	2Kgs.9.31	2
76629	2Kgs.9.17	2Kgs.9.19	2
76645	2Kgs.9.18	2Kgs.9.22	3
76647	2Kgs.9.18	2Kgs.9.19	3
76661	2Kgs.9.21	2Kgs.9.25-2Kgs.9.26	2
76665	2Kgs.9.22	2Kgs.9.18	2
76741	2Kgs.9.33	2Kgs.9.26	2
76822	2Kgs.10.7	2Kgs.10.9	2
76865	2Kgs.10.14	2Kgs.10.6	2
76871	2Kgs.10.14	2Kgs.10.10-2Kgs.10.11	2
76872	2Kgs.10.15	2Kgs.10.13	2
76898	2Kgs.10.16	2Kgs.10.31	3
76904	2Kgs.10.17	2Kgs.10.10-2Kgs.10.11	2
76917	2Kgs.10.19	2Kgs.10.18	2
76987	2Kgs.10.30	2Kgs.10.35	5
76995	2Kgs.10.31	2Kgs.10.29	7
77063	2Kgs.11.4	2Kgs.11.19	4
77064	2Kgs.11.4	2Kgs.11.9	4
77065	2Kgs.11.4	2Kgs.11.17	3
77086	2Kgs.11.5	2Kgs.11.19	2
77094	2Kgs.11.7	2Kgs.11.5	2
77098	2Kgs.11.8	2Kgs.11.15	2
77100	2Kgs.11.9	2Kgs.11.4	2
77114	2Kgs.11.11	2Kgs.11.8	2
77115	2Kgs.11.11	2Kgs.11.10	2
77138	2Kgs.11.12	2Kgs.11.2	3
77147	2Kgs.11.12	2Kgs.11.4	2
77162	2Kgs.11.14	2Kgs.11.10-2Kgs.11.11	2
77165	2Kgs.11.14	2Kgs.11.1-2Kgs.11.2	2
77174	2Kgs.11.15	2Kgs.11.9-2Kgs.11.10	2
77175	2Kgs.11.15	2Kgs.11.4	2
77188	2Kgs.11.17	2Kgs.11.4	2
77219	2Kgs.11.19	2Kgs.11.4-2Kgs.11.6	2
77230	2Kgs.11.20	2Kgs.11.14	2
77234	2Kgs.11.21	2Kgs.11.4	2
77271	2Kgs.12.4	2Kgs.12.18	2
77281	2Kgs.12.5	2Kgs.12.12	2
77294	2Kgs.12.7	2Kgs.12.2	2
77353	2Kgs.12.18	2Kgs.12.4	2
77378	2Kgs.13.2	2Kgs.13.11	2
77389	2Kgs.13.3	2Kgs.13.24-2Kgs.13.25	5
77390	2Kgs.13.3	2Kgs.13.22	2
77397	2Kgs.13.4	2Kgs.13.22	2
77419	2Kgs.13.5	2Kgs.13.25	4
77432	2Kgs.13.6	2Kgs.13.2	4
77455	2Kgs.13.9	2Kgs.13.10	2
77456	2Kgs.13.9	2Kgs.13.13	2
77457	2Kgs.13.11	2Kgs.13.6	2
77459	2Kgs.13.11	2Kgs.13.2	3
77511	2Kgs.13.19	2Kgs.13.25	7
77534	2Kgs.13.22	2Kgs.13.3-2Kgs.13.7	2
77566	2Kgs.13.25	2Kgs.13.18-2Kgs.13.19	5
77571	2Kgs.14.1	2Kgs.14.15	2
77605	2Kgs.14.8	2Kgs.14.11	3
77641	2Kgs.14.10	2Kgs.14.7	2
77688	2Kgs.14.17	2Kgs.14.1-2Kgs.14.2	2
77689	2Kgs.14.17	2Kgs.14.23	2
77725	2Kgs.14.23	2Kgs.14.27	2
77777	2Kgs.15.1	2Kgs.15.13	3
77780	2Kgs.15.1	2Kgs.15.8	2
77789	2Kgs.15.4	2Kgs.15.35	2
77823	2Kgs.15.10	2Kgs.15.30	2
77828	2Kgs.15.10	2Kgs.15.25	2
77831	2Kgs.15.10	2Kgs.15.14	2
77850	2Kgs.15.13	2Kgs.15.1	3
77852	2Kgs.15.13	2Kgs.15.8	2
77863	2Kgs.15.15	2Kgs.15.11	2
77883	2Kgs.15.20	2Kgs.15.29	2
77894	2Kgs.15.24	2Kgs.15.9	4
77895	2Kgs.15.24	2Kgs.15.18	3
77897	2Kgs.15.25	2Kgs.15.10	2
77898	2Kgs.15.25	2Kgs.15.27	2
77902	2Kgs.15.27	2Kgs.15.13	2
77904	2Kgs.15.27	2Kgs.15.8	2
77907	2Kgs.15.27	2Kgs.15.2	2
77909	2Kgs.15.27	2Kgs.15.23	3
77910	2Kgs.15.27	2Kgs.15.37	2
77911	2Kgs.15.27	2Kgs.15.25	2
77912	2Kgs.15.28	2Kgs.15.9	2
77915	2Kgs.15.28	2Kgs.15.18	2
77950	2Kgs.15.30	2Kgs.15.25	2
77954	2Kgs.15.30	2Kgs.15.32-2Kgs.15.33	2
77958	2Kgs.15.30	2Kgs.15.10	2
77961	2Kgs.15.32	2Kgs.15.1	2
77962	2Kgs.15.32	2Kgs.15.27	2
77963	2Kgs.15.32	2Kgs.15.23	2
77966	2Kgs.15.32	2Kgs.15.7	4
77967	2Kgs.15.32	2Kgs.15.13	2
77970	2Kgs.15.32	2Kgs.15.17	2
77974	2Kgs.15.34	2Kgs.15.3-2Kgs.15.4	3
77979	2Kgs.15.35	2Kgs.15.4	2
77982	2Kgs.15.36	2Kgs.15.6-2Kgs.15.7	2
78091	2Kgs.16.8	2Kgs.16.17-2Kgs.16.18	2
78137	2Kgs.16.14	2Kgs.16.11	2
78148	2Kgs.16.15	2Kgs.16.14	2
78163	2Kgs.16.16	2Kgs.16.11	2
78260	2Kgs.17.7	2Kgs.17.35	2
78269	2Kgs.17.8	2Kgs.17.19	2
78328	2Kgs.17.13	2Kgs.17.23	2
78366	2Kgs.17.15	2Kgs.17.11-2Kgs.17.12	3
78369	2Kgs.17.15	2Kgs.17.8	3
78387	2Kgs.17.16	2Kgs.17.10	2
78400	2Kgs.17.17	2Kgs.17.11	2
78442	2Kgs.17.20	2Kgs.17.18	2
78456	2Kgs.17.20	2Kgs.17.15	2
78489	2Kgs.17.23	2Kgs.17.6	6
78491	2Kgs.17.23	2Kgs.17.18	2
78492	2Kgs.17.23	2Kgs.17.13	5
78495	2Kgs.17.23	2Kgs.17.20	3
78501	2Kgs.17.24	2Kgs.17.30-2Kgs.17.31	3
78504	2Kgs.17.24	2Kgs.17.6	2
78513	2Kgs.17.25	2Kgs.17.41	3
78515	2Kgs.17.25	2Kgs.17.28	2
78516	2Kgs.17.25	2Kgs.17.34	3
78524	2Kgs.17.25	2Kgs.17.32	3
78528	2Kgs.17.26	2Kgs.17.27	2
78546	2Kgs.17.30	2Kgs.17.24	2
78548	2Kgs.17.31	2Kgs.17.17	4
78552	2Kgs.17.31	2Kgs.17.24	5
78557	2Kgs.17.32	2Kgs.17.29	4
78563	2Kgs.17.33	2Kgs.17.41	6
78566	2Kgs.17.34	2Kgs.17.33	3
78571	2Kgs.17.34	2Kgs.17.27-2Kgs.17.28	3
78572	2Kgs.17.34	2Kgs.17.25	3
78578	2Kgs.17.35	2Kgs.17.15	3
78622	2Kgs.17.39	2Kgs.17.36	3
78624	2Kgs.17.40	2Kgs.17.34	2
78625	2Kgs.17.40	2Kgs.17.8	2
78626	2Kgs.17.40	2Kgs.17.12	2
78630	2Kgs.17.41	2Kgs.17.32-2Kgs.17.33	5
78640	2Kgs.18.1	2Kgs.18.9	1
78671	2Kgs.18.4	2Kgs.18.22	4
78719	2Kgs.18.7	2Kgs.18.20	4
78737	2Kgs.18.9	2Kgs.18.1	2
78790	2Kgs.18.14	2Kgs.18.7	4
78823	2Kgs.18.19	2Kgs.18.22	2
78824	2Kgs.18.19	2Kgs.18.29-2Kgs.18.30	2
78838	2Kgs.18.22	2Kgs.18.4-2Kgs.18.5	2
78863	2Kgs.18.24	2Kgs.18.21	2
78874	2Kgs.18.26	2Kgs.18.18	1
78885	2Kgs.18.28	2Kgs.18.19	2
78920	2Kgs.18.32	2Kgs.18.11	2
78961	2Kgs.18.37	2Kgs.18.26	2
79019	2Kgs.19.4	2Kgs.19.22	2
79055	2Kgs.19.7	2Kgs.19.35-2Kgs.19.37	2
79076	2Kgs.19.11	2Kgs.19.17-2Kgs.19.18	2
79138	2Kgs.19.16	2Kgs.19.4	5
79170	2Kgs.19.19	2Kgs.19.15	1
79216	2Kgs.19.22	2Kgs.19.4	2
79218	2Kgs.19.22	2Kgs.19.6	1
79276	2Kgs.19.28	2Kgs.19.36-2Kgs.19.37	2
79291	2Kgs.19.28	2Kgs.19.33	5
79302	2Kgs.19.29	2Kgs.19.31-2Kgs.19.34	2
79304	2Kgs.19.29	2Kgs.19.21	2
79312	2Kgs.19.30	2Kgs.19.4	5
79320	2Kgs.19.31	2Kgs.19.4	1
79334	2Kgs.19.33	2Kgs.19.28	6
79335	2Kgs.19.33	2Kgs.19.36	3
79372	2Kgs.19.36	2Kgs.19.28	3
79373	2Kgs.19.36	2Kgs.19.33	3
79378	2Kgs.19.36	2Kgs.19.7	3
79382	2Kgs.19.37	2Kgs.19.7	3
79384	2Kgs.19.37	2Kgs.19.10	2
79451	2Kgs.20.5	2Kgs.20.7-2Kgs.20.8	5
79483	2Kgs.20.8	2Kgs.20.5	3
79543	2Kgs.20.15	2Kgs.20.13	3
79599	2Kgs.21.2	2Kgs.21.7	2
79601	2Kgs.21.2	2Kgs.21.16	2
79664	2Kgs.21.7	2Kgs.21.4	3
79719	2Kgs.21.11	2Kgs.21.9	4
79723	2Kgs.21.11	2Kgs.21.21	2
79724	2Kgs.21.11	2Kgs.21.16	2
79731	2Kgs.21.11	2Kgs.21.2	2
79802	2Kgs.21.16	2Kgs.21.7	2
79804	2Kgs.21.16	2Kgs.21.11	3
79815	2Kgs.21.18	2Kgs.21.26	3
79831	2Kgs.21.20	2Kgs.21.11	2
79858	2Kgs.21.25	2Kgs.21.17	2
79860	2Kgs.21.26	2Kgs.21.18	3
79921	2Kgs.22.9	2Kgs.22.3	2
79924	2Kgs.22.9	2Kgs.22.12	2
79941	2Kgs.22.11	2Kgs.22.19	3
79952	2Kgs.22.12	2Kgs.22.9	2
80069	2Kgs.22.19	2Kgs.22.11	3
80148	2Kgs.23.4	2Kgs.23.15	2
80181	2Kgs.23.6	2Kgs.23.15	4
80231	2Kgs.23.11	2Kgs.23.5	2
80236	2Kgs.23.12	2Kgs.23.4	2
80240	2Kgs.23.12	2Kgs.23.6	2
80262	2Kgs.23.14	2Kgs.23.16	3
80269	2Kgs.23.15	2Kgs.23.6	3
80344	2Kgs.23.25	2Kgs.23.3	3
80381	2Kgs.23.29	2Kgs.23.33-2Kgs.23.35	2
80409	2Kgs.23.33	2Kgs.23.29	2
80420	2Kgs.23.35	2Kgs.23.33	3
80433	2Kgs.23.37	2Kgs.23.32	2
80535	2Kgs.24.14	2Kgs.24.16	4
80546	2Kgs.24.15	2Kgs.24.8	2
80547	2Kgs.24.16	2Kgs.24.14	2
80609	2Kgs.25.4	2Kgs.25.5	2
80657	2Kgs.25.8	2Kgs.25.27	2
80717	2Kgs.25.18	2Kgs.25.24-2Kgs.25.26	2
80740	2Kgs.25.22	2Kgs.25.25	2
80942	1Chr.1.34	1Chr.1.28	2
80954	1Chr.1.36	1Chr.1.53	2
81023	1Chr.2.9	1Chr.2.42	3
81025	1Chr.2.9	1Chr.2.18-1Chr.2.19	2
81028	1Chr.2.9	1Chr.2.24	2
81067	1Chr.2.19	1Chr.2.24	2
81069	1Chr.2.19	1Chr.2.50	3
81090	1Chr.2.24	1Chr.2.9	2
81093	1Chr.2.24	1Chr.2.18-1Chr.2.19	2
81094	1Chr.2.31	1Chr.2.34-1Chr.2.35	3
81098	1Chr.2.42	1Chr.2.18-1Chr.2.19	2
81101	1Chr.2.42	1Chr.2.23-1Chr.2.24	2
81103	1Chr.2.42	1Chr.2.52	2
81105	1Chr.2.42	1Chr.2.49	2
81109	1Chr.2.42	1Chr.2.45	2
81112	1Chr.2.46	1Chr.2.18-1Chr.2.19	2
81113	1Chr.2.46	1Chr.2.48	2
81115	1Chr.2.48	1Chr.2.46	2
81116	1Chr.2.49	1Chr.2.42	2
81121	1Chr.2.50	1Chr.2.19-1Chr.2.20	2
81123	1Chr.2.50	1Chr.2.53	2
81256	1Chr.3.16	1Chr.3.15	2
81293	1Chr.4.4	1Chr.4.39	4
81295	1Chr.4.4	1Chr.4.18	5
81365	1Chr.4.17	1Chr.4.19	3
81371	1Chr.4.18	1Chr.4.4	4
81373	1Chr.4.18	1Chr.4.39	4
81407	1Chr.4.39	1Chr.4.4	3
81408	1Chr.4.39	1Chr.4.18	3
81421	1Chr.4.41	1Chr.4.34-1Chr.4.38	2
81481	1Chr.5.6	1Chr.5.26	4
81482	1Chr.5.7	1Chr.5.17	3
81483	1Chr.5.8	1Chr.5.4	3
81494	1Chr.5.10	1Chr.5.18-1Chr.5.21	3
81514	1Chr.5.19	1Chr.5.10	3
81522	1Chr.5.20	1Chr.5.22	12
81571	1Chr.5.26	1Chr.5.6	6
81577	1Chr.6.1	1Chr.6.16	2
81582	1Chr.6.1	1Chr.6.20	2
81603	1Chr.6.4	1Chr.6.4-1Chr.6.6	2
81607	1Chr.6.4	1Chr.6.50	4
81658	1Chr.6.16	1Chr.6.1	2
81664	1Chr.6.18	1Chr.6.2-1Chr.6.3	2
81670	1Chr.6.20	1Chr.6.43	2
81671	1Chr.6.22	1Chr.6.2	2
81672	1Chr.6.22	1Chr.6.18	2
81676	1Chr.6.25	1Chr.6.35-1Chr.6.36	2
81678	1Chr.6.26	1Chr.6.35	2
81682	1Chr.6.28	1Chr.6.33	4
81683	1Chr.6.29	1Chr.6.19	3
81705	1Chr.6.32	1Chr.6.10	2
81709	1Chr.6.33	1Chr.6.28	4
81760	1Chr.6.43	1Chr.6.20	2
81761	1Chr.6.43	1Chr.6.1	2
81765	1Chr.6.43	1Chr.6.16-1Chr.6.17	2
81823	1Chr.6.53	1Chr.6.8	2
81873	1Chr.6.61	1Chr.6.1-1Chr.6.2	2
81876	1Chr.6.61	1Chr.6.33	2
81877	1Chr.6.61	1Chr.6.66-1Chr.6.70	2
81878	1Chr.6.61	1Chr.6.18	2
81882	1Chr.6.63	1Chr.6.77-1Chr.6.81	2
81890	1Chr.6.65	1Chr.6.57-1Chr.6.60	2
81932	1Chr.6.80	1Chr.6.73	2
81957	1Chr.7.6	1Chr.7.10-1Chr.7.11	2
81964	1Chr.7.12	1Chr.7.15	2
82202	1Chr.9.22	1Chr.9.31	3
82205	1Chr.9.22	1Chr.9.16	2
82210	1Chr.9.22	1Chr.9.25-1Chr.9.26	2
82246	1Chr.9.31	1Chr.9.19	4
82247	1Chr.9.31	1Chr.9.22	3
82248	1Chr.9.31	1Chr.9.26	2
82251	1Chr.9.31	1Chr.9.17	2
82264	1Chr.9.34	1Chr.9.13	2
82271	1Chr.9.36	1Chr.9.39	2
82285	1Chr.10.1	1Chr.10.8	5
82311	1Chr.10.4	1Chr.10.5	2
82344	1Chr.10.9	1Chr.10.4	2
82424	1Chr.11.4	1Chr.11.5	3
82432	1Chr.11.5	1Chr.11.7	2
82460	1Chr.11.7	1Chr.11.5	2
82486	1Chr.11.10	1Chr.11.3	3
82494	1Chr.11.12	1Chr.11.21	2
82496	1Chr.11.12	1Chr.11.19	2
82609	1Chr.12.2	1Chr.12.29	2
82630	1Chr.12.8	1Chr.12.16	2
82697	1Chr.12.21	1Chr.12.20	2
82729	1Chr.12.29	1Chr.12.2	4
82748	1Chr.12.36	1Chr.12.33	2
82760	1Chr.12.38	1Chr.12.17-1Chr.12.18	2
82765	1Chr.12.38	1Chr.12.33	2
82814	1Chr.13.5	1Chr.13.6	2
82956	1Chr.14.9	1Chr.14.13	3
82964	1Chr.14.10	1Chr.14.14	4
82985	1Chr.14.13	1Chr.14.9	5
82987	1Chr.14.14	1Chr.14.10	3
83020	1Chr.15.1	1Chr.15.3	3
83042	1Chr.15.3	1Chr.15.12	2
83045	1Chr.15.3	1Chr.15.1	4
83053	1Chr.15.7	1Chr.15.11	3
83080	1Chr.15.12	1Chr.15.1	2
83085	1Chr.15.12	1Chr.15.3	2
83087	1Chr.15.12	1Chr.15.14	4
83094	1Chr.15.13	1Chr.15.2	5
83139	1Chr.15.16	1Chr.15.27-1Chr.15.28	2
83142	1Chr.15.16	1Chr.15.12	2
83146	1Chr.15.17	1Chr.15.19	2
83159	1Chr.15.19	1Chr.15.16	2
83174	1Chr.15.21	1Chr.15.18	2
83177	1Chr.15.22	1Chr.15.27	2
83179	1Chr.15.22	1Chr.15.16	2
83184	1Chr.15.24	1Chr.15.18	2
83190	1Chr.15.24	1Chr.15.23	2
83192	1Chr.15.24	1Chr.15.28	3
83227	1Chr.15.28	1Chr.15.16	3
83299	1Chr.16.4	1Chr.16.8	2
83323	1Chr.16.8	1Chr.16.34	7
83363	1Chr.16.12	1Chr.16.8-1Chr.16.9	2
83383	1Chr.16.14	1Chr.16.12	2
83454	1Chr.16.23	1Chr.16.9	2
83527	1Chr.16.30	1Chr.16.23	2
83528	1Chr.16.30	1Chr.16.25	2
83573	1Chr.16.35	1Chr.16.9-1Chr.16.10	2
83598	1Chr.16.37	1Chr.16.4-1Chr.16.6	2
83619	1Chr.16.41	1Chr.16.34	3
83621	1Chr.16.41	1Chr.16.37	2
83662	1Chr.17.1	1Chr.17.5	4
83725	1Chr.17.8	1Chr.17.17	3
83741	1Chr.17.8	1Chr.17.2	6
83810	1Chr.17.13	1Chr.17.12	3
83847	1Chr.17.17	1Chr.17.11-1Chr.17.15	3
83848	1Chr.17.17	1Chr.17.7-1Chr.17.8	3
83992	1Chr.18.5	1Chr.18.3	2
83995	1Chr.18.6	1Chr.18.2	2
84063	1Chr.18.13	1Chr.18.6	4
84180	1Chr.19.11	1Chr.19.9	2
84215	1Chr.19.17	1Chr.19.9	2
84218	1Chr.19.18	1Chr.19.13-1Chr.19.14	2
84329	1Chr.21.7	1Chr.21.14	2
84380	1Chr.21.12	1Chr.21.15-1Chr.21.16	2
84460	1Chr.21.17	1Chr.21.8	2
84476	1Chr.21.18	1Chr.21.11	2
84480	1Chr.21.18	1Chr.21.15	2
84521	1Chr.21.27	1Chr.21.15-1Chr.21.16	3
84523	1Chr.21.27	1Chr.21.20	2
84524	1Chr.21.27	1Chr.21.12	2
84545	1Chr.21.30	1Chr.21.16	2
84575	1Chr.22.3	1Chr.22.14	5
84664	1Chr.22.11	1Chr.22.16	5
84698	1Chr.22.14	1Chr.22.3	5
84709	1Chr.22.16	1Chr.22.11	6
84718	1Chr.22.16	1Chr.22.14	2
84720	1Chr.22.16	1Chr.22.3	2
84728	1Chr.22.18	1Chr.22.9	8
84746	1Chr.22.19	1Chr.22.16	2
84748	1Chr.22.19	1Chr.22.7	7
84774	1Chr.23.3	1Chr.23.24	3
84781	1Chr.23.4	1Chr.23.28-1Chr.23.32	2
84876	1Chr.23.19	1Chr.23.12	2
84879	1Chr.23.21	1Chr.23.6	2
84888	1Chr.23.24	1Chr.23.27	2
84898	1Chr.23.24	1Chr.23.3	5
84923	1Chr.23.27	1Chr.23.3	2
84924	1Chr.23.27	1Chr.23.24	3
84937	1Chr.23.28	1Chr.23.4	2
85006	1Chr.24.3	1Chr.24.31	3
85009	1Chr.24.3	1Chr.24.6	2
85023	1Chr.24.5	1Chr.24.31	3
85063	1Chr.24.19	1Chr.24.1	2
85091	1Chr.24.31	1Chr.24.5-1Chr.24.6	5
85111	1Chr.25.1	1Chr.25.3	3
85126	1Chr.25.2	1Chr.25.1	4
85129	1Chr.25.2	1Chr.25.6	5
85134	1Chr.25.2	1Chr.25.3	2
85141	1Chr.25.3	1Chr.25.21	2
85148	1Chr.25.4	1Chr.25.28	2
85151	1Chr.25.4	1Chr.25.20	1
85155	1Chr.25.4	1Chr.25.30	2
85158	1Chr.25.4	1Chr.25.22	2
85167	1Chr.25.6	1Chr.25.1-1Chr.25.3	3
85203	1Chr.26.6	1Chr.26.8	2
85214	1Chr.26.9	1Chr.26.14	2
85215	1Chr.26.9	1Chr.26.1	1
85223	1Chr.26.15	1Chr.26.17	2
85227	1Chr.26.16	1Chr.26.10-1Chr.26.12	2
85233	1Chr.26.20	1Chr.26.24	2
85237	1Chr.26.20	1Chr.26.26-1Chr.26.28	2
85243	1Chr.26.20	1Chr.26.22	4
85251	1Chr.26.22	1Chr.26.20	2
85275	1Chr.26.29	1Chr.26.23	2
85388	1Chr.27.34	1Chr.27.5	2
85456	1Chr.28.7	1Chr.28.10	2
85552	1Chr.28.10	1Chr.28.6	5
85553	1Chr.28.11	1Chr.28.19	5
85624	1Chr.28.19	1Chr.28.11-1Chr.28.12	7
85633	1Chr.28.20	1Chr.28.10	7
85646	1Chr.28.21	1Chr.28.13	2
85656	1Chr.29.1	1Chr.29.19	2
85705	1Chr.29.9	1Chr.29.17	3
85724	1Chr.29.10	1Chr.29.20	2
85824	1Chr.29.14	1Chr.29.9	5
85853	1Chr.29.16	1Chr.29.14	4
85871	1Chr.29.17	1Chr.29.9	2
85900	1Chr.29.19	1Chr.29.1-1Chr.29.2	2
86096	2Chr.1.13	2Chr.1.3	2
86108	2Chr.1.15	2Chr.1.12	2
86123	2Chr.2.2	2Chr.2.18	5
86134	2Chr.2.4	2Chr.2.1	4
86144	2Chr.2.5	2Chr.2.9	2
86166	2Chr.2.7	2Chr.2.13-2Chr.2.14	3
86174	2Chr.2.9	2Chr.2.5	2
86193	2Chr.2.12	2Chr.2.1	2
86206	2Chr.2.14	2Chr.2.7	4
86209	2Chr.2.15	2Chr.2.10	5
86221	2Chr.2.17	2Chr.2.2	2
86222	2Chr.2.18	2Chr.2.2	3
86301	2Chr.4.6	2Chr.4.2	2
86345	2Chr.4.16	2Chr.4.11	3
86366	2Chr.4.19	2Chr.4.8	2
86375	2Chr.4.20	2Chr.4.7	3
86381	2Chr.4.21	2Chr.4.5	2
86399	2Chr.5.2	2Chr.5.12	2
86410	2Chr.5.2	2Chr.5.1	2
86418	2Chr.5.4	2Chr.5.7	2
86668	2Chr.6.17	2Chr.6.14	4
86673	2Chr.6.17	2Chr.6.4	4
86705	2Chr.6.20	2Chr.6.6	4
86713	2Chr.6.21	2Chr.6.39	4
86831	2Chr.6.29	2Chr.6.12-2Chr.6.13	2
86905	2Chr.6.34	2Chr.6.6	2
86955	2Chr.6.38	2Chr.6.34	2
86958	2Chr.6.39	2Chr.6.35	2
87070	2Chr.7.6	2Chr.7.3	3
87147	2Chr.7.12	2Chr.7.16	4
87197	2Chr.7.16	2Chr.7.12	10
87204	2Chr.7.16	2Chr.7.15	12
87299	2Chr.8.6	2Chr.8.4	2
87394	2Chr.9.1	2Chr.9.9	4
87444	2Chr.9.6	2Chr.9.5	2
87482	2Chr.9.9	2Chr.9.24	2
87483	2Chr.9.9	2Chr.9.1	2
87522	2Chr.9.20	2Chr.9.27	2
87547	2Chr.9.23	2Chr.9.6-2Chr.9.7	2
87560	2Chr.9.24	2Chr.9.9	2
87578	2Chr.9.27	2Chr.9.20	2
87583	2Chr.9.28	2Chr.9.25	2
87660	2Chr.10.9	2Chr.10.6	2
87683	2Chr.10.12	2Chr.10.5	2
87687	2Chr.10.13	2Chr.10.8	2
87700	2Chr.10.14	2Chr.10.10-2Chr.10.11	2
87738	2Chr.10.16	2Chr.10.19	5
87765	2Chr.10.19	2Chr.10.16	2
87800	2Chr.11.5	2Chr.11.23	2
87842	2Chr.11.11	2Chr.11.23	2
87902	2Chr.11.20	2Chr.11.21	2
87905	2Chr.11.21	2Chr.11.23	5
87935	2Chr.12.1	2Chr.12.13	6
87970	2Chr.12.5	2Chr.12.1-2Chr.12.2	2
88041	2Chr.12.12	2Chr.12.6-2Chr.12.7	5
88082	2Chr.12.15	2Chr.12.5	4
88266	2Chr.13.17	2Chr.13.12	2
88268	2Chr.13.17	2Chr.13.3	2
88362	2Chr.14.7	2Chr.14.6	4
88367	2Chr.14.7	2Chr.14.4	2
88451	2Chr.14.13	2Chr.14.14	3
88488	2Chr.15.2	2Chr.15.15	14
88509	2Chr.15.2	2Chr.15.4	26
88540	2Chr.15.4	2Chr.15.15	5
88647	2Chr.15.12	2Chr.15.4	2
88665	2Chr.15.15	2Chr.15.4	3
88676	2Chr.15.15	2Chr.15.6	2
88682	2Chr.15.15	2Chr.15.2	2
88684	2Chr.15.15	2Chr.15.12	5
88775	2Chr.16.8	2Chr.16.7	4
88834	2Chr.16.12	2Chr.16.9	7
89000	2Chr.17.11	2Chr.17.5	3
89035	2Chr.17.19	2Chr.17.2	4
89037	2Chr.17.19	2Chr.17.12	2
89050	2Chr.18.1	2Chr.18.31	2
89084	2Chr.18.5	2Chr.18.20-2Chr.18.21	2
89095	2Chr.18.5	2Chr.18.14	2
89106	2Chr.18.7	2Chr.18.13	2
89128	2Chr.18.8	2Chr.18.25-2Chr.18.26	2
89135	2Chr.18.9	2Chr.18.29	2
89154	2Chr.18.11	2Chr.18.33-2Chr.18.34	2
89156	2Chr.18.11	2Chr.18.5	2
89158	2Chr.18.11	2Chr.18.12	2
89200	2Chr.18.16	2Chr.18.33-2Chr.18.34	2
89213	2Chr.18.17	2Chr.18.7	2
89251	2Chr.18.21	2Chr.18.19	2
89252	2Chr.18.21	2Chr.18.22	2
89269	2Chr.18.22	2Chr.18.7	2
89274	2Chr.18.22	2Chr.18.17	2
89278	2Chr.18.23	2Chr.18.10	2
89294	2Chr.18.25	2Chr.18.8	3
89300	2Chr.18.26	2Chr.18.15	2
89360	2Chr.18.34	2Chr.18.27	2
89361	2Chr.18.34	2Chr.18.19	2
89362	2Chr.18.34	2Chr.18.16	2
89421	2Chr.19.5	2Chr.19.8	2
89463	2Chr.19.9	2Chr.19.7	4
89470	2Chr.19.10	2Chr.19.2	2
89482	2Chr.19.11	2Chr.19.8	4
89498	2Chr.19.11	2Chr.19.6	2
89593	2Chr.20.10	2Chr.20.22	2
89594	2Chr.20.10	2Chr.20.1	5
89651	2Chr.20.17	2Chr.20.22-2Chr.20.23	18
89724	2Chr.20.22	2Chr.20.10	2
89836	2Chr.21.1	2Chr.21.20	2
89844	2Chr.21.2	2Chr.21.4	2
89858	2Chr.21.4	2Chr.21.17	3
89886	2Chr.21.8	2Chr.21.10	2
89903	2Chr.21.11	2Chr.21.13	2
89928	2Chr.21.13	2Chr.21.11	4
89934	2Chr.21.13	2Chr.21.6	3
89939	2Chr.21.13	2Chr.21.4	6
89953	2Chr.21.15	2Chr.21.18-2Chr.21.19	8
89976	2Chr.21.18	2Chr.21.15	5
90021	2Chr.22.6	2Chr.22.7	2
90022	2Chr.22.6	2Chr.22.1	2
90047	2Chr.22.9	2Chr.22.8	2
90050	2Chr.22.10	2Chr.22.2-2Chr.22.4	2
90086	2Chr.23.3	2Chr.23.16	2
90231	2Chr.24.3	2Chr.24.15	2
90261	2Chr.24.9	2Chr.24.6	4
90311	2Chr.24.18	2Chr.24.4	4
90388	2Chr.24.23	2Chr.24.17-2Chr.24.18	2
90397	2Chr.24.24	2Chr.24.20	2
90410	2Chr.24.25	2Chr.24.16	2
90412	2Chr.24.25	2Chr.24.21-2Chr.24.22	3
90417	2Chr.24.27	2Chr.24.12	2
90432	2Chr.25.2	2Chr.25.14	9
90512	2Chr.25.15	2Chr.25.11-2Chr.25.12	3
90517	2Chr.25.15	2Chr.25.7	2
90544	2Chr.25.17	2Chr.25.13	2
90574	2Chr.25.20	2Chr.25.16	2
90749	2Chr.26.23	2Chr.26.18	2
90784	2Chr.27.8	2Chr.27.1	2
90871	2Chr.28.9	2Chr.28.5	2
90891	2Chr.28.11	2Chr.28.8	2
90907	2Chr.28.15	2Chr.28.12	2
90986	2Chr.28.25	2Chr.28.3	3
91007	2Chr.29.3	2Chr.29.7	4
91024	2Chr.29.5	2Chr.29.15-2Chr.29.16	2
91026	2Chr.29.5	2Chr.29.34	2
91054	2Chr.29.7	2Chr.29.3	2
91110	2Chr.29.15	2Chr.29.5	3
91128	2Chr.29.17	2Chr.29.3	2
91130	2Chr.29.17	2Chr.29.7	2
91238	2Chr.29.34	2Chr.29.5	2
91260	2Chr.30.1	2Chr.30.10-2Chr.30.11	2
91271	2Chr.30.2	2Chr.30.13	2
91274	2Chr.30.2	2Chr.30.15	2
91368	2Chr.30.10	2Chr.30.6	3
91383	2Chr.30.11	2Chr.30.18	4
91385	2Chr.30.11	2Chr.30.21	4
91390	2Chr.30.11	2Chr.30.25	3
91411	2Chr.30.13	2Chr.30.2	2
91422	2Chr.30.15	2Chr.30.24	2
91442	2Chr.30.18	2Chr.30.11	3
91444	2Chr.30.18	2Chr.30.25	3
91492	2Chr.30.21	2Chr.30.26	2
91516	2Chr.30.24	2Chr.30.3	2
91523	2Chr.30.25	2Chr.30.18	4
91525	2Chr.30.25	2Chr.30.11	5
91584	2Chr.31.4	2Chr.31.16	2
91655	2Chr.31.13	2Chr.31.4	2
91658	2Chr.31.13	2Chr.31.10-2Chr.31.11	2
91683	2Chr.31.15	2Chr.31.13	2
91687	2Chr.31.17	2Chr.31.2	2
91701	2Chr.31.18	2Chr.31.15	2
91705	2Chr.31.19	2Chr.31.12-2Chr.31.15	5
91758	2Chr.32.4	2Chr.32.30	4
91761	2Chr.32.4	2Chr.32.1	2
91817	2Chr.32.8	2Chr.32.15	3
91841	2Chr.32.11	2Chr.32.15	2
91878	2Chr.32.13	2Chr.32.19	2
91889	2Chr.32.15	2Chr.32.11	2
91920	2Chr.32.19	2Chr.32.13-2Chr.32.17	2
92017	2Chr.32.25	2Chr.32.31	4
92069	2Chr.32.30	2Chr.32.4	2
92088	2Chr.32.31	2Chr.32.24	6
92156	2Chr.33.4	2Chr.33.15	2
92191	2Chr.33.7	2Chr.33.4	4
92193	2Chr.33.7	2Chr.33.15	2
92221	2Chr.33.9	2Chr.33.2	3
92250	2Chr.33.12	2Chr.33.23	3
92254	2Chr.33.12	2Chr.33.18-2Chr.33.19	2
92300	2Chr.33.15	2Chr.33.3-2Chr.33.7	4
92307	2Chr.33.16	2Chr.33.9	2
92321	2Chr.33.18	2Chr.33.12-2Chr.33.13	4
92329	2Chr.33.18	2Chr.33.10	2
92331	2Chr.33.18	2Chr.33.19	5
92348	2Chr.33.21	2Chr.33.1	2
92358	2Chr.33.23	2Chr.33.19	3
92362	2Chr.33.23	2Chr.33.1	2
92363	2Chr.33.23	2Chr.33.12	6
92426	2Chr.34.4	2Chr.34.7	2
92438	2Chr.34.5	2Chr.34.7	2
92452	2Chr.34.7	2Chr.34.1	2
92470	2Chr.34.9	2Chr.34.18	2
92473	2Chr.34.9	2Chr.34.22	2
92478	2Chr.34.9	2Chr.34.14-2Chr.34.15	2
92480	2Chr.34.9	2Chr.34.20	2
92522	2Chr.34.14	2Chr.34.9	2
92615	2Chr.34.26	2Chr.34.23	2
92616	2Chr.34.26	2Chr.34.21	2
92628	2Chr.34.27	2Chr.34.19	4
92650	2Chr.34.30	2Chr.34.15	2
92656	2Chr.34.30	2Chr.34.24	2
92661	2Chr.34.30	2Chr.34.18-2Chr.34.19	2
92698	2Chr.34.33	2Chr.34.3-2Chr.34.7	4
92785	2Chr.35.10	2Chr.35.4-2Chr.35.5	3
92846	2Chr.35.22	2Chr.35.21	3
92931	2Chr.36.10	2Chr.36.18	2
92932	2Chr.36.10	2Chr.36.7	3
93049	2Chr.36.18	2Chr.36.10	5
93050	2Chr.36.18	2Chr.36.7	5
93072	2Chr.36.20	2Chr.36.22	2
93087	2Chr.36.22	2Chr.36.21	5
93171	Ezra.1.5	Ezra.1.1	7
93175	Ezra.1.6	Ezra.1.4	3
93194	Ezra.1.8	Ezra.1.11	2
93257	Ezra.2.7	Ezra.2.31	2
93314	Ezra.2.31	Ezra.2.7	3
93350	Ezra.2.43	Ezra.2.58	2
93523	Ezra.3.9	Ezra.3.8	2
93594	Ezra.4.1	Ezra.4.7-Ezra.4.10	2
93635	Ezra.4.5	Ezra.4.24	2
93645	Ezra.4.7	Ezra.4.9	4
93646	Ezra.4.7	Ezra.4.17	4
93654	Ezra.4.8	Ezra.4.9	3
93668	Ezra.4.10	Ezra.4.17	5
93670	Ezra.4.10	Ezra.4.11	4
93673	Ezra.4.10	Ezra.4.1	3
93684	Ezra.4.12	Ezra.4.15	2
93690	Ezra.4.12	Ezra.4.19	2
93698	Ezra.4.13	Ezra.4.20	2
93705	Ezra.4.15	Ezra.4.12	3
93714	Ezra.4.16	Ezra.4.20	2
93717	Ezra.4.17	Ezra.4.7	2
93720	Ezra.4.17	Ezra.4.9-Ezra.4.11	2
93725	Ezra.4.19	Ezra.4.15	2
93734	Ezra.4.20	Ezra.4.16	2
93735	Ezra.4.20	Ezra.4.13	2
93747	Ezra.4.22	Ezra.4.13	2
93752	Ezra.4.23	Ezra.4.17	2
93753	Ezra.4.23	Ezra.4.8-Ezra.4.9	2
93781	Ezra.5.3	Ezra.5.9	4
93782	Ezra.5.3	Ezra.5.6	2
93800	Ezra.5.6	Ezra.5.3	2
93824	Ezra.5.9	Ezra.5.3-Ezra.5.4	2
93877	Ezra.5.14	Ezra.5.16	3
93884	Ezra.5.16	Ezra.5.2	2
93949	Ezra.6.8	Ezra.6.4	4
93989	Ezra.6.12	Ezra.6.13	2
94003	Ezra.6.13	Ezra.6.6	2
94012	Ezra.6.14	Ezra.6.12-Ezra.6.13	3
94034	Ezra.6.16	Ezra.6.22	3
94105	Ezra.7.1	Ezra.7.12	3
94114	Ezra.7.1	Ezra.7.21	3
94115	Ezra.7.1	Ezra.7.10	2
94152	Ezra.7.6	Ezra.7.28	12
94154	Ezra.7.6	Ezra.7.21	7
94163	Ezra.7.6	Ezra.7.11-Ezra.7.12	6
94170	Ezra.7.6	Ezra.7.9	6
94178	Ezra.7.7	Ezra.7.11-Ezra.7.12	2
94179	Ezra.7.7	Ezra.7.24	2
94187	Ezra.7.9	Ezra.7.6	7
94195	Ezra.7.10	Ezra.7.25	11
94214	Ezra.7.10	Ezra.7.6	8
94220	Ezra.7.11	Ezra.7.6	2
94244	Ezra.7.14	Ezra.7.28	2
94245	Ezra.7.14	Ezra.7.25-Ezra.7.26	2
94256	Ezra.7.14	Ezra.7.15	2
94288	Ezra.7.18	Ezra.7.26	2
94297	Ezra.7.21	Ezra.7.6	4
94299	Ezra.7.21	Ezra.7.10-Ezra.7.13	3
94306	Ezra.7.23	Ezra.7.18	2
94309	Ezra.7.23	Ezra.7.13	2
94310	Ezra.7.24	Ezra.7.7	3
94332	Ezra.7.25	Ezra.7.10	5
94336	Ezra.7.25	Ezra.7.14	2
94360	Ezra.7.28	Ezra.7.14	2
94363	Ezra.7.28	Ezra.7.9	4
94364	Ezra.7.28	Ezra.7.6	3
94415	Ezra.8.15	Ezra.8.2	3
94416	Ezra.8.15	Ezra.8.21	5
94420	Ezra.8.15	Ezra.8.31	5
94425	Ezra.8.16	Ezra.8.13	2
94428	Ezra.8.16	Ezra.8.18	2
94453	Ezra.8.18	Ezra.8.22	3
94455	Ezra.8.18	Ezra.8.16	2
94468	Ezra.8.18	Ezra.8.24	2
94475	Ezra.8.20	Ezra.8.17	2
94480	Ezra.8.21	Ezra.8.15	6
94499	Ezra.8.21	Ezra.8.31	4
94535	Ezra.8.23	Ezra.8.31	10
94543	Ezra.8.24	Ezra.8.18-Ezra.8.19	4
94545	Ezra.8.25	Ezra.8.33	4
94567	Ezra.8.29	Ezra.8.33-Ezra.8.34	3
94569	Ezra.8.30	Ezra.8.22	2
94572	Ezra.8.31	Ezra.8.15	4
94576	Ezra.8.31	Ezra.8.21-Ezra.8.22	4
94587	Ezra.8.33	Ezra.8.26	2
94588	Ezra.8.33	Ezra.8.30	3
94696	Ezra.9.6	Ezra.9.15	5
94698	Ezra.9.6	Ezra.9.13	3
94760	Ezra.9.8	Ezra.9.13-Ezra.9.15	3
94770	Ezra.9.8	Ezra.9.9	3
94801	Ezra.9.11	Ezra.9.1	1
94813	Ezra.9.12	Ezra.9.2	3
94821	Ezra.9.13	Ezra.9.6-Ezra.9.8	2
94833	Ezra.9.14	Ezra.9.8	2
94841	Ezra.9.14	Ezra.9.2	5
94889	Ezra.10.2	Ezra.10.26	2
94914	Ezra.10.3	Ezra.10.44	2
94940	Ezra.10.5	Ezra.10.3	2
94951	Ezra.10.6	Ezra.10.1	2
94994	Ezra.10.11	Ezra.10.3	4
94997	Ezra.10.12	Ezra.10.3-Ezra.10.4	2
95065	Ezra.10.26	Ezra.10.2	3
95088	Ezra.10.44	Ezra.10.3	2
95259	Neh.1.11	Neh.1.6	21
95303	Neh.2.6	Neh.2.4	3
95310	Neh.2.7	Neh.2.9	5
95327	Neh.2.8	Neh.2.17-Neh.2.18	4
95345	Neh.2.10	Neh.2.19	6
95374	Neh.2.13	Neh.2.15	3
95377	Neh.2.13	Neh.2.3	5
95378	Neh.2.13	Neh.2.17	5
95416	Neh.2.19	Neh.2.10	2
95432	Neh.2.20	Neh.2.4	10
95446	Neh.3.1	Neh.3.32	4
95450	Neh.3.1	Neh.3.20	3
95467	Neh.3.3	Neh.3.6	2
95473	Neh.3.4	Neh.3.21	4
95486	Neh.3.5	Neh.3.27	4
95488	Neh.3.7	Neh.3.19	2
95498	Neh.3.8	Neh.3.31-Neh.3.32	3
95499	Neh.3.9	Neh.3.17	3
95500	Neh.3.9	Neh.3.12	4
95501	Neh.3.10	Neh.3.23	1
95503	Neh.3.10	Neh.3.28-Neh.3.30	1
95511	Neh.3.12	Neh.3.9	4
95512	Neh.3.12	Neh.3.14-Neh.3.18	2
95521	Neh.3.14	Neh.3.15-Neh.3.18	2
95522	Neh.3.14	Neh.3.12-Neh.3.13	2
95523	Neh.3.14	Neh.3.9	2
95527	Neh.3.15	Neh.3.12	2
95534	Neh.3.15	Neh.3.14	2
95535	Neh.3.15	Neh.3.9	2
95541	Neh.3.15	Neh.3.7	2
95542	Neh.3.16	Neh.3.14	3
95547	Neh.3.16	Neh.3.9	4
95551	Neh.3.16	Neh.3.12	4
95559	Neh.3.17	Neh.3.16	2
95564	Neh.3.20	Neh.3.1	4
95565	Neh.3.20	Neh.3.21	2
95575	Neh.3.23	Neh.3.29-Neh.3.30	2
95578	Neh.3.23	Neh.3.10	2
95579	Neh.3.24	Neh.3.11	2
95580	Neh.3.24	Neh.3.19	3
95581	Neh.3.24	Neh.3.27	2
95595	Neh.3.26	Neh.3.27	2
95605	Neh.3.27	Neh.3.5	3
95606	Neh.3.28	Neh.3.10	2
95610	Neh.3.28	Neh.3.23	2
95615	Neh.3.31	Neh.3.32	3
95616	Neh.3.31	Neh.3.8	3
95618	Neh.3.32	Neh.3.31	2
95619	Neh.3.32	Neh.3.8	2
95620	Neh.3.32	Neh.3.1	5
95635	Neh.4.2	Neh.4.10	3
95675	Neh.4.7	Neh.4.1	5
95708	Neh.4.9	Neh.4.11	3
95730	Neh.4.13	Neh.4.17-Neh.4.18	3
95779	Neh.4.16	Neh.4.23	3
95889	Neh.5.9	Neh.5.15	1
95906	Neh.5.10	Neh.5.7	1
95918	Neh.5.11	Neh.5.3-Neh.5.4	2
95958	Neh.5.15	Neh.5.9	9
95986	Neh.5.18	Neh.5.14-Neh.5.15	2
96049	Neh.6.6	Neh.6.1-Neh.6.2	2
96057	Neh.6.7	Neh.6.12-Neh.6.13	2
96077	Neh.6.9	Neh.6.14	3
96095	Neh.6.10	Neh.6.12	2
96119	Neh.6.11	Neh.6.9	2
96122	Neh.6.11	Neh.6.3	2
96158	Neh.6.13	Neh.6.6	4
96205	Neh.6.16	Neh.6.1-Neh.6.2	3
96219	Neh.6.19	Neh.6.13	2
96224	Neh.6.19	Neh.6.9	2
96268	Neh.7.5	Neh.7.64	2
96344	Neh.7.34	Neh.7.12	3
96395	Neh.7.64	Neh.7.5	4
96414	Neh.7.70	Neh.7.65	2
96442	Neh.8.1	Neh.8.16	2
96516	Neh.8.7	Neh.8.4	2
96541	Neh.8.9	Neh.8.2	4
96568	Neh.8.9	Neh.8.7-Neh.8.8	2
96600	Neh.8.12	Neh.8.7-Neh.8.8	4
96622	Neh.8.13	Neh.8.7-Neh.8.8	2
96642	Neh.8.16	Neh.8.1	1
96650	Neh.8.16	Neh.8.3	3
96703	Neh.9.4	Neh.9.5	3
96855	Neh.9.12	Neh.9.19	5
96907	Neh.9.15	Neh.9.20	2
96924	Neh.9.16	Neh.9.29	5
96932	Neh.9.16	Neh.9.10	3
96980	Neh.9.19	Neh.9.27	6
96985	Neh.9.19	Neh.9.12	5
96998	Neh.9.19	Neh.9.31	3
97005	Neh.9.20	Neh.9.30	2
97065	Neh.9.25	Neh.9.35	6
97074	Neh.9.26	Neh.9.18	5
97081	Neh.9.26	Neh.9.30	2
97126	Neh.9.29	Neh.9.10	5
97131	Neh.9.29	Neh.9.26	5
97138	Neh.9.29	Neh.9.16	8
97158	Neh.9.30	Neh.9.26	4
97164	Neh.9.30	Neh.9.20	2
97166	Neh.9.30	Neh.9.29	3
97169	Neh.9.31	Neh.9.17	6
97226	Neh.9.34	Neh.9.30	1
97228	Neh.9.35	Neh.9.25	1
97462	Neh.11.1	Neh.11.18	4
97481	Neh.11.3	Neh.11.20	2
97534	Neh.11.18	Neh.11.1	4
97541	Neh.11.20	Neh.11.3	2
97550	Neh.11.22	Neh.11.11	2
97555	Neh.11.22	Neh.11.9	2
97556	Neh.11.22	Neh.11.14	2
97557	Neh.11.22	Neh.11.16-Neh.11.17	2
97634	Neh.12.1	Neh.12.10	2
97655	Neh.12.7	Neh.12.1	2
97657	Neh.12.8	Neh.12.24	3
97664	Neh.12.9	Neh.12.24	2
97667	Neh.12.10	Neh.12.26	2
97673	Neh.12.12	Neh.12.22	2
97675	Neh.12.22	Neh.12.10-Neh.12.13	2
97678	Neh.12.24	Neh.12.8-Neh.12.9	2
97697	Neh.12.25	Neh.12.8-Neh.12.9	2
97756	Neh.12.31	Neh.12.40	2
97759	Neh.12.31	Neh.12.38	4
97776	Neh.12.36	Neh.12.24	4
97784	Neh.12.38	Neh.12.31	2
97799	Neh.12.40	Neh.12.31-Neh.12.32	2
97858	Neh.12.47	Neh.12.26	2
97859	Neh.12.47	Neh.12.12	2
97862	Neh.12.47	Neh.12.1	2
97883	Neh.13.1	Neh.13.23	4
97908	Neh.13.4	Neh.13.28	4
97921	Neh.13.7	Neh.13.1	2
97923	Neh.13.7	Neh.13.5	4
97948	Neh.13.11	Neh.13.17	4
97950	Neh.13.11	Neh.13.25	4
97978	Neh.13.14	Neh.13.22	6
97980	Neh.13.14	Neh.13.31	6
98004	Neh.13.15	Neh.13.21	5
98021	Neh.13.17	Neh.13.25	3
98023	Neh.13.17	Neh.13.11	4
98041	Neh.13.21	Neh.13.15	2
98050	Neh.13.22	Neh.13.31	4
98051	Neh.13.22	Neh.13.14	5
98072	Neh.13.23	Neh.13.1	3
98081	Neh.13.25	Neh.13.11	3
98087	Neh.13.25	Neh.13.17	4
98104	Neh.13.28	Neh.13.4-Neh.13.5	2
98108	Neh.13.28	Neh.13.25	2
98129	Neh.13.31	Neh.13.14	8
98132	Neh.13.31	Neh.13.22	7
98158	Esth.1.3	Esth.1.14	2
98267	Esth.1.19	Esth.1.21	2
98281	Esth.1.21	Esth.1.19	1
98300	Esth.2.3	Esth.2.8-Esth.2.9	2
98303	Esth.2.3	Esth.2.12-Esth.2.15	2
98318	Esth.2.5	Esth.2.3	3
98328	Esth.2.7	Esth.2.15	5
98334	Esth.2.8	Esth.2.3	5
98335	Esth.2.8	Esth.2.15	2
98339	Esth.2.9	Esth.2.12	8
98341	Esth.2.9	Esth.2.3	8
98346	Esth.2.10	Esth.2.20	8
98352	Esth.2.10	Esth.2.7	3
98353	Esth.2.11	Esth.2.13-Esth.2.14	1
98369	Esth.2.15	Esth.2.7-Esth.2.8	2
98372	Esth.2.15	Esth.2.3	6
98375	Esth.2.16	Esth.2.3	2
98377	Esth.2.16	Esth.2.1	2
98399	Esth.2.19	Esth.2.3-Esth.2.4	4
98401	Esth.2.19	Esth.2.21	5
98402	Esth.2.20	Esth.2.7	2
98403	Esth.2.20	Esth.2.10	3
98431	Esth.3.1	Esth.3.10	4
98443	Esth.3.2	Esth.3.1	2
98451	Esth.3.2	Esth.3.5	3
98456	Esth.3.3	Esth.3.2	4
98466	Esth.3.5	Esth.3.2	3
98513	Esth.3.10	Esth.3.1	2
98551	Esth.4.1	Esth.4.3	2
98575	Esth.4.3	Esth.4.16	3
98597	Esth.4.6	Esth.4.3	6
98691	Esth.5.3	Esth.5.6	8
98700	Esth.5.4	Esth.5.8	4
98707	Esth.5.6	Esth.5.3	7
98758	Esth.5.13	Esth.5.9	2
98820	Esth.6.6	Esth.6.9	3
98822	Esth.6.6	Esth.6.7	2
98825	Esth.6.6	Esth.6.11	2
98833	Esth.6.7	Esth.6.11	3
98834	Esth.6.7	Esth.6.9	2
98887	Esth.7.3	Esth.7.7	3
98896	Esth.7.4	Esth.7.6	2
99014	Esth.8.8	Esth.8.5	4
99017	Esth.8.8	Esth.8.10	2
99104	Esth.9.1	Esth.9.17	2
99117	Esth.9.2	Esth.9.15-Esth.9.18	2
99122	Esth.9.2	Esth.9.10	2
99155	Esth.9.10	Esth.9.15-Esth.9.16	2
99170	Esth.9.13	Esth.9.15	2
99175	Esth.9.15	Esth.9.13	2
99176	Esth.9.15	Esth.9.16	2
99177	Esth.9.15	Esth.9.2	2
99178	Esth.9.15	Esth.9.10	3
99181	Esth.9.16	Esth.9.2	6
99186	Esth.9.17	Esth.9.1	3
99187	Esth.9.17	Esth.9.18	2
99188	Esth.9.17	Esth.9.21	3
99189	Esth.9.18	Esth.9.15	2
99190	Esth.9.18	Esth.9.1	2
99191	Esth.9.18	Esth.9.21	3
99192	Esth.9.18	Esth.9.13	2
99193	Esth.9.18	Esth.9.11	1
99200	Esth.9.19	Esth.9.22	4
99221	Esth.9.22	Esth.9.19	4
99227	Esth.9.24	Esth.9.10	2
99232	Esth.9.25	Esth.9.13-Esth.9.14	2
99238	Esth.9.26	Esth.9.20	3
99245	Esth.9.27	Esth.9.21	2
99258	Esth.9.29	Esth.9.20	5
99267	Esth.9.32	Esth.9.26	2
99318	Job.1.1	Job.1.8	16
99366	Job.1.5	Job.1.11	2
99422	Job.1.8	Job.1.1	10
99438	Job.1.9	Job.1.21	5
99450	Job.1.10	Job.1.3	2
99468	Job.1.11	Job.1.21	2
99474	Job.1.11	Job.1.5	2
99482	Job.1.11	Job.1.12	2
99497	Job.1.13	Job.1.4	3
99506	Job.1.15	Job.1.16-Job.1.17	2
99508	Job.1.15	Job.1.19	2
99530	Job.1.17	Job.1.15	2
99535	Job.1.18	Job.1.4	5
99539	Job.1.18	Job.1.13	4
99577	Job.1.21	Job.1.11	6
99648	Job.2.5	Job.2.9	2
99682	Job.2.9	Job.2.3	8
99683	Job.2.9	Job.2.5	8
99773	Job.3.1	Job.3.3	1
99908	Job.3.20	Job.3.16	2
100459	Job.6.6	Job.6.30	3
100460	Job.6.6	Job.6.25	2
100474	Job.6.8	Job.6.11-Job.6.13	1
100576	Job.6.21	Job.6.15	2
100620	Job.6.26	Job.6.4	2
100625	Job.6.26	Job.6.9	2
100667	Job.6.30	Job.6.6	4
100700	Job.7.4	Job.7.13-Job.7.14	6
100785	Job.7.12	Job.7.17	2
100792	Job.7.13	Job.7.3-Job.7.4	2
100819	Job.7.17	Job.7.12	2
100849	Job.7.20	Job.7.11-Job.7.12	3
100864	Job.7.21	Job.7.8	2
101070	Job.8.22	Job.8.18	8
101084	Job.9.3	Job.9.20	2
101093	Job.9.3	Job.9.32-Job.9.33	2
101099	Job.9.4	Job.9.19	3
101227	Job.9.14	Job.9.3	2
101286	Job.9.19	Job.9.4	7
101292	Job.9.19	Job.9.32-Job.9.33	7
101309	Job.9.20	Job.9.2	3
101382	Job.9.28	Job.9.20-Job.9.21	3
101383	Job.9.28	Job.9.2	3
101393	Job.9.29	Job.9.22	2
101406	Job.9.31	Job.9.20	2
101423	Job.9.33	Job.9.19	6
101448	Job.10.1	Job.10.15-Job.10.16	2
101499	Job.10.6	Job.10.14-Job.10.17	2
101526	Job.10.8	Job.10.3	6
101593	Job.10.15	Job.10.7	4
101930	Job.12.9	Job.12.3	4
101961	Job.12.13	Job.12.16	2
102005	Job.12.15	Job.12.10	2
102013	Job.12.16	Job.12.13	3
102044	Job.12.20	Job.12.24	3
102092	Job.12.24	Job.12.20	5
102133	Job.13.3	Job.13.15	2
102139	Job.13.3	Job.13.22	3
102167	Job.13.5	Job.13.13	4
102210	Job.13.11	Job.13.21	2
102225	Job.13.13	Job.13.5	3
102244	Job.13.15	Job.13.18	9
102268	Job.13.17	Job.13.6	2
102280	Job.13.19	Job.13.13	2
102297	Job.13.21	Job.13.11	2
102399	Job.14.5	Job.14.14	7
102428	Job.14.7	Job.14.14	14
102443	Job.14.10	Job.14.12	2
102484	Job.14.14	Job.14.5	7
102543	Job.14.20	Job.14.14	2
102617	Job.15.7	Job.15.10	3
102650	Job.15.11	Job.15.8	2
102672	Job.15.13	Job.15.25-Job.15.27	4
102709	Job.15.18	Job.15.10	2
102821	Job.15.30	Job.15.22	3
103084	Job.16.20	Job.16.4	4
103106	Job.17.1	Job.17.13-Job.17.14	3
103181	Job.17.10	Job.17.4	2
103209	Job.17.13	Job.17.1	2
103357	Job.18.15	Job.18.12-Job.18.13	2
103445	Job.19.3	Job.19.17	3
103651	Job.19.28	Job.19.22	4
103677	Job.20.2	Job.20.3	2
103682	Job.20.3	Job.20.2	2
103740	Job.20.9	Job.20.7	3
103745	Job.20.10	Job.20.18	4
103786	Job.20.14	Job.20.16	2
103813	Job.20.18	Job.20.5	3
103818	Job.20.18	Job.20.15	4
103829	Job.20.18	Job.20.10	5
103926	Job.20.28	Job.20.18-Job.20.22	2
103931	Job.20.28	Job.20.10	2
104216	Job.21.31	Job.21.19	2
104686	Job.23.15	Job.23.3	2
104749	Job.24.4	Job.24.14	4
104771	Job.24.5	Job.24.14	2
104794	Job.24.7	Job.24.10	2
104869	Job.24.16	Job.24.13	2
104904	Job.24.21	Job.24.3	2
105375	Job.28.6	Job.28.16	4
105381	Job.28.7	Job.28.21-Job.28.23	3
105396	Job.28.12	Job.28.28	7
105397	Job.28.12	Job.28.20	10
105404	Job.28.13	Job.28.15-Job.28.19	2
105413	Job.28.13	Job.28.21-Job.28.22	2
105420	Job.28.15	Job.28.18	2
105451	Job.28.20	Job.28.28	5
105452	Job.28.20	Job.28.12	6
105453	Job.28.20	Job.28.23	4
105466	Job.28.22	Job.28.14	3
105681	Job.29.20	Job.29.14	2
105684	Job.29.21	Job.29.9-Job.29.10	3
106052	Job.31.11	Job.31.28	4
106146	Job.31.22	Job.31.40	2
106150	Job.31.22	Job.31.10	2
106214	Job.31.28	Job.31.11	5
106264	Job.31.32	Job.31.17-Job.31.18	2
106373	Job.32.3	Job.32.1	2
106376	Job.32.4	Job.32.11-Job.32.12	2
106378	Job.32.5	Job.32.2	2
106426	Job.32.11	Job.32.4	2
106429	Job.32.12	Job.32.3	3
106464	Job.32.17	Job.32.10	2
106520	Job.33.5	Job.33.32-Job.33.33	3
106613	Job.33.14	Job.33.29	9
106654	Job.33.18	Job.33.24	3
106656	Job.33.18	Job.33.30	5
106658	Job.33.18	Job.33.22	3
106661	Job.33.18	Job.33.28	5
106698	Job.33.22	Job.33.28	3
106738	Job.33.24	Job.33.18	4
106832	Job.33.28	Job.33.20	2
106834	Job.33.28	Job.33.24	4
106840	Job.33.28	Job.33.22	3
106843	Job.33.28	Job.33.18	2
106844	Job.33.29	Job.33.14-Job.33.17	2
106856	Job.33.30	Job.33.24	3
106858	Job.33.30	Job.33.28	4
106871	Job.33.33	Job.33.3	3
106893	Job.34.4	Job.34.36	2
106943	Job.34.10	Job.34.2-Job.34.3	2
106944	Job.34.10	Job.34.34	2
107071	Job.34.23	Job.34.10-Job.34.12	3
107102	Job.34.25	Job.34.20	3
107167	Job.34.30	Job.34.21	2
107194	Job.34.33	Job.34.11	3
107209	Job.34.34	Job.34.10	2
107211	Job.34.34	Job.34.4	2
107212	Job.34.34	Job.34.2	2
107213	Job.34.34	Job.34.16	2
107225	Job.34.36	Job.34.8-Job.34.9	2
107509	Job.36.10	Job.36.15	4
107547	Job.36.13	Job.36.8	5
107560	Job.36.15	Job.36.10	8
107698	Job.36.27	Job.36.33	2
107759	Job.36.33	Job.36.29	3
107775	Job.37.2	Job.37.5	5
107851	Job.37.13	Job.37.6	3
107869	Job.37.15	Job.37.11	3
107940	Job.37.23	Job.37.19	2
108056	Job.38.8	Job.38.10	4
108079	Job.38.12	Job.38.21	3
108080	Job.38.12	Job.38.4	2
108136	Job.38.19	Job.38.12-Job.38.13	5
108144	Job.38.21	Job.38.12	2
108145	Job.38.21	Job.38.4	2
108160	Job.38.24	Job.38.12-Job.38.13	6
108182	Job.38.28	Job.38.8	4
108198	Job.38.29	Job.38.8	3
108206	Job.38.32	Job.38.31	3
108211	Job.38.33	Job.38.12-Job.38.13	5
108287	Job.39.7	Job.39.18	2
108302	Job.39.10	Job.39.7	2
108305	Job.39.10	Job.39.5	2
108350	Job.39.18	Job.39.7	2
108351	Job.39.18	Job.39.22	2
108353	Job.39.19	Job.39.25	2
108370	Job.39.22	Job.39.18	2
108371	Job.39.22	Job.39.16	2
108401	Job.40.1	Job.40.6	3
108563	Job.40.15	Job.40.20	2
108575	Job.40.20	Job.40.15	2
108774	Job.42.8	Job.42.9	5
108797	Job.42.9	Job.42.8	4
108908	Ps.1.1	Ps.1.6	90
109061	Ps.2.2	Ps.2.10	4
109166	Ps.2.12	Ps.2.7	4
109184	Ps.2.12	Ps.2.5	4
109196	Ps.3.2	Ps.3.4	4
109204	Ps.3.2	Ps.3.8	4
109964	Ps.7.11	Ps.7.8	5
110052	Ps.8.1	Ps.8.9	32
110151	Ps.8.9	Ps.8.1	19
110158	Ps.9.1	Ps.9.14	7
110442	Ps.9.18	Ps.9.12	3
110680	Ps.10.11	Ps.10.6	4
110792	Ps.10.18	Ps.10.14	2
111205	Ps.14.3	Ps.14.1	62
111801	Ps.18.1	Ps.18.32	6
111870	Ps.18.6	Ps.18.3-Ps.18.4	13
111994	Ps.18.16	Ps.18.43	6
112015	Ps.18.17	Ps.18.40-Ps.18.41	2
112028	Ps.18.19	Ps.18.36	17
112037	Ps.18.20	Ps.18.24	3
112150	Ps.18.30	Ps.18.2	8
112226	Ps.18.39	Ps.18.32	9
112300	Ps.18.46	Ps.18.2	7
112910	Ps.22.1	Ps.22.11	5
112916	Ps.22.1	Ps.22.16	14
113065	Ps.22.13	Ps.22.21	2
113067	Ps.22.13	Ps.22.7	2
113074	Ps.22.14	Ps.22.17	8
113115	Ps.22.16	Ps.22.20	9
113122	Ps.22.16	Ps.22.1	7
113145	Ps.22.19	Ps.22.11	6
113169	Ps.22.22	Ps.22.25	3
113172	Ps.22.23	Ps.22.30	2
113190	Ps.22.24	Ps.22.2	6
113198	Ps.22.24	Ps.22.6	7
113203	Ps.22.25	Ps.22.22	4
113648	Ps.25.5	Ps.25.10	22
113654	Ps.25.5	Ps.25.8	12
113972	Ps.26.1	Ps.26.11	3
114112	Ps.26.11	Ps.26.1	4
114130	Ps.26.12	Ps.26.7	4
114204	Ps.27.4	Ps.27.8	34
114547	Ps.28.7	Ps.28.8	29
114672	Ps.29.10	Ps.29.3	3
114794	Ps.30.7	Ps.30.5	4
114848	Ps.30.11	Ps.30.5	13
115121	Ps.31.17	Ps.31.1	2
115211	Ps.31.22	Ps.31.17	3
115380	Ps.32.7	Ps.32.10	15
115432	Ps.32.11	Ps.32.2	3
115514	Ps.33.6	Ps.33.9	14
115555	Ps.33.9	Ps.33.6	20
115784	Ps.34.6	Ps.34.17-Ps.34.19	29
115907	Ps.34.15	Ps.34.17	28
115910	Ps.34.15	Ps.34.6	15
115922	Ps.34.17	Ps.34.6	40
115923	Ps.34.17	Ps.34.19	43
115925	Ps.34.17	Ps.34.15	34
115952	Ps.34.19	Ps.34.6	53
115954	Ps.34.19	Ps.34.17	70
115958	Ps.34.19	Ps.34.4	47
116043	Ps.35.4	Ps.35.26	10
116165	Ps.35.15	Ps.35.25-Ps.35.26	2
116177	Ps.35.15	Ps.35.8	2
116215	Ps.35.19	Ps.35.15	2
116276	Ps.35.24	Ps.35.19	3
116298	Ps.35.26	Ps.35.4	2
116551	Ps.37.1	Ps.37.7	71
116564	Ps.37.2	Ps.37.35-Ps.37.36	8
116666	Ps.37.9	Ps.37.29	10
116668	Ps.37.9	Ps.37.35-Ps.37.36	4
116669	Ps.37.9	Ps.37.11-Ps.37.12	8
116679	Ps.37.10	Ps.37.35-Ps.37.36	7
116714	Ps.37.12	Ps.37.32	3
116771	Ps.37.17	Ps.37.24	40
116789	Ps.37.18	Ps.37.13	3
116839	Ps.37.22	Ps.37.28	4
116840	Ps.37.22	Ps.37.11	4
116845	Ps.37.22	Ps.37.9	5
116848	Ps.37.22	Ps.37.18	4
116870	Ps.37.24	Ps.37.17	9
116898	Ps.37.25	Ps.37.28	36
116907	Ps.37.26	Ps.37.21	6
116944	Ps.37.28	Ps.37.25	2
116946	Ps.37.28	Ps.37.40	4
116950	Ps.37.29	Ps.37.27	2
116952	Ps.37.29	Ps.37.18	5
116955	Ps.37.29	Ps.37.11	5
116957	Ps.37.29	Ps.37.9	7
116975	Ps.37.31	Ps.37.23	7
116988	Ps.37.32	Ps.37.12	2
117005	Ps.37.34	Ps.37.3	7
117006	Ps.37.34	Ps.37.9	11
117009	Ps.37.34	Ps.37.7	9
117032	Ps.37.36	Ps.37.10	10
117120	Ps.38.5	Ps.38.7	2
117208	Ps.38.17	Ps.38.6	7
117304	Ps.39.5	Ps.39.11	7
117610	Ps.40.17	Ps.40.5	10
117794	Ps.42.3	Ps.42.10	7
117834	Ps.42.5	Ps.42.11	16
117909	Ps.42.10	Ps.42.3	8
117913	Ps.42.11	Ps.42.5	27
118174	Ps.44.17	Ps.44.20	2
118224	Ps.44.20	Ps.44.17	2
118247	Ps.44.22	Ps.44.11	8
118255	Ps.44.23	Ps.44.9	2
118455	Ps.45.9	Ps.45.13	4
118493	Ps.45.11	Ps.45.6	7
118514	Ps.45.13	Ps.45.9-Ps.45.10	3
118582	Ps.46.1	Ps.46.7	38
118583	Ps.46.1	Ps.46.11	57
118694	Ps.46.7	Ps.46.11	6
118740	Ps.46.11	Ps.46.7	7
118741	Ps.46.11	Ps.46.1	7
118743	Ps.47.1	Ps.47.5	7
118769	Ps.47.2	Ps.47.7	5
118842	Ps.47.7	Ps.47.8	4
118846	Ps.47.7	Ps.47.2	3
118963	Ps.48.8	Ps.48.1-Ps.48.2	3
119143	Ps.49.10	Ps.49.17	3
119168	Ps.49.12	Ps.49.20	6
119217	Ps.49.16	Ps.49.5	1
119249	Ps.49.20	Ps.49.12	3
119304	Ps.50.3	Ps.50.21	2
119333	Ps.50.4	Ps.50.6	2
119434	Ps.50.14	Ps.50.23	9
119464	Ps.50.15	Ps.50.23	16
119552	Ps.50.21	Ps.50.3	8
119564	Ps.50.21	Ps.50.8	4
119592	Ps.50.23	Ps.50.14-Ps.50.15	17
119616	Ps.51.1	Ps.51.9	35
119656	Ps.51.2	Ps.51.7	14
119747	Ps.51.9	Ps.51.1	5
119894	Ps.51.16	Ps.51.6	9
120563	Ps.56.4	Ps.56.10-Ps.56.11	14
120645	Ps.56.10	Ps.56.4	3
120765	Ps.57.5	Ps.57.11	93
120820	Ps.57.11	Ps.57.5	7
121011	Ps.59.6	Ps.59.14	6
121028	Ps.59.8	Ps.59.5	3
121046	Ps.59.9	Ps.59.17	4
121052	Ps.59.10	Ps.59.17	9
121115	Ps.59.13	Ps.59.11	4
121127	Ps.59.14	Ps.59.6	3
121161	Ps.59.16	Ps.59.9-Ps.59.10	10
121174	Ps.59.17	Ps.59.9-Ps.59.10	10
121188	Ps.60.1	Ps.60.10	2
121273	Ps.60.5	Ps.60.12	3
121323	Ps.60.10	Ps.60.1	4
121407	Ps.61.4	Ps.61.7	2
121444	Ps.62.1	Ps.62.2	25
121469	Ps.62.1	Ps.62.5-Ps.62.6	9
121475	Ps.62.2	Ps.62.6	13
121536	Ps.62.5	Ps.62.1-Ps.62.2	8
121552	Ps.62.6	Ps.62.2	13
121862	Ps.64.4	Ps.64.7	2
121915	Ps.64.7	Ps.64.4	1
122074	Ps.65.8	Ps.65.13	3
122107	Ps.65.9	Ps.65.11	2
122130	Ps.65.12	Ps.65.6	3
122202	Ps.66.5	Ps.66.3	3
122205	Ps.66.5	Ps.66.16	3
122245	Ps.66.8	Ps.66.2	3
122325	Ps.66.16	Ps.66.5	8
122392	Ps.67.3	Ps.67.5	7
122411	Ps.67.5	Ps.67.3	7
122445	Ps.68.1	Ps.68.14	6
122448	Ps.68.1	Ps.68.30	6
122494	Ps.68.4	Ps.68.33	4
122557	Ps.68.8	Ps.68.35	4
122591	Ps.68.11	Ps.68.25	6
122736	Ps.68.21	Ps.68.18	2
122861	Ps.68.33	Ps.68.4	5
122907	Ps.69.1	Ps.69.2	3
122911	Ps.69.1	Ps.69.14-Ps.69.15	11
122929	Ps.69.3	Ps.69.21	2
123062	Ps.69.14	Ps.69.1-Ps.69.2	4
123064	Ps.69.14	Ps.69.15	3
123092	Ps.69.16	Ps.69.13	5
123124	Ps.69.19	Ps.69.7-Ps.69.9	2
123399	Ps.71.5	Ps.71.17	7
123419	Ps.71.6	Ps.71.14	4
123444	Ps.71.8	Ps.71.24	6
123447	Ps.71.8	Ps.71.15	6
123452	Ps.71.9	Ps.71.18	11
123505	Ps.71.13	Ps.71.24	8
123514	Ps.71.14	Ps.71.6	7
123519	Ps.71.15	Ps.71.8	9
123530	Ps.71.15	Ps.71.24	7
123538	Ps.71.16	Ps.71.19	2
123545	Ps.71.16	Ps.71.2	3
123546	Ps.71.16	Ps.71.24	3
123553	Ps.71.16	Ps.71.15	3
123562	Ps.71.17	Ps.71.5	5
123576	Ps.71.18	Ps.71.9	14
123670	Ps.71.24	Ps.71.13	7
123671	Ps.71.24	Ps.71.15	2
123676	Ps.71.24	Ps.71.8	2
123689	Ps.72.2	Ps.72.12-Ps.72.14	3
123703	Ps.72.3	Ps.72.16	2
123723	Ps.72.4	Ps.72.12-Ps.72.14	4
123733	Ps.72.5	Ps.72.7	2
123739	Ps.72.5	Ps.72.17	3
123839	Ps.72.12	Ps.72.4	10
123866	Ps.72.15	Ps.72.19	3
123907	Ps.72.16	Ps.72.6	2
124023	Ps.73.5	Ps.73.12	4
124059	Ps.73.7	Ps.73.12	3
124093	Ps.73.11	Ps.73.9	3
124192	Ps.73.21	Ps.73.3	4
124493	Ps.74.18	Ps.74.22	2
124538	Ps.74.22	Ps.74.18	5
124544	Ps.74.23	Ps.74.4	2
124888	Ps.77.10	Ps.77.5	3
124901	Ps.77.11	Ps.77.10	7
125039	Ps.78.5	Ps.78.3-Ps.78.4	3
125089	Ps.78.8	Ps.78.37	9
125104	Ps.78.9	Ps.78.57	4
125119	Ps.78.11	Ps.78.7	3
125169	Ps.78.17	Ps.78.32	1
125199	Ps.78.20	Ps.78.41	3
125205	Ps.78.21	Ps.78.31	1
125251	Ps.78.32	Ps.78.11	3
125255	Ps.78.32	Ps.78.22	4
125278	Ps.78.35	Ps.78.11	2
125285	Ps.78.35	Ps.78.7	2
125293	Ps.78.35	Ps.78.42	2
125311	Ps.78.37	Ps.78.8	6
125332	Ps.78.40	Ps.78.17	2
125346	Ps.78.41	Ps.78.19-Ps.78.20	6
125352	Ps.78.42	Ps.78.11	9
125357	Ps.78.42	Ps.78.21-Ps.78.22	3
125461	Ps.78.56	Ps.78.40-Ps.78.41	2
125463	Ps.78.57	Ps.78.8	3
125468	Ps.78.57	Ps.78.41	2
125523	Ps.78.63	Ps.78.21	1
125652	Ps.79.3	Ps.79.10	2
125794	Ps.80.1	Ps.80.7	4
125796	Ps.80.1	Ps.80.19	2
125808	Ps.80.1	Ps.80.3	2
125838	Ps.80.3	Ps.80.1	4
125843	Ps.80.3	Ps.80.7	7
125844	Ps.80.3	Ps.80.19	7
125875	Ps.80.7	Ps.80.3	4
125878	Ps.80.7	Ps.80.19	5
125950	Ps.80.15	Ps.80.8	4
125966	Ps.80.17	Ps.80.15	3
125984	Ps.80.19	Ps.80.3	6
125988	Ps.80.19	Ps.80.7	2
125989	Ps.80.19	Ps.80.1	4
126068	Ps.81.8	Ps.81.13	4
126154	Ps.82.1	Ps.82.6-Ps.82.7	13
126205	Ps.82.6	Ps.82.1	30
126314	Ps.83.12	Ps.83.4	2
126480	Ps.84.9	Ps.84.11	3
126486	Ps.84.10	Ps.84.1-Ps.84.2	18
126505	Ps.84.11	Ps.84.9	16
126781	Ps.86.5	Ps.86.15	5
126845	Ps.86.10	Ps.86.8	4
126944	Ps.86.15	Ps.86.5	13
127130	Ps.88.3	Ps.88.14-Ps.88.15	3
127150	Ps.88.5	Ps.88.16	2
127191	Ps.88.8	Ps.88.18	2
127207	Ps.88.9	Ps.88.1	2
127237	Ps.88.12	Ps.88.5	2
127285	Ps.88.18	Ps.88.8	6
127289	Ps.89.1	Ps.89.4-Ps.89.5	5
127297	Ps.89.1	Ps.89.8	9
127298	Ps.89.1	Ps.89.49	4
127305	Ps.89.1	Ps.89.33	6
127307	Ps.89.1	Ps.89.24	4
127312	Ps.89.2	Ps.89.37	2
127321	Ps.89.2	Ps.89.5	3
127332	Ps.89.3	Ps.89.34-Ps.89.35	4
127333	Ps.89.3	Ps.89.19	1
127337	Ps.89.3	Ps.89.28	5
127344	Ps.89.3	Ps.89.39	2
127350	Ps.89.4	Ps.89.1	2
127360	Ps.89.4	Ps.89.29	2
127362	Ps.89.4	Ps.89.36	2
127377	Ps.89.5	Ps.89.7	2
127384	Ps.89.6	Ps.89.8	4
127407	Ps.89.8	Ps.89.6	3
127413	Ps.89.8	Ps.89.13	2
127468	Ps.89.13	Ps.89.10	3
127474	Ps.89.14	Ps.89.2	10
127501	Ps.89.16	Ps.89.12	6
127523	Ps.89.17	Ps.89.24	3
127548	Ps.89.19	Ps.89.3	2
127573	Ps.89.21	Ps.89.13	5
127594	Ps.89.24	Ps.89.28	4
127597	Ps.89.24	Ps.89.33	4
127599	Ps.89.24	Ps.89.2-Ps.89.5	3
127602	Ps.89.24	Ps.89.16-Ps.89.17	5
127639	Ps.89.28	Ps.89.33-Ps.89.34	2
127650	Ps.89.29	Ps.89.36	5
127659	Ps.89.29	Ps.89.4	7
127690	Ps.89.33	Ps.89.39	1
127719	Ps.89.36	Ps.89.29	6
127724	Ps.89.36	Ps.89.4	3
127747	Ps.89.38	Ps.89.51	3
127750	Ps.89.39	Ps.89.44	2
127751	Ps.89.39	Ps.89.34-Ps.89.36	3
127802	Ps.89.44	Ps.89.39	2
127814	Ps.89.45	Ps.89.28-Ps.89.29	2
127852	Ps.89.49	Ps.89.3-Ps.89.4	2
127860	Ps.89.49	Ps.89.35	2
127958	Ps.90.7	Ps.90.9	1
127961	Ps.90.7	Ps.90.11	2
127985	Ps.90.9	Ps.90.4	2
128121	Ps.91.2	Ps.91.9	21
128133	Ps.91.3	Ps.91.6	10
128204	Ps.91.9	Ps.91.1-Ps.91.2	20
128252	Ps.91.14	Ps.91.9	23
128315	Ps.92.1	Ps.92.8	3
128464	Ps.92.12	Ps.92.7	10
128767	Ps.94.14	Ps.94.5	1
128782	Ps.94.15	Ps.94.2-Ps.94.3	3
128895	Ps.94.22	Ps.94.10	3
129003	Ps.95.6	Ps.95.1	24
129271	Ps.96.13	Ps.96.10	3
129554	Ps.98.3	Ps.98.2	3
129690	Ps.99.5	Ps.99.9	4
129692	Ps.99.5	Ps.99.3	4
129738	Ps.99.9	Ps.99.3	2
129740	Ps.99.9	Ps.99.5	3
129891	Ps.101.2	Ps.101.6	3
130068	Ps.102.4	Ps.102.9	2
130072	Ps.102.4	Ps.102.11	2
130139	Ps.102.11	Ps.102.3-Ps.102.4	2
130149	Ps.102.12	Ps.102.24-Ps.102.27	3
130298	Ps.102.24	Ps.102.12	3
130313	Ps.102.26	Ps.102.12	3
130397	Ps.103.4	Ps.103.12	18
130492	Ps.103.11	Ps.103.17	12
130510	Ps.103.13	Ps.103.11	9
130523	Ps.103.13	Ps.103.17	26
130636	Ps.103.22	Ps.103.1	1
130646	Ps.104.1	Ps.104.35	8
130718	Ps.104.11	Ps.104.13	2
130720	Ps.104.12	Ps.104.16-Ps.104.17	2
130737	Ps.104.13	Ps.104.3	3
130783	Ps.104.17	Ps.104.12	6
131030	Ps.105.6	Ps.105.42	2
131051	Ps.105.8	Ps.105.42	7
131148	Ps.105.23	Ps.105.27	2
131193	Ps.105.27	Ps.105.23	2
131197	Ps.105.27	Ps.105.28	2
131285	Ps.105.42	Ps.105.8-Ps.105.11	3
131432	Ps.106.7	Ps.106.45	2
131546	Ps.106.21	Ps.106.13	4
131634	Ps.106.29	Ps.106.39	2
131780	Ps.106.43	Ps.106.29	2
131886	Ps.107.4	Ps.107.40	3
131901	Ps.107.6	Ps.107.28	8
131904	Ps.107.6	Ps.107.19	8
131906	Ps.107.6	Ps.107.13	8
131921	Ps.107.7	Ps.107.36	3
131924	Ps.107.7	Ps.107.4	3
131938	Ps.107.8	Ps.107.31	12
131940	Ps.107.8	Ps.107.21	9
131941	Ps.107.8	Ps.107.15	9
132015	Ps.107.13	Ps.107.19	8
132019	Ps.107.13	Ps.107.6	12
132022	Ps.107.13	Ps.107.28	13
132028	Ps.107.14	Ps.107.10	9
132053	Ps.107.15	Ps.107.21	4
132054	Ps.107.15	Ps.107.31	3
132055	Ps.107.15	Ps.107.8	3
132078	Ps.107.19	Ps.107.13	3
132081	Ps.107.19	Ps.107.28	2
132084	Ps.107.19	Ps.107.6	3
132098	Ps.107.21	Ps.107.15	2
132102	Ps.107.21	Ps.107.8	4
132103	Ps.107.21	Ps.107.31	2
132145	Ps.107.28	Ps.107.19	8
132146	Ps.107.28	Ps.107.13	8
132149	Ps.107.28	Ps.107.6	6
132158	Ps.107.31	Ps.107.21	3
132159	Ps.107.31	Ps.107.15	3
132164	Ps.107.31	Ps.107.8	4
132220	Ps.107.36	Ps.107.7	6
132289	Ps.107.40	Ps.107.4	3
132598	Ps.109.15	Ps.109.13	2
132641	Ps.109.19	Ps.109.29	5
132643	Ps.109.19	Ps.109.18	3
132689	Ps.109.22	Ps.109.16	3
132738	Ps.109.28	Ps.109.17	4
132753	Ps.109.29	Ps.109.17-Ps.109.19	3
132775	Ps.109.31	Ps.109.16	6
132864	Ps.110.5	Ps.110.1	2
133055	Ps.111.9	Ps.111.5	3
133122	Ps.112.3	Ps.112.9	10
133214	Ps.112.9	Ps.112.3	3
133718	Ps.116.13	Ps.116.2	9
133723	Ps.116.13	Ps.116.17	6
133727	Ps.116.14	Ps.116.18	5
133753	Ps.116.17	Ps.116.13	3
133760	Ps.116.18	Ps.116.14	6
133797	Ps.118.1	Ps.118.29	11
133967	Ps.118.21	Ps.118.14	4
134036	Ps.118.29	Ps.118.1	5
134069	Ps.119.2	Ps.119.146	7
134070	Ps.119.2	Ps.119.10	27
134077	Ps.119.2	Ps.119.22	8
134100	Ps.119.5	Ps.119.32	36
134101	Ps.119.5	Ps.119.159	32
134102	Ps.119.5	Ps.119.173	34
134103	Ps.119.5	Ps.119.36	37
134107	Ps.119.5	Ps.119.44-Ps.119.45	29
134108	Ps.119.5	Ps.119.131	23
134112	Ps.119.6	Ps.119.128	6
134115	Ps.119.6	Ps.119.31	6
134116	Ps.119.6	Ps.119.80	8
134120	Ps.119.7	Ps.119.27	5
134121	Ps.119.7	Ps.119.18-Ps.119.19	3
134122	Ps.119.7	Ps.119.33-Ps.119.34	6
134123	Ps.119.7	Ps.119.12	10
134125	Ps.119.7	Ps.119.73	5
134128	Ps.119.7	Ps.119.64	4
134129	Ps.119.7	Ps.119.124	3
134133	Ps.119.7	Ps.119.171	13
134135	Ps.119.8	Ps.119.16	5
134137	Ps.119.8	Ps.119.115-Ps.119.117	3
134140	Ps.119.8	Ps.119.176	6
134142	Ps.119.8	Ps.119.106	5
134152	Ps.119.9	Ps.119.11	36
134171	Ps.119.10	Ps.119.69	8
134175	Ps.119.10	Ps.119.58	8
134178	Ps.119.10	Ps.119.34	25
134182	Ps.119.10	Ps.119.118	12
134189	Ps.119.10	Ps.119.21	11
134190	Ps.119.10	Ps.119.133	14
134192	Ps.119.10	Ps.119.2	16
134194	Ps.119.10	Ps.119.176	9
134204	Ps.119.11	Ps.119.97	39
134212	Ps.119.12	Ps.119.33	1
134213	Ps.119.12	Ps.119.71-Ps.119.72	4
134214	Ps.119.12	Ps.119.26-Ps.119.27	3
134217	Ps.119.12	Ps.119.108	6
134218	Ps.119.12	Ps.119.64	10
134219	Ps.119.12	Ps.119.124	2
134222	Ps.119.12	Ps.119.68	1
134223	Ps.119.12	Ps.119.66	4
134225	Ps.119.13	Ps.119.172	6
134227	Ps.119.13	Ps.119.46	6
134236	Ps.119.14	Ps.119.72	7
134238	Ps.119.14	Ps.119.47	3
134240	Ps.119.14	Ps.119.162	14
134241	Ps.119.14	Ps.119.127	9
134243	Ps.119.14	Ps.119.77	6
134244	Ps.119.14	Ps.119.111	8
134247	Ps.119.15	Ps.119.48	6
134248	Ps.119.15	Ps.119.97	7
134249	Ps.119.15	Ps.119.6	5
134250	Ps.119.15	Ps.119.78	6
134251	Ps.119.15	Ps.119.148	9
134252	Ps.119.15	Ps.119.131	5
134253	Ps.119.15	Ps.119.117	5
134254	Ps.119.15	Ps.119.23	4
134257	Ps.119.16	Ps.119.24	7
134258	Ps.119.16	Ps.119.35	5
134261	Ps.119.16	Ps.119.176	4
134263	Ps.119.16	Ps.119.83	4
134264	Ps.119.16	Ps.119.109	4
134265	Ps.119.16	Ps.119.11	1
134267	Ps.119.16	Ps.119.92-Ps.119.93	4
134268	Ps.119.16	Ps.119.47	6
134269	Ps.119.16	Ps.119.70	4
134270	Ps.119.16	Ps.119.141	4
134272	Ps.119.16	Ps.119.77	4
134274	Ps.119.16	Ps.119.14	2
134278	Ps.119.17	Ps.119.124	3
134279	Ps.119.17	Ps.119.65	3
134288	Ps.119.17	Ps.119.132	2
134294	Ps.119.18	Ps.119.96	6
134314	Ps.119.19	Ps.119.10	9
134317	Ps.119.20	Ps.119.40	6
134323	Ps.119.20	Ps.119.174	6
134326	Ps.119.20	Ps.119.131	7
134329	Ps.119.21	Ps.119.78	2
134331	Ps.119.21	Ps.119.10	6
134340	Ps.119.21	Ps.119.110	3
134341	Ps.119.21	Ps.119.118	5
134363	Ps.119.22	Ps.119.42	3
134364	Ps.119.22	Ps.119.39	7
134385	Ps.119.24	Ps.119.92	9
134388	Ps.119.24	Ps.119.143	4
134391	Ps.119.24	Ps.119.77	4
134392	Ps.119.24	Ps.119.97-Ps.119.100	5
134394	Ps.119.24	Ps.119.104-Ps.119.105	4
134396	Ps.119.24	Ps.119.162	4
134397	Ps.119.24	Ps.119.16	7
134400	Ps.119.25	Ps.119.93	8
134404	Ps.119.25	Ps.119.40	8
134408	Ps.119.25	Ps.119.107	6
134410	Ps.119.25	Ps.119.159	10
134411	Ps.119.25	Ps.119.156	8
134413	Ps.119.25	Ps.119.88	8
134416	Ps.119.25	Ps.119.37	7
134418	Ps.119.25	Ps.119.149	6
134422	Ps.119.26	Ps.119.12	4
134424	Ps.119.26	Ps.119.106	2
134457	Ps.119.29	Ps.119.128	3
134458	Ps.119.29	Ps.119.5	4
134463	Ps.119.29	Ps.119.104	3
134467	Ps.119.29	Ps.119.163	4
134468	Ps.119.29	Ps.119.37	7
134473	Ps.119.30	Ps.119.111	6
134476	Ps.119.30	Ps.119.52	3
134479	Ps.119.30	Ps.119.29	10
134481	Ps.119.30	Ps.119.173	4
134482	Ps.119.30	Ps.119.24	6
134486	Ps.119.31	Ps.119.6	2
134488	Ps.119.31	Ps.119.48	2
134490	Ps.119.31	Ps.119.115	2
134496	Ps.119.31	Ps.119.80	2
134507	Ps.119.32	Ps.119.45	8
134518	Ps.119.33	Ps.119.8	4
134520	Ps.119.33	Ps.119.112	4
134523	Ps.119.33	Ps.119.12	10
134524	Ps.119.33	Ps.119.26-Ps.119.27	16
134535	Ps.119.34	Ps.119.10	4
134537	Ps.119.34	Ps.119.73	9
134542	Ps.119.34	Ps.119.58	2
134544	Ps.119.34	Ps.119.69	4
134546	Ps.119.35	Ps.119.16	5
134555	Ps.119.35	Ps.119.36	3
134556	Ps.119.35	Ps.119.173	3
134558	Ps.119.35	Ps.119.27	5
134585	Ps.119.37	Ps.119.40	13
134589	Ps.119.37	Ps.119.25	8
134597	Ps.119.38	Ps.119.49	5
134604	Ps.119.39	Ps.119.123	2
134605	Ps.119.39	Ps.119.31	2
134606	Ps.119.39	Ps.119.43	2
134608	Ps.119.39	Ps.119.75	2
134609	Ps.119.39	Ps.119.22	5
134612	Ps.119.39	Ps.119.20	2
134614	Ps.119.39	Ps.119.131	2
134622	Ps.119.40	Ps.119.5	2
134627	Ps.119.40	Ps.119.88	3
134628	Ps.119.40	Ps.119.149	3
134629	Ps.119.40	Ps.119.20	10
134632	Ps.119.40	Ps.119.37	4
134633	Ps.119.40	Ps.119.25	4
134637	Ps.119.40	Ps.119.159	5
134638	Ps.119.40	Ps.119.156	3
134640	Ps.119.40	Ps.119.107	3
134641	Ps.119.41	Ps.119.132	6
134643	Ps.119.41	Ps.119.58	7
134646	Ps.119.41	Ps.119.76-Ps.119.77	7
134647	Ps.119.42	Ps.119.74	4
134648	Ps.119.42	Ps.119.49	4
134657	Ps.119.42	Ps.119.81	4
134666	Ps.119.43	Ps.119.120	2
134668	Ps.119.43	Ps.119.13	4
134671	Ps.119.43	Ps.119.52	3
134677	Ps.119.43	Ps.119.175	4
134680	Ps.119.44	Ps.119.33-Ps.119.34	5
134685	Ps.119.45	Ps.119.94	14
134686	Ps.119.45	Ps.119.133	16
134689	Ps.119.45	Ps.119.19	6
134690	Ps.119.45	Ps.119.162	7
134693	Ps.119.45	Ps.119.71	6
134694	Ps.119.45	Ps.119.148	6
134714	Ps.119.47	Ps.119.174	6
134716	Ps.119.47	Ps.119.140	5
134719	Ps.119.47	Ps.119.167	5
134720	Ps.119.47	Ps.119.24	4
134721	Ps.119.47	Ps.119.97	11
134724	Ps.119.47	Ps.119.48	12
134728	Ps.119.47	Ps.119.127	10
134729	Ps.119.47	Ps.119.16	7
134737	Ps.119.48	Ps.119.15	8
134742	Ps.119.49	Ps.119.147	4
134751	Ps.119.49	Ps.119.81	7
134753	Ps.119.49	Ps.119.43	4
134755	Ps.119.49	Ps.119.74	6
134770	Ps.119.50	Ps.119.25	6
134779	Ps.119.51	Ps.119.157	4
134783	Ps.119.51	Ps.119.21	2
134784	Ps.119.51	Ps.119.31	2
134786	Ps.119.51	Ps.119.69	2
134806	Ps.119.53	Ps.119.136	4
134811	Ps.119.53	Ps.119.158	6
134819	Ps.119.55	Ps.119.17	2
134826	Ps.119.55	Ps.119.34	2
134831	Ps.119.56	Ps.119.165	5
134832	Ps.119.57	Ps.119.115	6
134836	Ps.119.57	Ps.119.106	4
134847	Ps.119.58	Ps.119.65	2
134848	Ps.119.58	Ps.119.10	4
134849	Ps.119.58	Ps.119.76	2
134856	Ps.119.58	Ps.119.41	7
134858	Ps.119.58	Ps.119.170	4
134886	Ps.119.61	Ps.119.176	6
134892	Ps.119.61	Ps.119.95	4
134893	Ps.119.62	Ps.119.147	6
134895	Ps.119.62	Ps.119.164	8
134897	Ps.119.62	Ps.119.106	4
134899	Ps.119.62	Ps.119.75	6
134900	Ps.119.62	Ps.119.7	7
134904	Ps.119.62	Ps.119.137	6
134909	Ps.119.63	Ps.119.115	5
134912	Ps.119.63	Ps.119.79	6
134920	Ps.119.64	Ps.119.26	3
134921	Ps.119.64	Ps.119.12	5
134927	Ps.119.65	Ps.119.17	9
134934	Ps.119.66	Ps.119.160	8
134938	Ps.119.66	Ps.119.34	9
134942	Ps.119.66	Ps.119.172	8
134943	Ps.119.66	Ps.119.128	8
134951	Ps.119.67	Ps.119.75	14
134959	Ps.119.67	Ps.119.176	11
134961	Ps.119.67	Ps.119.71	23
134967	Ps.119.68	Ps.119.26	1
134969	Ps.119.68	Ps.119.12	12
134976	Ps.119.69	Ps.119.58	5
134987	Ps.119.69	Ps.119.34	5
134988	Ps.119.69	Ps.119.157	7
134989	Ps.119.69	Ps.119.51	5
134992	Ps.119.70	Ps.119.35	4
134996	Ps.119.70	Ps.119.16	5
134999	Ps.119.71	Ps.119.67	46
135008	Ps.119.72	Ps.119.127	11
135010	Ps.119.72	Ps.119.162	8
135011	Ps.119.72	Ps.119.14	7
135012	Ps.119.72	Ps.119.111	7
135014	Ps.119.73	Ps.119.34	6
135016	Ps.119.73	Ps.119.169	5
135019	Ps.119.73	Ps.119.144	3
135025	Ps.119.73	Ps.119.125	8
135029	Ps.119.74	Ps.119.79	6
135032	Ps.119.74	Ps.119.42	5
135034	Ps.119.74	Ps.119.147	1
135040	Ps.119.75	Ps.119.7	3
135042	Ps.119.75	Ps.119.128	3
135047	Ps.119.75	Ps.119.62	3
135050	Ps.119.75	Ps.119.160	3
135055	Ps.119.77	Ps.119.174	7
135060	Ps.119.77	Ps.119.47	4
135061	Ps.119.77	Ps.119.41	5
135062	Ps.119.77	Ps.119.24	4
135063	Ps.119.78	Ps.119.85-Ps.119.86	4
135065	Ps.119.78	Ps.119.51	5
135066	Ps.119.78	Ps.119.23	5
135076	Ps.119.78	Ps.119.21	4
135080	Ps.119.79	Ps.119.74	5
135082	Ps.119.79	Ps.119.63	3
135089	Ps.119.80	Ps.119.6	5
135098	Ps.119.81	Ps.119.20	1
135099	Ps.119.81	Ps.119.114	4
135101	Ps.119.81	Ps.119.42	2
135104	Ps.119.81	Ps.119.40	5
135105	Ps.119.81	Ps.119.77	3
135107	Ps.119.81	Ps.119.74	2
135114	Ps.119.82	Ps.119.123	6
135118	Ps.119.83	Ps.119.176	4
135120	Ps.119.83	Ps.119.16	3
135121	Ps.119.83	Ps.119.61	3
135132	Ps.119.85	Ps.119.78	4
135142	Ps.119.86	Ps.119.128	4
135144	Ps.119.86	Ps.119.151	4
135147	Ps.119.86	Ps.119.142	3
135149	Ps.119.86	Ps.119.138	4
135152	Ps.119.86	Ps.119.78	5
135154	Ps.119.87	Ps.119.61	4
135160	Ps.119.87	Ps.119.51	3
135165	Ps.119.88	Ps.119.146	4
135166	Ps.119.88	Ps.119.25	5
135167	Ps.119.88	Ps.119.40	5
135170	Ps.119.88	Ps.119.2	4
135171	Ps.119.88	Ps.119.159	4
135173	Ps.119.89	Ps.119.160	15
135174	Ps.119.89	Ps.119.152	11
135200	Ps.119.92	Ps.119.24	8
135205	Ps.119.92	Ps.119.77	10
135206	Ps.119.92	Ps.119.143	11
135209	Ps.119.93	Ps.119.16	8
135210	Ps.119.93	Ps.119.50	11
135215	Ps.119.94	Ps.119.40	4
135218	Ps.119.94	Ps.119.27	6
135221	Ps.119.94	Ps.119.173	4
135222	Ps.119.95	Ps.119.61	3
135224	Ps.119.95	Ps.119.24	3
135225	Ps.119.95	Ps.119.167	7
135229	Ps.119.95	Ps.119.85-Ps.119.87	5
135234	Ps.119.95	Ps.119.69	5
135235	Ps.119.95	Ps.119.31	6
135236	Ps.119.95	Ps.119.129	3
135238	Ps.119.95	Ps.119.111	2
135239	Ps.119.95	Ps.119.125	3
135265	Ps.119.97	Ps.119.48	9
135267	Ps.119.97	Ps.119.127	6
135268	Ps.119.97	Ps.119.165	6
135271	Ps.119.97	Ps.119.167	7
135272	Ps.119.97	Ps.119.113	5
135275	Ps.119.97	Ps.119.159	11
135276	Ps.119.98	Ps.119.11	5
135282	Ps.119.98	Ps.119.30	4
135283	Ps.119.98	Ps.119.104-Ps.119.105	6
135288	Ps.119.99	Ps.119.24	10
135313	Ps.119.101	Ps.119.126	1
135319	Ps.119.101	Ps.119.104	5
135322	Ps.119.101	Ps.119.59-Ps.119.60	4
135341	Ps.119.104	Ps.119.100	5
135344	Ps.119.104	Ps.119.98	6
135346	Ps.119.104	Ps.119.128	12
135348	Ps.119.104	Ps.119.29-Ps.119.30	3
135360	Ps.119.106	Ps.119.115	2
135367	Ps.119.107	Ps.119.88	3
135369	Ps.119.107	Ps.119.25	4
135374	Ps.119.108	Ps.119.130	2
135375	Ps.119.108	Ps.119.12	4
135376	Ps.119.108	Ps.119.169	3
135378	Ps.119.108	Ps.119.26	1
135382	Ps.119.109	Ps.119.152	2
135383	Ps.119.109	Ps.119.83	2
135387	Ps.119.109	Ps.119.117	2
135390	Ps.119.110	Ps.119.95	6
135392	Ps.119.110	Ps.119.10	5
135393	Ps.119.110	Ps.119.21	3
135396	Ps.119.110	Ps.119.51	3
135398	Ps.119.110	Ps.119.85	5
135401	Ps.119.110	Ps.119.87	3
135409	Ps.119.111	Ps.119.174	10
135412	Ps.119.111	Ps.119.92	10
135413	Ps.119.111	Ps.119.127	9
135414	Ps.119.111	Ps.119.162	6
135416	Ps.119.111	Ps.119.14	8
135417	Ps.119.111	Ps.119.74	9
135423	Ps.119.112	Ps.119.33	10
135427	Ps.119.112	Ps.119.36	7
135428	Ps.119.112	Ps.119.44	6
135431	Ps.119.113	Ps.119.97	3
135432	Ps.119.113	Ps.119.103	2
135441	Ps.119.114	Ps.119.81	20
135443	Ps.119.114	Ps.119.74	16
135448	Ps.119.115	Ps.119.106	5
135474	Ps.119.117	Ps.119.6	6
135476	Ps.119.117	Ps.119.48	2
135478	Ps.119.117	Ps.119.111-Ps.119.112	2
135488	Ps.119.118	Ps.119.29	3
135491	Ps.119.118	Ps.119.21	4
135492	Ps.119.118	Ps.119.10	6
135505	Ps.119.119	Ps.119.111	2
135508	Ps.119.119	Ps.119.126-Ps.119.128	2
135510	Ps.119.120	Ps.119.53	6
135539	Ps.119.122	Ps.119.21	4
135546	Ps.119.123	Ps.119.81-Ps.119.82	3
135552	Ps.119.124	Ps.119.76-Ps.119.77	9
135559	Ps.119.124	Ps.119.41	4
135561	Ps.119.124	Ps.119.132	7
135563	Ps.119.124	Ps.119.12	11
135564	Ps.119.124	Ps.119.26	7
135566	Ps.119.125	Ps.119.29	3
135568	Ps.119.125	Ps.119.11	3
135569	Ps.119.125	Ps.119.34	4
135573	Ps.119.125	Ps.119.18-Ps.119.19	3
135577	Ps.119.125	Ps.119.66	3
135578	Ps.119.125	Ps.119.94	2
135594	Ps.119.127	Ps.119.72	4
135602	Ps.119.128	Ps.119.104	9
135603	Ps.119.128	Ps.119.118	2
135609	Ps.119.128	Ps.119.6	5
135612	Ps.119.129	Ps.119.18	4
135617	Ps.119.129	Ps.119.31	3
135618	Ps.119.129	Ps.119.2	3
135620	Ps.119.129	Ps.119.146	3
135624	Ps.119.130	Ps.119.105	41
135637	Ps.119.131	Ps.119.162	3
135641	Ps.119.131	Ps.119.174	3
135642	Ps.119.131	Ps.119.20	7
135643	Ps.119.131	Ps.119.40	1
135647	Ps.119.132	Ps.119.124	7
135657	Ps.119.133	Ps.119.116	16
135670	Ps.119.134	Ps.119.122	4
135679	Ps.119.135	Ps.119.12	2
135680	Ps.119.135	Ps.119.26	2
135691	Ps.119.136	Ps.119.53	7
135694	Ps.119.136	Ps.119.158	7
135713	Ps.119.138	Ps.119.144	5
135714	Ps.119.138	Ps.119.86	4
135735	Ps.119.140	Ps.119.128	5
135747	Ps.119.141	Ps.119.176	2
135752	Ps.119.141	Ps.119.109	3
135755	Ps.119.142	Ps.119.151	8
135762	Ps.119.142	Ps.119.144	4
135763	Ps.119.143	Ps.119.107	6
135768	Ps.119.143	Ps.119.77	2
135770	Ps.119.143	Ps.119.16	2
135773	Ps.119.143	Ps.119.47	2
135775	Ps.119.144	Ps.119.138	3
135776	Ps.119.144	Ps.119.73	4
135778	Ps.119.144	Ps.119.66	3
135783	Ps.119.144	Ps.119.152	3
135789	Ps.119.144	Ps.119.34	2
135792	Ps.119.144	Ps.119.169	5
135793	Ps.119.145	Ps.119.10	8
135794	Ps.119.145	Ps.119.44	3
135797	Ps.119.145	Ps.119.115	3
135804	Ps.119.145	Ps.119.106	4
135809	Ps.119.146	Ps.119.134	3
135818	Ps.119.147	Ps.119.74	4
135821	Ps.119.147	Ps.119.81	4
135826	Ps.119.148	Ps.119.62	2
135829	Ps.119.149	Ps.119.156	3
135832	Ps.119.149	Ps.119.154	2
135833	Ps.119.149	Ps.119.25	3
135838	Ps.119.149	Ps.119.40	5
135858	Ps.119.151	Ps.119.138	3
135860	Ps.119.151	Ps.119.142	6
135862	Ps.119.152	Ps.119.160	2
135865	Ps.119.152	Ps.119.144	2
135867	Ps.119.153	Ps.119.98	2
135869	Ps.119.153	Ps.119.141	3
135870	Ps.119.153	Ps.119.16	3
135874	Ps.119.153	Ps.119.159	3
135876	Ps.119.153	Ps.119.176	5
135879	Ps.119.153	Ps.119.109	2
135882	Ps.119.154	Ps.119.25	4
135890	Ps.119.154	Ps.119.40	4
135912	Ps.119.157	Ps.119.51	4
135920	Ps.119.157	Ps.119.110	2
135930	Ps.119.158	Ps.119.136	3
135933	Ps.119.158	Ps.119.53	6
135934	Ps.119.159	Ps.119.97	6
135936	Ps.119.159	Ps.119.153	4
135940	Ps.119.160	Ps.119.138	4
135941	Ps.119.160	Ps.119.75	6
135942	Ps.119.160	Ps.119.144	17
135944	Ps.119.160	Ps.119.142	9
135947	Ps.119.160	Ps.119.86	6
135948	Ps.119.160	Ps.119.152	7
135959	Ps.119.161	Ps.119.157	5
135962	Ps.119.161	Ps.119.23	4
135965	Ps.119.162	Ps.119.111	11
135967	Ps.119.162	Ps.119.72	13
135971	Ps.119.163	Ps.119.29	3
135974	Ps.119.163	Ps.119.113	2
135976	Ps.119.163	Ps.119.128	5
135980	Ps.119.164	Ps.119.62	15
136004	Ps.119.166	Ps.119.174	5
136007	Ps.119.166	Ps.119.81	5
136011	Ps.119.167	Ps.119.97	3
136013	Ps.119.167	Ps.119.111	3
136016	Ps.119.167	Ps.119.159	3
136018	Ps.119.167	Ps.119.6-Ps.119.8	2
136034	Ps.119.169	Ps.119.144-Ps.119.145	8
136036	Ps.119.170	Ps.119.41	6
136041	Ps.119.171	Ps.119.7	4
136048	Ps.119.172	Ps.119.142	4
136049	Ps.119.172	Ps.119.13	3
136050	Ps.119.172	Ps.119.138	4
136052	Ps.119.172	Ps.119.46	2
136060	Ps.119.172	Ps.119.86	3
136063	Ps.119.173	Ps.119.111	1
136064	Ps.119.173	Ps.119.94	1
136067	Ps.119.173	Ps.119.40	1
136070	Ps.119.173	Ps.119.30	1
136071	Ps.119.173	Ps.119.35	1
136075	Ps.119.173	Ps.119.117	1
136079	Ps.119.174	Ps.119.24	2
136086	Ps.119.174	Ps.119.166-Ps.119.167	7
136087	Ps.119.174	Ps.119.47	4
136088	Ps.119.174	Ps.119.16	5
136089	Ps.119.174	Ps.119.162	4
136090	Ps.119.174	Ps.119.81	2
136091	Ps.119.174	Ps.119.111	4
136092	Ps.119.174	Ps.119.77	2
136101	Ps.119.175	Ps.119.75	2
136118	Ps.119.176	Ps.119.93	6
136123	Ps.119.176	Ps.119.61	5
136666	Ps.126.4	Ps.126.1	5
137001	Ps.130.7	Ps.130.4	3
137081	Ps.132.2	Ps.132.5	2
137128	Ps.132.9	Ps.132.16	3
137195	Ps.132.14	Ps.132.8	7
137225	Ps.132.16	Ps.132.9	5
137669	Ps.136.26	Ps.136.1-Ps.136.3	9
137947	Ps.139.1	Ps.139.23	36
137989	Ps.139.3	Ps.139.18	4
138066	Ps.139.15	Ps.139.13	18
138090	Ps.139.18	Ps.139.3	12
138134	Ps.139.23	Ps.139.1	38
138153	Ps.140.1	Ps.140.11	7
138154	Ps.140.1	Ps.140.4	10
138529	Ps.142.7	Ps.142.1	4
138624	Ps.143.8	Ps.143.10	30
138673	Ps.143.11	Ps.143.1	2
138767	Ps.144.7	Ps.144.11	2
138806	Ps.144.11	Ps.144.7-Ps.144.8	6
139041	Ps.145.15	Ps.145.9	5
139121	Ps.145.21	Ps.145.1-Ps.145.2	3
139126	Ps.145.21	Ps.145.5	2
139464	Ps.147.18	Ps.147.15	7
139836	Prov.1.4	Prov.1.22-Prov.1.23	2
139873	Prov.1.7	Prov.1.29-Prov.1.30	27
139876	Prov.1.7	Prov.1.22	27
139886	Prov.1.8	Prov.1.10	4
139888	Prov.1.8	Prov.1.15	3
139931	Prov.1.11	Prov.1.18	5
139933	Prov.1.11	Prov.1.16	2
139950	Prov.1.13	Prov.1.19	2
140015	Prov.1.22	Prov.1.7	2
140016	Prov.1.22	Prov.1.4	2
140035	Prov.1.22	Prov.1.29	6
140041	Prov.1.23	Prov.1.25	1
140046	Prov.1.23	Prov.1.30	2
140075	Prov.1.25	Prov.1.30	4
140123	Prov.1.29	Prov.1.22	6
140132	Prov.1.30	Prov.1.25	8
140461	Prov.3.2	Prov.3.16-Prov.3.17	5
140513	Prov.3.5	Prov.3.7	271
140636	Prov.3.16	Prov.3.2	14
140699	Prov.3.21	Prov.3.1-Prov.3.3	4
140900	Prov.4.6	Prov.4.21-Prov.4.22	7
140945	Prov.4.11	Prov.4.4	3
140966	Prov.4.12	Prov.4.19	4
141062	Prov.4.22	Prov.4.10	20
141066	Prov.4.22	Prov.4.4	15
141078	Prov.4.23	Prov.4.7	185
141168	Prov.5.6	Prov.5.21	4
141237	Prov.5.15	Prov.5.18-Prov.5.19	6
141252	Prov.5.19	Prov.5.15	4
141322	Prov.6.4	Prov.6.10-Prov.6.11	6
141341	Prov.6.6	Prov.6.9	17
141366	Prov.6.10	Prov.6.6	3
141388	Prov.6.12	Prov.6.14	2
141409	Prov.6.14	Prov.6.18-Prov.6.19	4
141502	Prov.6.19	Prov.6.14	8
141693	Prov.7.8	Prov.7.12	2
141772	Prov.7.21	Prov.7.5	5
141886	Prov.8.8	Prov.8.13	4
141912	Prov.8.10	Prov.8.19	4
142033	Prov.8.19	Prov.8.10	3
142054	Prov.8.21	Prov.8.18	3
142189	Prov.9.2	Prov.9.5	4
142202	Prov.9.3	Prov.9.14	6
142214	Prov.9.4	Prov.9.16	4
142222	Prov.9.5	Prov.9.2	3
142223	Prov.9.5	Prov.9.17	4
142229	Prov.9.6	Prov.9.11	1
142302	Prov.9.14	Prov.9.3	3
142306	Prov.9.16	Prov.9.4	2
142398	Prov.10.6	Prov.10.11	4
142419	Prov.10.8	Prov.10.10	2
142446	Prov.10.10	Prov.10.8	3
142451	Prov.10.11	Prov.10.20-Prov.10.21	8
142459	Prov.10.11	Prov.10.6	8
142460	Prov.10.11	Prov.10.32	7
142476	Prov.10.13	Prov.10.10-Prov.10.11	3
142477	Prov.10.13	Prov.10.21	3
142480	Prov.10.13	Prov.10.31	3
142488	Prov.10.14	Prov.10.10	3
142493	Prov.10.14	Prov.10.8	6
142645	Prov.10.25	Prov.10.30	3
142699	Prov.10.30	Prov.10.25	6
142707	Prov.10.31	Prov.10.20-Prov.10.21	3
142708	Prov.10.31	Prov.10.11	2
142711	Prov.10.31	Prov.10.13	4
142741	Prov.11.3	Prov.11.5	7
142762	Prov.11.5	Prov.11.3	1
142918	Prov.11.19	Prov.11.4	2
142960	Prov.11.23	Prov.11.7	3
142964	Prov.11.24	Prov.11.18	12
143057	Prov.12.3	Prov.12.12	6
143280	Prov.12.20	Prov.12.12	3
143320	Prov.12.24	Prov.12.27	9
143330	Prov.12.25	Prov.12.18	15
143351	Prov.12.26	Prov.12.13	3
143450	Prov.13.7	Prov.13.11	7
143515	Prov.13.11	Prov.13.22-Prov.13.23	7
143517	Prov.13.12	Prov.13.19	28
143538	Prov.13.13	Prov.13.21	5
143610	Prov.13.18	Prov.13.13	5
143622	Prov.13.19	Prov.13.12	8
143654	Prov.13.21	Prov.13.13	9
143755	Prov.14.5	Prov.14.25	4
143875	Prov.14.14	Prov.14.10	3
143885	Prov.14.15	Prov.14.8	18
143912	Prov.14.17	Prov.14.29	11
143959	Prov.14.21	Prov.14.31	4
143986	Prov.14.22	Prov.14.17	2
144013	Prov.14.25	Prov.14.5	7
144049	Prov.14.29	Prov.14.17	21
144073	Prov.14.31	Prov.14.21	3
144152	Prov.15.1	Prov.15.18	43
144158	Prov.15.2	Prov.15.28	8
144160	Prov.15.2	Prov.15.23	2
144195	Prov.15.5	Prov.15.31-Prov.15.32	8
144209	Prov.15.6	Prov.15.16	4
144243	Prov.15.8	Prov.15.29	26
144290	Prov.15.12	Prov.15.10	2
144294	Prov.15.13	Prov.15.15	8
144329	Prov.15.15	Prov.15.13	11
144354	Prov.15.18	Prov.15.1	15
144440	Prov.15.26	Prov.15.23	6
144472	Prov.15.28	Prov.15.2	6
144482	Prov.15.29	Prov.15.8	19
144512	Prov.15.31	Prov.15.5	10
144514	Prov.15.32	Prov.15.14	2
144526	Prov.15.32	Prov.15.21	2
144548	Prov.16.1	Prov.16.9	44
144581	Prov.16.2	Prov.16.25	13
144652	Prov.16.9	Prov.16.1	106
144666	Prov.16.10	Prov.16.12-Prov.16.13	2
144784	Prov.16.21	Prov.16.23-Prov.16.24	11
144882	Prov.16.30	Prov.16.27	2
144896	Prov.16.32	Prov.16.19	8
144983	Prov.17.8	Prov.17.23	3
145056	Prov.17.14	Prov.17.19	2
145112	Prov.17.19	Prov.17.14	3
145133	Prov.17.21	Prov.17.25	3
145162	Prov.17.23	Prov.17.8	4
145180	Prov.17.26	Prov.17.15	8
145415	Prov.18.17	Prov.18.13	25
145457	Prov.18.21	Prov.18.4-Prov.18.7	67
145514	Prov.19.1	Prov.19.22	4
145550	Prov.19.4	Prov.19.6-Prov.19.7	6
145564	Prov.19.5	Prov.19.9	6
145568	Prov.19.6	Prov.19.12	4
145586	Prov.19.7	Prov.19.4	6
145607	Prov.19.9	Prov.19.5	4
145692	Prov.19.15	Prov.19.24	2
145791	Prov.19.22	Prov.19.1	4
145823	Prov.19.24	Prov.19.15	3
145977	Prov.20.8	Prov.20.26	6
145999	Prov.20.10	Prov.20.23	5
146126	Prov.20.23	Prov.20.10	8
146148	Prov.20.26	Prov.20.8	7
146151	Prov.20.27	Prov.20.30	10
146222	Prov.21.4	Prov.21.27	3
146261	Prov.21.7	Prov.21.21	4
146288	Prov.21.9	Prov.21.19	17
146299	Prov.21.10	Prov.21.13	2
146376	Prov.21.15	Prov.21.12	2
146399	Prov.21.17	Prov.21.20	5
146411	Prov.21.19	Prov.21.9	21
146619	Prov.22.7	Prov.22.22	5
146621	Prov.22.7	Prov.22.16	7
146723	Prov.22.16	Prov.22.22-Prov.22.23	9
146777	Prov.22.22	Prov.22.16	6
146837	Prov.23.3	Prov.23.6	7
146869	Prov.23.6	Prov.23.3	7
146922	Prov.23.12	Prov.23.19	10
146943	Prov.23.15	Prov.23.24-Prov.23.25	10
146979	Prov.23.19	Prov.23.12	6
146980	Prov.23.19	Prov.23.26	9
147045	Prov.23.24	Prov.23.15-Prov.23.16	8
147082	Prov.23.29	Prov.23.21	4
147157	Prov.24.1	Prov.24.19	3
147173	Prov.24.2	Prov.24.8	1
147234	Prov.24.8	Prov.24.9	2
147239	Prov.24.8	Prov.24.2	2
147254	Prov.24.9	Prov.24.8	8
147372	Prov.24.19	Prov.24.1	6
147590	Prov.25.6	Prov.25.27	7
147627	Prov.25.13	Prov.25.25	5
147648	Prov.25.16	Prov.25.27	8
147734	Prov.25.27	Prov.25.16	2
147753	Prov.26.1	Prov.26.3	1
147754	Prov.26.1	Prov.26.8	2
147781	Prov.26.4	Prov.26.5	8
147795	Prov.26.5	Prov.26.12	3
147802	Prov.26.5	Prov.26.4	3
147811	Prov.26.7	Prov.26.9	5
147817	Prov.26.8	Prov.26.1	4
147833	Prov.26.12	Prov.26.16	4
147836	Prov.26.12	Prov.26.5	10
147846	Prov.26.16	Prov.26.12	5
147865	Prov.26.20	Prov.26.22	4
148070	Prov.27.17	Prov.27.9	100
148245	Prov.28.6	Prov.28.18	9
148251	Prov.28.7	Prov.28.24	3
148320	Prov.28.12	Prov.28.28	7
148416	Prov.28.18	Prov.28.6	10
148435	Prov.28.20	Prov.28.22	6
148466	Prov.28.22	Prov.28.20	5
148476	Prov.28.24	Prov.28.7	5
148520	Prov.28.28	Prov.28.12	9
148592	Prov.29.4	Prov.29.14	6
148711	Prov.29.14	Prov.29.4	4
148734	Prov.29.15	Prov.29.17	11
148746	Prov.29.16	Prov.29.2	4
148752	Prov.29.17	Prov.29.15	7
148779	Prov.29.20	Prov.29.11	6
148876	Prov.29.27	Prov.29.10	3
149021	Prov.30.11	Prov.30.12-Prov.30.14	5
149028	Prov.30.11	Prov.30.17	6
149094	Prov.30.15	Prov.30.24	3
149097	Prov.30.15	Prov.30.29	6
149100	Prov.30.15	Prov.30.21	7
149127	Prov.30.17	Prov.30.11	7
149355	Prov.31.24	Prov.31.19	3
149357	Prov.31.24	Prov.31.13	3
149383	Prov.31.26	Prov.31.8-Prov.31.9	10
149409	Prov.31.28	Prov.31.1	5
149440	Prov.31.31	Prov.31.16	8
149452	Eccl.1.1	Eccl.1.12	7
149567	Eccl.1.12	Eccl.1.1	6
149584	Eccl.1.13	Eccl.1.17	5
149589	Eccl.1.14	Eccl.1.17-Eccl.1.18	3
149621	Eccl.1.17	Eccl.1.13-Eccl.1.14	2
149638	Eccl.2.1	Eccl.2.15	2
149664	Eccl.2.3	Eccl.2.24	2
149755	Eccl.2.10	Eccl.2.22	2
149800	Eccl.2.15	Eccl.2.16	2
149804	Eccl.2.16	Eccl.2.14	2
149817	Eccl.2.17	Eccl.2.11	5
149824	Eccl.2.17	Eccl.2.22	2
149841	Eccl.2.18	Eccl.2.26	2
149868	Eccl.2.21	Eccl.2.17-Eccl.2.18	6
149942	Eccl.3.1	Eccl.3.17	66
150115	Eccl.3.12	Eccl.3.22	6
150186	Eccl.3.17	Eccl.3.1	5
150243	Eccl.3.20	Eccl.3.21	3
150256	Eccl.3.22	Eccl.3.11-Eccl.3.12	6
150347	Eccl.4.4	Eccl.4.16	2
150361	Eccl.4.7	Eccl.4.1	3
150367	Eccl.4.8	Eccl.4.9-Eccl.4.12	5
150483	Eccl.5.2	Eccl.5.7	10
150488	Eccl.5.2	Eccl.5.3	10
150527	Eccl.5.6	Eccl.5.1-Eccl.5.2	7
150534	Eccl.5.7	Eccl.5.3	11
150681	Eccl.5.16	Eccl.5.13	3
150791	Eccl.6.6	Eccl.6.3	2
150795	Eccl.6.7	Eccl.6.3	5
150811	Eccl.6.9	Eccl.6.2	1
151204	Eccl.7.25	Eccl.7.27	2
151228	Eccl.7.28	Eccl.7.23-Eccl.7.24	5
151316	Eccl.8.5	Eccl.8.2	3
151467	Eccl.8.16	Eccl.8.9	2
151471	Eccl.8.16	Eccl.8.7	2
151534	Eccl.9.3	Eccl.9.2	2
151647	Eccl.9.10	Eccl.9.5-Eccl.9.6	17
151704	Eccl.9.13	Eccl.9.11	1
151721	Eccl.9.16	Eccl.9.18	5
151735	Eccl.9.18	Eccl.9.16	4
151753	Eccl.10.2	Eccl.10.14	6
151758	Eccl.10.2	Eccl.10.10	4
151797	Eccl.10.10	Eccl.10.15	9
151880	Eccl.10.15	Eccl.10.3	3
151884	Eccl.10.15	Eccl.10.10	2
151901	Eccl.10.17	Eccl.10.6-Eccl.10.7	2
151956	Eccl.11.1	Eccl.11.6	26
152304	Song.1.2	Song.1.4	5
152351	Song.1.4	Song.1.2-Song.1.3	3
152461	Song.1.8	Song.1.15	2
152470	Song.1.9	Song.1.15	3
152528	Song.1.14	Song.1.13	3
152536	Song.1.15	Song.1.8	2
152565	Song.2.1	Song.2.16	4
152583	Song.2.3	Song.2.5	3
152637	Song.2.7	Song.2.9	1
152653	Song.2.8	Song.2.17	4
152671	Song.2.9	Song.2.17	5
152680	Song.2.10	Song.2.13	5
152683	Song.2.10	Song.2.8	3
152718	Song.2.13	Song.2.10	4
152774	Song.2.15	Song.2.13	5
152787	Song.2.16	Song.2.1	2
152795	Song.2.17	Song.2.8-Song.2.9	2
152885	Song.3.7	Song.3.9	2
152899	Song.3.9	Song.3.7	2
152953	Song.4.1	Song.4.9-Song.4.10	3
152970	Song.4.3	Song.4.11	2
153019	Song.4.6	Song.4.14	4
153033	Song.4.7	Song.4.1	7
153055	Song.4.9	Song.4.10	3
153080	Song.4.9	Song.4.12	5
153092	Song.4.11	Song.4.3	2
153098	Song.4.11	Song.4.10	1
153126	Song.4.13	Song.4.14	2
153138	Song.4.14	Song.4.6	5
153156	Song.4.15	Song.4.12	2
153189	Song.4.16	Song.4.13-Song.4.14	3
153251	Song.5.2	Song.5.11	2
153280	Song.5.5	Song.5.13	5
153281	Song.5.5	Song.5.2	2
153292	Song.5.6	Song.5.2	5
153311	Song.5.6	Song.5.4	2
153375	Song.5.11	Song.5.2	3
153394	Song.5.13	Song.5.5	2
153446	Song.6.1	Song.6.4	4
153449	Song.6.1	Song.6.9-Song.6.10	4
153472	Song.6.2	Song.6.11	2
153500	Song.6.4	Song.6.10	8
153542	Song.6.10	Song.6.4	6
153555	Song.6.11	Song.6.2	2
153646	Song.7.6	Song.7.10	5
153650	Song.7.7	Song.7.3	2
153652	Song.7.7	Song.7.8	2
153687	Song.7.10	Song.7.5-Song.7.6	3
153698	Song.7.12	Song.7.6	4
153804	Song.8.5	Song.8.1	2
153880	Song.8.8	Song.8.10	2
154048	Isa.1.4	Isa.1.23	2
154071	Isa.1.5	Isa.1.23	2
154276	Isa.1.17	Isa.1.23	23
154401	Isa.1.25	Isa.1.22	4
154424	Isa.1.26	Isa.1.21	3
154582	Isa.2.5	Isa.2.3	3
154679	Isa.2.10	Isa.2.19-Isa.2.21	8
154713	Isa.2.11	Isa.2.17	6
154768	Isa.2.17	Isa.2.11	5
154779	Isa.2.19	Isa.2.10	7
154789	Isa.2.19	Isa.2.21	5
154814	Isa.2.21	Isa.2.10	3
154815	Isa.2.21	Isa.2.19	8
154927	Isa.3.9	Isa.3.16	2
154968	Isa.3.12	Isa.3.4	10
154984	Isa.3.14	Isa.3.2-Isa.3.3	3
155008	Isa.3.16	Isa.3.18	5
155252	Isa.5.2	Isa.5.7	2
155316	Isa.5.6	Isa.5.9-Isa.5.10	2
155342	Isa.5.7	Isa.5.2	3
155372	Isa.5.9	Isa.5.6	2
155393	Isa.5.11	Isa.5.22	8
155407	Isa.5.12	Isa.5.19	2
155578	Isa.5.22	Isa.5.11	9
155793	Isa.6.2	Isa.6.6	4
155850	Isa.6.6	Isa.6.2	4
155962	Isa.7.2	Isa.7.17	2
155978	Isa.7.2	Isa.7.13	4
156010	Isa.7.4	Isa.7.8	3
156014	Isa.7.4	Isa.7.1	1
156085	Isa.7.13	Isa.7.2	2
156120	Isa.7.15	Isa.7.22	8
156147	Isa.7.18	Isa.7.17	2
156174	Isa.7.21	Isa.7.25	1
156177	Isa.7.22	Isa.7.15	3
156188	Isa.7.25	Isa.7.21-Isa.7.22	2
156193	Isa.8.1	Isa.8.3	4
156289	Isa.8.10	Isa.8.8	13
156378	Isa.8.16	Isa.8.20	2
156387	Isa.8.16	Isa.8.1-Isa.8.2	2
156421	Isa.8.18	Isa.8.3	1
156478	Isa.8.20	Isa.8.16	9
156491	Isa.8.21	Isa.8.7-Isa.8.8	2
156507	Isa.8.22	Isa.8.20	2
156531	Isa.9.2	Isa.9.1	13
156734	Isa.9.12	Isa.9.21	3
156737	Isa.9.12	Isa.9.17	3
156827	Isa.9.17	Isa.9.12	4
156837	Isa.9.17	Isa.9.21	3
156899	Isa.9.21	Isa.9.12	3
156905	Isa.9.21	Isa.9.17	2
156992	Isa.10.5	Isa.10.15	4
157004	Isa.10.6	Isa.10.13-Isa.10.14	3
157051	Isa.10.10	Isa.10.14	2
157068	Isa.10.12	Isa.10.16-Isa.10.19	3
157075	Isa.10.12	Isa.10.5-Isa.10.6	3
157101	Isa.10.13	Isa.10.8	2
157122	Isa.10.15	Isa.10.5	7
157141	Isa.10.16	Isa.10.18	2
157176	Isa.10.18	Isa.10.33-Isa.10.34	3
157239	Isa.10.24	Isa.10.5	2
157251	Isa.10.25	Isa.10.5	2
157261	Isa.10.25	Isa.10.33-Isa.10.34	2
157271	Isa.10.26	Isa.10.24	2
157276	Isa.10.26	Isa.10.16-Isa.10.19	2
157343	Isa.10.32	Isa.10.24	2
157351	Isa.10.33	Isa.10.16-Isa.10.19	2
157360	Isa.10.34	Isa.10.18	2
157383	Isa.11.1	Isa.11.10	16
157504	Isa.11.9	Isa.11.13	1
157515	Isa.11.10	Isa.11.1	16
157589	Isa.11.11	Isa.11.16	2
157615	Isa.11.12	Isa.11.10	6
157656	Isa.11.16	Isa.11.11	5
157743	Isa.12.4	Isa.12.1	1
157815	Isa.13.1	Isa.13.19	3
157875	Isa.13.5	Isa.13.17	2
157884	Isa.13.6	Isa.13.9	5
157932	Isa.13.9	Isa.13.15-Isa.13.18	6
157933	Isa.13.9	Isa.13.6	5
157969	Isa.13.12	Isa.13.15-Isa.13.18	2
158001	Isa.13.16	Isa.13.18	3
158008	Isa.13.17	Isa.13.3-Isa.13.5	5
158021	Isa.13.18	Isa.13.16	3
158136	Isa.14.4	Isa.14.17	2
158152	Isa.14.4	Isa.14.6	2
158166	Isa.14.5	Isa.14.29	2
158231	Isa.14.12	Isa.14.4-Isa.14.6	8
158262	Isa.14.16	Isa.14.4-Isa.14.5	3
158347	Isa.14.25	Isa.14.5	3
158421	Isa.14.31	Isa.14.29	3
158464	Isa.15.2	Isa.15.3	2
158490	Isa.15.3	Isa.15.2	2
158551	Isa.15.8	Isa.15.2-Isa.15.5	2
158656	Isa.16.7	Isa.16.11	2
158664	Isa.16.8	Isa.16.9	2
158766	Isa.17.3	Isa.17.4	2
158801	Isa.17.5	Isa.17.11	2
158870	Isa.17.9	Isa.17.4-Isa.17.5	2
158991	Isa.18.2	Isa.18.7	4
159024	Isa.18.4	Isa.18.7	4
159041	Isa.18.7	Isa.18.4	4
159073	Isa.19.1	Isa.19.16	2
159088	Isa.19.2	Isa.19.13-Isa.19.14	3
159106	Isa.19.3	Isa.19.1	2
159111	Isa.19.3	Isa.19.11-Isa.19.13	2
159119	Isa.19.4	Isa.19.2	2
159168	Isa.19.11	Isa.19.13	2
159170	Isa.19.11	Isa.19.3	2
159191	Isa.19.13	Isa.19.11	3
159198	Isa.19.14	Isa.19.2	2
159246	Isa.19.18	Isa.19.19	2
159248	Isa.19.18	Isa.19.21	4
159270	Isa.19.20	Isa.19.4	2
159514	Isa.21.7	Isa.21.9	4
159556	Isa.21.11	Isa.21.6	3
159643	Isa.22.2	Isa.22.12-Isa.22.13	2
159682	Isa.22.5	Isa.22.1	3
159832	Isa.22.25	Isa.22.15-Isa.22.16	2
159834	Isa.22.25	Isa.22.23	3
159856	Isa.23.1	Isa.23.12	3
159872	Isa.23.3	Isa.23.8	2
159895	Isa.23.6	Isa.23.10	2
159897	Isa.23.6	Isa.23.12	3
159899	Isa.23.6	Isa.23.1-Isa.23.2	1
159937	Isa.23.10	Isa.23.14	3
159952	Isa.23.11	Isa.23.3	2
159966	Isa.23.12	Isa.23.1-Isa.23.2	3
159981	Isa.23.12	Isa.23.7	2
160002	Isa.23.14	Isa.23.1	3
160005	Isa.23.14	Isa.23.6	2
160091	Isa.24.1	Isa.24.20	5
160124	Isa.24.3	Isa.24.1	5
160221	Isa.24.10	Isa.24.12	2
160242	Isa.24.11	Isa.24.7-Isa.24.9	2
160373	Isa.24.19	Isa.24.1-Isa.24.5	3
160415	Isa.24.22	Isa.24.17	2
160477	Isa.25.2	Isa.25.12	3
160572	Isa.25.6	Isa.25.10	4
160651	Isa.25.10	Isa.25.6	3
160682	Isa.25.11	Isa.25.5	3
160966	Isa.26.14	Isa.26.19	2
161395	Isa.28.1	Isa.28.7	4
161397	Isa.28.1	Isa.28.3-Isa.28.4	3
161416	Isa.28.2	Isa.28.15-Isa.28.19	2
161435	Isa.28.3	Isa.28.1	2
161443	Isa.28.4	Isa.28.1	3
161510	Isa.28.9	Isa.28.26	2
161539	Isa.28.10	Isa.28.13	12
161565	Isa.28.13	Isa.28.10	4
161576	Isa.28.14	Isa.28.22	5
161586	Isa.28.15	Isa.28.18	4
161595	Isa.28.15	Isa.28.2	3
161623	Isa.28.17	Isa.28.2	3
161628	Isa.28.17	Isa.28.15	1
161654	Isa.28.18	Isa.28.3	3
161660	Isa.28.18	Isa.28.15	6
161691	Isa.28.21	Isa.28.19	3
161724	Isa.28.22	Isa.28.14-Isa.28.15	3
161761	Isa.28.29	Isa.28.21-Isa.28.22	3
161867	Isa.29.9	Isa.29.10	3
161881	Isa.29.10	Isa.29.14	2
161903	Isa.29.12	Isa.29.18	4
161936	Isa.29.14	Isa.29.9-Isa.29.10	4
162008	Isa.29.18	Isa.29.10-Isa.29.12	3
162015	Isa.29.18	Isa.29.24	3
162060	Isa.29.20	Isa.29.5	3
162142	Isa.29.24	Isa.29.10-Isa.29.11	2
162149	Isa.30.1	Isa.30.9	6
162195	Isa.30.3	Isa.30.5-Isa.30.7	2
162211	Isa.30.5	Isa.30.7	4
162213	Isa.30.5	Isa.30.16	2
162246	Isa.30.7	Isa.30.15	3
162279	Isa.30.9	Isa.30.1	6
162332	Isa.30.12	Isa.30.7	2
162333	Isa.30.12	Isa.30.15-Isa.30.17	2
162338	Isa.30.12	Isa.30.1	2
162379	Isa.30.15	Isa.30.7	11
162380	Isa.30.15	Isa.30.11	2
162734	Isa.30.31	Isa.30.30	1
162745	Isa.30.32	Isa.30.29	2
162757	Isa.30.33	Isa.30.27-Isa.30.28	3
162800	Isa.31.2	Isa.31.3	3
162944	Isa.32.2	Isa.32.18-Isa.32.19	2
163268	Isa.33.4	Isa.33.23	2
163305	Isa.33.5	Isa.33.10	2
163599	Isa.33.23	Isa.33.21	2
163600	Isa.33.23	Isa.33.4	2
163607	Isa.33.23	Isa.33.1	2
163672	Isa.34.3	Isa.34.7	3
163726	Isa.34.6	Isa.34.5	2
163829	Isa.34.17	Isa.34.10	5
164001	Isa.35.6	Isa.35.1	2
164171	Isa.36.9	Isa.36.6	2
164202	Isa.36.13	Isa.36.4	2
164218	Isa.36.15	Isa.36.7	2
164253	Isa.36.18	Isa.36.10	3
164255	Isa.36.18	Isa.36.15	4
164256	Isa.36.18	Isa.36.7	3
164292	Isa.36.22	Isa.36.3	4
164296	Isa.36.22	Isa.36.11	2
164312	Isa.37.2	Isa.37.14	2
164342	Isa.37.4	Isa.37.23-Isa.37.24	2
164378	Isa.37.7	Isa.37.9	3
164382	Isa.37.7	Isa.37.36-Isa.37.38	3
164397	Isa.37.9	Isa.37.7	2
164412	Isa.37.11	Isa.37.18-Isa.37.19	2
164443	Isa.37.14	Isa.37.1	2
164479	Isa.37.16	Isa.37.20	2
164493	Isa.37.17	Isa.37.4	3
164541	Isa.37.21	Isa.37.2	2
164569	Isa.37.23	Isa.37.4	2
164574	Isa.37.23	Isa.37.10-Isa.37.13	2
164606	Isa.37.24	Isa.37.4	2
164663	Isa.37.29	Isa.37.10	2
164675	Isa.37.29	Isa.37.34	4
164697	Isa.37.32	Isa.37.20	2
164711	Isa.37.34	Isa.37.29	4
164750	Isa.37.37	Isa.37.7	2
164758	Isa.37.37	Isa.37.29	2
164765	Isa.37.38	Isa.37.10	3
164856	Isa.38.7	Isa.38.22	2
164881	Isa.38.10	Isa.38.1	2
165214	Isa.40.6	Isa.40.3	3
165336	Isa.40.15	Isa.40.22	5
165361	Isa.40.18	Isa.40.25	17
165408	Isa.40.22	Isa.40.15	4
165422	Isa.40.22	Isa.40.17	3
165437	Isa.40.24	Isa.40.7	2
165461	Isa.40.25	Isa.40.18	13
165511	Isa.40.28	Isa.40.21	24
165573	Isa.41.1	Isa.41.6-Isa.41.7	4
165576	Isa.41.1	Isa.41.21-Isa.41.22	2
165592	Isa.41.2	Isa.41.15-Isa.41.16	1
165602	Isa.41.2	Isa.41.25	5
165616	Isa.41.4	Isa.41.26	8
165681	Isa.41.9	Isa.41.8	4
165685	Isa.41.9	Isa.41.2	4
165699	Isa.41.10	Isa.41.13-Isa.41.14	329
165741	Isa.41.11	Isa.41.29	6
165746	Isa.41.11	Isa.41.24	5
165764	Isa.41.13	Isa.41.10	61
165921	Isa.41.24	Isa.41.29	4
165932	Isa.41.25	Isa.41.2	8
165936	Isa.41.26	Isa.41.22	5
165940	Isa.41.27	Isa.41.4	2
165963	Isa.41.29	Isa.41.24	4
166038	Isa.42.4	Isa.42.12	3
166115	Isa.42.6	Isa.42.1	7
166126	Isa.42.7	Isa.42.16	3
166135	Isa.42.7	Isa.42.22	3
166182	Isa.42.10	Isa.42.4	5
166204	Isa.42.12	Isa.42.4	2
166358	Isa.42.21	Isa.42.4	4
166384	Isa.42.22	Isa.42.7	5
166455	Isa.43.1	Isa.43.21	25
166462	Isa.43.1	Isa.43.14-Isa.43.15	4
166467	Isa.43.1	Isa.43.7	60
166578	Isa.43.5	Isa.43.2	11
166599	Isa.43.7	Isa.43.21	27
166614	Isa.43.7	Isa.43.1	11
166629	Isa.43.9	Isa.43.26	3
166642	Isa.43.10	Isa.43.12	17
166661	Isa.43.11	Isa.43.3	18
166684	Isa.43.12	Isa.43.10	5
166717	Isa.43.14	Isa.43.1	2
166725	Isa.43.14	Isa.43.3-Isa.43.4	2
166729	Isa.43.15	Isa.43.3	3
166734	Isa.43.15	Isa.43.21	2
166736	Isa.43.15	Isa.43.7	3
166740	Isa.43.15	Isa.43.1	4
166755	Isa.43.16	Isa.43.2	10
166816	Isa.43.20	Isa.43.19	2
166901	Isa.43.25	Isa.43.11	112
166921	Isa.43.26	Isa.43.9	11
166996	Isa.44.2	Isa.44.21	40
167002	Isa.44.2	Isa.44.24	91
167056	Isa.44.6	Isa.44.8	52
167085	Isa.44.6	Isa.44.24	36
167100	Isa.44.8	Isa.44.6	9
167113	Isa.44.8	Isa.44.2	7
167153	Isa.44.9	Isa.44.20	4
167168	Isa.44.9	Isa.44.18	4
167228	Isa.44.15	Isa.44.10	2
167257	Isa.44.18	Isa.44.9	39
167261	Isa.44.18	Isa.44.20	45
167317	Isa.44.21	Isa.44.1-Isa.44.2	11
167374	Isa.44.24	Isa.44.2	10
167390	Isa.44.24	Isa.44.6	7
167505	Isa.45.1	Isa.45.5	6
167549	Isa.45.5	Isa.45.21-Isa.45.22	16
167554	Isa.45.5	Isa.45.14-Isa.45.18	12
167563	Isa.45.6	Isa.45.5	5
167672	Isa.45.12	Isa.45.18	8
167700	Isa.45.14	Isa.45.5-Isa.45.6	3
167726	Isa.45.14	Isa.45.24	3
167744	Isa.45.15	Isa.45.17	1
167756	Isa.45.16	Isa.45.20	2
167772	Isa.45.17	Isa.45.25	56
167792	Isa.45.18	Isa.45.12	11
167799	Isa.45.18	Isa.45.5-Isa.45.6	4
167826	Isa.45.19	Isa.45.23	1
167870	Isa.45.21	Isa.45.5	10
167875	Isa.45.21	Isa.45.25	5
167879	Isa.45.21	Isa.45.18	5
167883	Isa.45.21	Isa.45.14	5
167897	Isa.45.22	Isa.45.21	10
167909	Isa.45.23	Isa.45.19	6
167929	Isa.45.24	Isa.45.25	3
167961	Isa.45.25	Isa.45.19	2
167969	Isa.45.25	Isa.45.17	2
167971	Isa.45.25	Isa.45.24	2
168017	Isa.46.3	Isa.46.12	5
168074	Isa.46.7	Isa.46.1	3
168092	Isa.46.9	Isa.46.5	17
168119	Isa.46.10	Isa.46.11	20
168163	Isa.46.12	Isa.46.3	4
168205	Isa.47.1	Isa.47.7-Isa.47.9	3
168284	Isa.47.5	Isa.47.1	2
168287	Isa.47.5	Isa.47.7	3
168313	Isa.47.7	Isa.47.5	4
168321	Isa.47.8	Isa.47.10	4
168355	Isa.47.9	Isa.47.12-Isa.47.13	4
168409	Isa.47.12	Isa.47.9-Isa.47.10	3
168410	Isa.47.13	Isa.47.15	2
168545	Isa.48.5	Isa.48.3	5
168589	Isa.48.8	Isa.48.4	2
168600	Isa.48.9	Isa.48.11	4
168645	Isa.48.11	Isa.48.5	5
168701	Isa.48.16	Isa.48.3-Isa.48.6	3
168733	Isa.48.17	Isa.48.20	22
168757	Isa.48.19	Isa.48.9	2
168774	Isa.48.20	Isa.48.6	2
168809	Isa.49.1	Isa.49.5	9
168894	Isa.49.5	Isa.49.1	2
168929	Isa.49.7	Isa.49.23	8
168931	Isa.49.7	Isa.49.1	5
168970	Isa.49.8	Isa.49.19	5
169097	Isa.49.17	Isa.49.19	2
169115	Isa.49.18	Isa.49.22	3
169120	Isa.49.18	Isa.49.12	4
169132	Isa.49.19	Isa.49.25-Isa.49.26	3
169136	Isa.49.19	Isa.49.17	2
169139	Isa.49.19	Isa.49.8	2
169188	Isa.49.22	Isa.49.12	2
169210	Isa.49.23	Isa.49.7	23
169378	Isa.50.7	Isa.50.9	10
169412	Isa.50.10	Isa.50.4	6
169482	Isa.51.1	Isa.51.7	14
169484	Isa.51.1	Isa.51.4	4
169521	Isa.51.3	Isa.51.12	2
169585	Isa.51.6	Isa.51.8	16
169610	Isa.51.7	Isa.51.1	7
169629	Isa.51.8	Isa.51.6	7
169640	Isa.51.9	Isa.51.17	6
169655	Isa.51.9	Isa.51.5	4
169700	Isa.51.12	Isa.51.7-Isa.51.8	5
169712	Isa.51.12	Isa.51.3	8
169772	Isa.51.15	Isa.51.10	3
169806	Isa.51.17	Isa.51.9	6
169860	Isa.51.20	Isa.51.17	3
169876	Isa.51.20	Isa.51.21	3
169877	Isa.51.21	Isa.51.17	2
169888	Isa.51.22	Isa.51.17	6
169977	Isa.52.5	Isa.52.3	2
170229	Isa.53.3	Isa.53.10	24
170231	Isa.53.3	Isa.53.4	18
170259	Isa.53.4	Isa.53.11-Isa.53.12	22
170261	Isa.53.4	Isa.53.5-Isa.53.6	27
170268	Isa.53.5	Isa.53.10-Isa.53.12	68
170276	Isa.53.5	Isa.53.6-Isa.53.8	41
170290	Isa.53.6	Isa.53.10	10
170309	Isa.53.8	Isa.53.12	7
170311	Isa.53.8	Isa.53.5	5
170334	Isa.53.10	Isa.53.12	8
170367	Isa.53.10	Isa.53.3-Isa.53.6	10
170390	Isa.53.11	Isa.53.8	3
170407	Isa.53.11	Isa.53.12	7
170409	Isa.53.11	Isa.53.4-Isa.53.6	9
170420	Isa.53.12	Isa.53.6	8
170429	Isa.53.12	Isa.53.10-Isa.53.11	5
170439	Isa.53.12	Isa.53.8	5
170553	Isa.54.8	Isa.54.5	4
170559	Isa.54.8	Isa.54.10	7
170588	Isa.54.10	Isa.54.8	20
170605	Isa.54.11	Isa.54.6	7
170708	Isa.54.17	Isa.54.15	156
170880	Isa.55.5	Isa.55.4	5
171084	Isa.56.2	Isa.56.4	2
171095	Isa.56.2	Isa.56.6	3
171103	Isa.56.3	Isa.56.5	4
171133	Isa.56.4	Isa.56.2	3
171139	Isa.56.4	Isa.56.6	4
171172	Isa.56.6	Isa.56.2-Isa.56.4	5
171291	Isa.57.1	Isa.57.11	3
171483	Isa.57.13	Isa.57.9-Isa.57.10	2
171606	Isa.57.18	Isa.57.15	3
171737	Isa.58.5	Isa.58.3	3
171742	Isa.58.6	Isa.58.9	18
171774	Isa.58.7	Isa.58.10	13
171795	Isa.58.8	Isa.58.10-Isa.58.11	31
171817	Isa.58.9	Isa.58.6	4
171820	Isa.58.10	Isa.58.7-Isa.58.8	8
171950	Isa.59.4	Isa.59.13-Isa.59.14	4
171958	Isa.59.4	Isa.59.16	5
171964	Isa.59.4	Isa.59.3	4
172000	Isa.59.7	Isa.59.3	2
172020	Isa.59.8	Isa.59.14-Isa.59.15	3
172054	Isa.59.11	Isa.59.9	2
172089	Isa.59.13	Isa.59.3-Isa.59.4	2
172124	Isa.59.14	Isa.59.4	4
172272	Isa.60.1	Isa.60.19-Isa.60.20	68
172324	Isa.60.3	Isa.60.10	8
172341	Isa.60.3	Isa.60.16	8
172363	Isa.60.5	Isa.60.11	4
172409	Isa.60.7	Isa.60.13	3
172416	Isa.60.8	Isa.60.4	3
172432	Isa.60.9	Isa.60.4	2
172465	Isa.60.10	Isa.60.3	7
172469	Isa.60.11	Isa.60.5	11
172472	Isa.60.11	Isa.60.18	8
172687	Isa.61.3	Isa.61.10	34
172770	Isa.61.10	Isa.61.3	9
172822	Isa.62.1	Isa.62.6-Isa.62.7	23
172841	Isa.62.2	Isa.62.4	7
172862	Isa.62.2	Isa.62.12	13
172879	Isa.62.4	Isa.62.12	25
172887	Isa.62.4	Isa.62.5	15
172893	Isa.62.5	Isa.62.4	6
172922	Isa.62.6	Isa.62.1	3
172983	Isa.62.12	Isa.62.4	8
172993	Isa.63.1	Isa.63.2-Isa.63.3	9
173023	Isa.63.3	Isa.63.6	4
173044	Isa.63.5	Isa.63.3	3
173062	Isa.63.6	Isa.63.2-Isa.63.3	2
173214	Isa.63.11	Isa.63.15	2
173241	Isa.63.14	Isa.63.12	4
173264	Isa.63.15	Isa.63.9	2
173271	Isa.63.16	Isa.63.12	2
173378	Isa.64.3	Isa.64.1	2
173670	Isa.65.7	Isa.65.6	4
173693	Isa.65.9	Isa.65.15	2
173704	Isa.65.9	Isa.65.22	2
173721	Isa.65.11	Isa.65.25	2
173752	Isa.65.12	Isa.65.3	2
173785	Isa.65.15	Isa.65.12	2
173788	Isa.65.15	Isa.65.22	3
173795	Isa.65.15	Isa.65.9	3
173817	Isa.65.16	Isa.65.19	3
173879	Isa.65.22	Isa.65.15	5
173885	Isa.65.22	Isa.65.9	4
173931	Isa.65.25	Isa.65.11	3
173968	Isa.66.2	Isa.66.5	17
173986	Isa.66.3	Isa.66.17	6
174013	Isa.66.5	Isa.66.2	7
174065	Isa.66.12	Isa.66.11	11
174068	Isa.66.12	Isa.66.19-Isa.66.20	7
174080	Isa.66.13	Isa.66.10	8
174090	Isa.66.14	Isa.66.5	3
174125	Isa.66.18	Isa.66.10	2
174239	Isa.66.24	Isa.66.16	4
174265	Jer.1.2	Jer.1.11	3
174267	Jer.1.2	Jer.1.4	3
174284	Jer.1.4	Jer.1.2	3
174294	Jer.1.5	Jer.1.10	17
174316	Jer.1.7	Jer.1.17-Jer.1.18	3
174328	Jer.1.8	Jer.1.17	9
174473	Jer.1.17	Jer.1.7-Jer.1.8	9
174510	Jer.1.19	Jer.1.8	36
174546	Jer.2.2	Jer.2.6	4
174603	Jer.2.5	Jer.2.31	3
174608	Jer.2.6	Jer.2.8	2
174623	Jer.2.6	Jer.2.2	2
174655	Jer.2.8	Jer.2.11	2
174669	Jer.2.8	Jer.2.6	2
174677	Jer.2.9	Jer.2.29	3
174680	Jer.2.9	Jer.2.35	5
174703	Jer.2.11	Jer.2.8	5
174706	Jer.2.11	Jer.2.5	3
174736	Jer.2.13	Jer.2.26	4
174739	Jer.2.13	Jer.2.11	9
174747	Jer.2.13	Jer.2.17	9
174750	Jer.2.13	Jer.2.31-Jer.2.32	8
174813	Jer.2.17	Jer.2.13	5
174814	Jer.2.17	Jer.2.19	6
174821	Jer.2.18	Jer.2.36	3
174843	Jer.2.19	Jer.2.17	6
174922	Jer.2.23	Jer.2.33-Jer.2.35	2
174942	Jer.2.24	Jer.2.27	2
174969	Jer.2.26	Jer.2.36	1
174980	Jer.2.27	Jer.2.24	2
174998	Jer.2.29	Jer.2.35	2
175002	Jer.2.29	Jer.2.23	2
175039	Jer.2.31	Jer.2.5-Jer.2.6	2
175050	Jer.2.32	Jer.2.11	6
175068	Jer.2.33	Jer.2.23	2
175072	Jer.2.33	Jer.2.36	2
175089	Jer.2.35	Jer.2.29	2
175091	Jer.2.35	Jer.2.23	2
175096	Jer.2.35	Jer.2.9	2
175101	Jer.2.36	Jer.2.33	3
175109	Jer.2.36	Jer.2.23	4
175115	Jer.2.36	Jer.2.18	3
175117	Jer.2.37	Jer.2.36	2
175132	Jer.3.1	Jer.3.22	1
175138	Jer.3.1	Jer.3.9	2
175143	Jer.3.1	Jer.3.12-Jer.3.14	1
175152	Jer.3.2	Jer.3.9	2
175157	Jer.3.2	Jer.3.21	2
175167	Jer.3.2	Jer.3.1	3
175189	Jer.3.4	Jer.3.19	5
175210	Jer.3.5	Jer.3.12	3
175217	Jer.3.6	Jer.3.8	2
175220	Jer.3.6	Jer.3.11-Jer.3.14	2
175230	Jer.3.7	Jer.3.8-Jer.3.11	2
175244	Jer.3.8	Jer.3.1	3
175251	Jer.3.9	Jer.3.2	4
175263	Jer.3.11	Jer.3.8	2
175266	Jer.3.11	Jer.3.22	2
175274	Jer.3.12	Jer.3.5	4
175287	Jer.3.12	Jer.3.7	3
175288	Jer.3.12	Jer.3.18	5
175289	Jer.3.12	Jer.3.22	6
175293	Jer.3.12	Jer.3.14	3
175295	Jer.3.12	Jer.3.1	3
175308	Jer.3.13	Jer.3.2	3
175312	Jer.3.13	Jer.3.25	4
175315	Jer.3.13	Jer.3.6	4
175321	Jer.3.14	Jer.3.1	4
175335	Jer.3.14	Jer.3.8	5
175422	Jer.3.18	Jer.3.12	4
175441	Jer.3.19	Jer.3.4	7
175454	Jer.3.20	Jer.3.8-Jer.3.10	2
175456	Jer.3.20	Jer.3.1-Jer.3.2	2
175462	Jer.3.21	Jer.3.2	4
175509	Jer.3.23	Jer.3.6	2
175562	Jer.4.1	Jer.4.4	2
175642	Jer.4.6	Jer.4.21	4
175705	Jer.4.10	Jer.4.18	2
175758	Jer.4.13	Jer.4.31	3
175790	Jer.4.16	Jer.4.17	2
175830	Jer.4.19	Jer.4.5	2
175843	Jer.4.19	Jer.4.21	2
175870	Jer.4.20	Jer.4.6	2
175884	Jer.4.21	Jer.4.19	1
175888	Jer.4.21	Jer.4.5-Jer.4.6	2
175961	Jer.4.27	Jer.4.7	2
176007	Jer.4.28	Jer.4.23-Jer.4.26	2
176019	Jer.4.29	Jer.4.7	3
176237	Jer.5.9	Jer.5.29	4
176250	Jer.5.10	Jer.5.18	2
176279	Jer.5.12	Jer.5.31	3
176311	Jer.5.15	Jer.5.11	3
176344	Jer.5.18	Jer.5.10	4
176368	Jer.5.21	Jer.5.4	5
176397	Jer.5.23	Jer.5.5	2
176422	Jer.5.24	Jer.5.22	3
176477	Jer.5.29	Jer.5.9	4
176518	Jer.6.1	Jer.6.22	3
176765	Jer.6.19	Jer.6.10	4
176825	Jer.6.22	Jer.6.1	2
176889	Jer.6.26	Jer.6.14	2
176913	Jer.6.28	Jer.6.30	2
176976	Jer.7.3	Jer.7.5-Jer.7.7	3
176980	Jer.7.4	Jer.7.8-Jer.7.12	3
176994	Jer.7.5	Jer.7.3	3
177000	Jer.7.6	Jer.7.5	2
177037	Jer.7.8	Jer.7.4	2
177056	Jer.7.9	Jer.7.6	5
177081	Jer.7.10	Jer.7.11	3
177082	Jer.7.10	Jer.7.30	3
177089	Jer.7.10	Jer.7.14	3
177123	Jer.7.13	Jer.7.25	5
177144	Jer.7.14	Jer.7.12	2
177152	Jer.7.14	Jer.7.10	3
177153	Jer.7.14	Jer.7.4	4
177286	Jer.7.24	Jer.7.26	5
177308	Jer.7.25	Jer.7.13	3
177313	Jer.7.26	Jer.7.24	3
177410	Jer.7.32	Jer.7.31	2
177642	Jer.8.15	Jer.8.11	2
177687	Jer.8.19	Jer.8.5-Jer.8.6	2
177754	Jer.9.3	Jer.9.5	4
177772	Jer.9.3	Jer.9.8	7
177802	Jer.9.5	Jer.9.3	3
177811	Jer.9.5	Jer.9.8	3
177857	Jer.9.8	Jer.9.5	3
177861	Jer.9.8	Jer.9.3	4
177978	Jer.9.18	Jer.9.10	2
177984	Jer.9.18	Jer.9.1	5
177987	Jer.9.18	Jer.9.20	3
178002	Jer.9.20	Jer.9.17-Jer.9.18	3
178137	Jer.10.3	Jer.10.8	8
178182	Jer.10.7	Jer.10.6	3
178204	Jer.10.8	Jer.10.14	4
178266	Jer.10.11	Jer.10.15	6
178267	Jer.10.12	Jer.10.13	4
178324	Jer.10.14	Jer.10.8	55
178336	Jer.10.15	Jer.10.11	2
178341	Jer.10.15	Jer.10.8	2
178353	Jer.10.16	Jer.10.12	5
178409	Jer.10.21	Jer.10.8	3
178410	Jer.10.21	Jer.10.14	2
178466	Jer.11.2	Jer.11.6	5
178518	Jer.11.6	Jer.11.2-Jer.11.4	2
178543	Jer.11.7	Jer.11.4	2
178630	Jer.11.11	Jer.11.17	3
178632	Jer.11.11	Jer.11.14	2
178659	Jer.11.14	Jer.11.11	11
178700	Jer.11.17	Jer.11.11	2
178725	Jer.11.18	Jer.11.19	2
178805	Jer.11.23	Jer.11.19	2
178821	Jer.12.1	Jer.12.6	4
178966	Jer.12.11	Jer.12.4-Jer.12.8	2
179070	Jer.12.17	Jer.12.14-Jer.12.17	2
179074	Jer.13.1	Jer.13.11	3
179082	Jer.13.3	Jer.13.8	2
179094	Jer.13.7	Jer.13.10	2
179111	Jer.13.9	Jer.13.15-Jer.13.17	3
179120	Jer.13.10	Jer.13.7	3
179155	Jer.13.11	Jer.13.10	2
179224	Jer.13.17	Jer.13.19-Jer.13.20	2
179271	Jer.13.20	Jer.13.17	3
179293	Jer.13.22	Jer.13.26	4
179356	Jer.13.26	Jer.13.22	2
179417	Jer.14.3	Jer.14.4	2
179464	Jer.14.7	Jer.14.20-Jer.14.21	8
179684	Jer.14.21	Jer.14.7	8
179692	Jer.14.21	Jer.14.19	2
179763	Jer.15.1	Jer.15.19	14
179863	Jer.15.9	Jer.15.2-Jer.15.3	2
179878	Jer.15.10	Jer.15.20	3
179921	Jer.15.13	Jer.15.8	3
179937	Jer.15.14	Jer.15.4	2
179944	Jer.15.15	Jer.15.10	3
180022	Jer.15.19	Jer.15.1	8
180076	Jer.16.3	Jer.16.9	2
180078	Jer.16.3	Jer.16.5	2
180082	Jer.16.4	Jer.16.5-Jer.16.7	2
180108	Jer.16.5	Jer.16.6-Jer.16.7	3
180127	Jer.16.6	Jer.16.4	2
180533	Jer.17.13	Jer.17.5	4
180548	Jer.17.13	Jer.17.17	2
180599	Jer.17.17	Jer.17.13	3
180600	Jer.17.17	Jer.17.7	3
180615	Jer.17.18	Jer.17.16	3
180696	Jer.17.24	Jer.17.21-Jer.17.22	5
180739	Jer.17.27	Jer.17.21-Jer.17.22	3
180742	Jer.17.27	Jer.17.24	2
180752	Jer.17.27	Jer.17.4	2
180783	Jer.18.4	Jer.18.6	28
180786	Jer.18.6	Jer.18.4	22
180859	Jer.18.11	Jer.18.18	2
180969	Jer.18.18	Jer.18.11	5
181003	Jer.18.20	Jer.18.22	4
181046	Jer.18.22	Jer.18.20	2
181058	Jer.18.23	Jer.18.18	2
181074	Jer.19.1	Jer.19.10-Jer.19.11	2
181166	Jer.19.6	Jer.19.11	2
181169	Jer.19.6	Jer.19.2	3
181213	Jer.19.10	Jer.19.1	2
181214	Jer.19.11	Jer.19.6	2
181243	Jer.19.14	Jer.19.2-Jer.19.3	3
181289	Jer.20.3	Jer.20.10	5
181359	Jer.20.6	Jer.20.4	3
181364	Jer.20.7	Jer.20.9	5
181403	Jer.20.8	Jer.20.7	2
181683	Jer.21.9	Jer.21.7	3
181716	Jer.21.12	Jer.21.5	2
181772	Jer.21.13	Jer.21.5	3
181804	Jer.22.2	Jer.22.4	3
181812	Jer.22.2	Jer.22.29-Jer.22.30	2
181828	Jer.22.3	Jer.22.17	7
181874	Jer.22.6	Jer.22.24	2
181920	Jer.22.10	Jer.22.18	3
181925	Jer.22.10	Jer.22.11	8
181934	Jer.22.12	Jer.22.18	3
181940	Jer.22.13	Jer.22.18	3
181959	Jer.22.15	Jer.22.18	2
181977	Jer.22.15	Jer.22.3	2
182025	Jer.22.17	Jer.22.3	4
182037	Jer.22.18	Jer.22.10	3
182062	Jer.22.20	Jer.22.22	2
182115	Jer.22.23	Jer.22.6	3
182124	Jer.22.24	Jer.22.28	2
182129	Jer.22.24	Jer.22.6	2
182132	Jer.22.25	Jer.22.28	2
182146	Jer.22.27	Jer.22.11	2
182156	Jer.22.28	Jer.22.30	3
182178	Jer.23.1	Jer.23.11-Jer.23.15	8
182196	Jer.23.1	Jer.23.2	10
182212	Jer.23.2	Jer.23.34	3
182259	Jer.23.5	Jer.23.6	8
182326	Jer.23.7	Jer.23.3	14
182336	Jer.23.8	Jer.23.3	4
182381	Jer.23.11	Jer.23.15	2
182417	Jer.23.14	Jer.23.25-Jer.23.26	3
182431	Jer.23.14	Jer.23.32	4
182443	Jer.23.14	Jer.23.17	1
182459	Jer.23.16	Jer.23.26	8
182463	Jer.23.16	Jer.23.21	9
182509	Jer.23.18	Jer.23.22	6
182546	Jer.23.21	Jer.23.32	4
182550	Jer.23.22	Jer.23.18	4
182591	Jer.23.25	Jer.23.28	4
182604	Jer.23.25	Jer.23.32	5
182656	Jer.23.31	Jer.23.17	4
182668	Jer.23.32	Jer.23.25	4
182671	Jer.23.32	Jer.23.16	4
182673	Jer.23.32	Jer.23.21-Jer.23.22	4
182685	Jer.23.33	Jer.23.39-Jer.23.40	2
182724	Jer.23.39	Jer.23.33	5
182849	Jer.24.8	Jer.24.5	2
182856	Jer.24.8	Jer.24.2	3
182925	Jer.25.3	Jer.25.4	2
182928	Jer.25.4	Jer.25.3	4
182941	Jer.25.4	Jer.25.7	1
183021	Jer.25.11	Jer.25.12	5
183039	Jer.25.12	Jer.25.14	2
183081	Jer.25.16	Jer.25.27	3
183086	Jer.25.17	Jer.25.28	4
183092	Jer.25.18	Jer.25.9	2
183097	Jer.25.18	Jer.25.11	2
183115	Jer.25.20	Jer.25.24	3
183171	Jer.25.24	Jer.25.20	4
183194	Jer.25.26	Jer.25.9	3
183200	Jer.25.26	Jer.25.12	2
183206	Jer.25.27	Jer.25.16	5
183307	Jer.25.34	Jer.25.23	2
183320	Jer.25.34	Jer.25.12	2
183323	Jer.25.34	Jer.25.36	2
183342	Jer.25.36	Jer.25.34	2
183488	Jer.26.10	Jer.26.16-Jer.26.17	2
183496	Jer.26.10	Jer.26.24	2
183511	Jer.26.12	Jer.26.15	4
183515	Jer.26.12	Jer.26.2	3
183524	Jer.26.13	Jer.26.3	3
183533	Jer.26.13	Jer.26.19	3
183564	Jer.26.16	Jer.26.11	2
183586	Jer.26.19	Jer.26.15	2
183590	Jer.26.19	Jer.26.3	2
183633	Jer.26.23	Jer.26.15	2
183654	Jer.27.1	Jer.27.19-Jer.27.20	2
183657	Jer.27.1	Jer.27.3	2
183658	Jer.27.1	Jer.27.12	2
183667	Jer.27.2	Jer.27.12	2
183774	Jer.27.9	Jer.27.14-Jer.27.16	3
183791	Jer.27.10	Jer.27.14	2
183792	Jer.27.11	Jer.27.2	4
183795	Jer.27.11	Jer.27.8	4
183798	Jer.27.11	Jer.27.12	3
183799	Jer.27.12	Jer.27.8	2
183805	Jer.27.12	Jer.27.2-Jer.27.3	2
183809	Jer.27.13	Jer.27.8	4
183821	Jer.27.14	Jer.27.9-Jer.27.10	2
183849	Jer.27.15	Jer.27.10	4
183857	Jer.27.16	Jer.27.14	3
183859	Jer.27.16	Jer.27.10	4
183861	Jer.27.17	Jer.27.11-Jer.27.13	2
183918	Jer.28.1	Jer.28.11	2
183934	Jer.28.4	Jer.28.2	3
183943	Jer.28.4	Jer.28.10	2
183946	Jer.28.5	Jer.28.1	3
183950	Jer.28.6	Jer.28.3	2
183998	Jer.28.10	Jer.28.2	2
184000	Jer.28.10	Jer.28.4	2
184008	Jer.28.11	Jer.28.2-Jer.28.4	1
184039	Jer.28.15	Jer.28.11	8
184051	Jer.28.16	Jer.28.3	2
184065	Jer.29.1	Jer.29.25-Jer.29.29	4
184096	Jer.29.5	Jer.29.10	4
184098	Jer.29.5	Jer.29.28	6
184150	Jer.29.9	Jer.29.23	1
184151	Jer.29.9	Jer.29.31	4
184259	Jer.29.15	Jer.29.8-Jer.29.9	2
184267	Jer.29.16	Jer.29.3	2
184281	Jer.29.17	Jer.29.18	3
184293	Jer.29.18	Jer.29.22	2
184324	Jer.29.21	Jer.29.8-Jer.29.9	3
184341	Jer.29.23	Jer.29.21	3
184344	Jer.29.23	Jer.29.8-Jer.29.9	3
184351	Jer.29.24	Jer.29.31-Jer.29.32	4
184352	Jer.29.25	Jer.29.29	3
184389	Jer.29.26	Jer.29.27	2
184404	Jer.29.27	Jer.29.26	2
184405	Jer.29.28	Jer.29.1	2
184406	Jer.29.28	Jer.29.10	2
184407	Jer.29.28	Jer.29.5	5
184408	Jer.29.29	Jer.29.25	2
184411	Jer.29.31	Jer.29.9	4
184412	Jer.29.31	Jer.29.23-Jer.29.24	3
184426	Jer.29.32	Jer.29.10-Jer.29.14	2
184453	Jer.30.3	Jer.30.10	2
184456	Jer.30.3	Jer.30.18	7
184534	Jer.30.7	Jer.30.10	6
184596	Jer.30.10	Jer.30.3	2
184624	Jer.30.12	Jer.30.15	4
184642	Jer.30.13	Jer.30.17	3
184664	Jer.30.14	Jer.30.15	3
184682	Jer.30.15	Jer.30.14	4
184685	Jer.30.15	Jer.30.17	2
184692	Jer.30.15	Jer.30.12	3
184761	Jer.30.17	Jer.30.13	16
184778	Jer.30.18	Jer.30.3	229
184837	Jer.30.20	Jer.30.16	3
184869	Jer.30.21	Jer.30.9	4
184958	Jer.31.1	Jer.31.33	2
185015	Jer.31.4	Jer.31.13	9
185018	Jer.31.4	Jer.31.21	2
185152	Jer.31.9	Jer.31.20	6
185213	Jer.31.12	Jer.31.4	1
185232	Jer.31.13	Jer.31.4	8
185258	Jer.31.14	Jer.31.25	10
185303	Jer.31.16	Jer.31.4-Jer.31.5	6
185338	Jer.31.18	Jer.31.9	7
185349	Jer.31.18	Jer.31.6	2
185410	Jer.31.20	Jer.31.9	3
185433	Jer.31.21	Jer.31.4	2
185486	Jer.31.25	Jer.31.14	25
185517	Jer.31.29	Jer.31.30	6
185539	Jer.31.31	Jer.31.31-Jer.31.34	38
185544	Jer.31.31	Jer.31.27	11
185574	Jer.31.32	Jer.31.1	2
185593	Jer.31.33	Jer.31.1	22
185700	Jer.31.38	Jer.31.27	5
185731	Jer.32.2	Jer.32.3	1
185734	Jer.32.2	Jer.32.8	3
185754	Jer.32.3	Jer.32.28-Jer.32.29	3
185792	Jer.32.8	Jer.32.2	4
185794	Jer.32.8	Jer.32.7	5
185815	Jer.32.10	Jer.32.12	4
185823	Jer.32.10	Jer.32.25	3
185826	Jer.32.10	Jer.32.44	6
185832	Jer.32.12	Jer.32.16	4
185842	Jer.32.15	Jer.32.43-Jer.32.44	3
185848	Jer.32.15	Jer.32.37	3
185857	Jer.32.17	Jer.32.27	93
186029	Jer.32.24	Jer.32.36	4
186034	Jer.32.24	Jer.32.3	3
186042	Jer.32.24	Jer.32.25	2
186053	Jer.32.25	Jer.32.24	3
186061	Jer.32.27	Jer.32.17	101
186063	Jer.32.28	Jer.32.3	5
186065	Jer.32.28	Jer.32.36	3
186067	Jer.32.28	Jer.32.24	3
186178	Jer.32.36	Jer.32.28	3
186180	Jer.32.36	Jer.32.24	4
186182	Jer.32.36	Jer.32.3	4
186241	Jer.32.39	Jer.32.40	5
186293	Jer.32.43	Jer.32.36	3
186295	Jer.32.43	Jer.32.15	4
186296	Jer.32.44	Jer.32.37	2
186299	Jer.32.44	Jer.32.10	3
186405	Jer.33.7	Jer.33.11	3
186408	Jer.33.7	Jer.33.26	5
186480	Jer.33.11	Jer.33.26	2
186490	Jer.33.11	Jer.33.7	3
186596	Jer.33.20	Jer.33.25-Jer.33.26	4
186601	Jer.33.21	Jer.33.18	2
186646	Jer.33.24	Jer.33.21-Jer.33.22	2
186648	Jer.33.25	Jer.33.20	8
186660	Jer.33.26	Jer.33.7-Jer.33.11	2
186671	Jer.34.1	Jer.34.7	2
186681	Jer.34.2	Jer.34.22	4
186699	Jer.34.3	Jer.34.21	3
186719	Jer.34.7	Jer.34.1	2
186732	Jer.34.8	Jer.34.14-Jer.34.15	2
186737	Jer.34.8	Jer.34.17	4
186748	Jer.34.9	Jer.34.10	2
186776	Jer.34.11	Jer.34.21	2
186828	Jer.34.14	Jer.34.8-Jer.34.9	2
186839	Jer.34.15	Jer.34.10-Jer.34.11	2
186843	Jer.34.15	Jer.34.8	6
186857	Jer.34.16	Jer.34.11	4
186904	Jer.34.19	Jer.34.10	3
186931	Jer.34.21	Jer.34.3-Jer.34.5	2
186981	Jer.35.2	Jer.35.8	2
186985	Jer.35.2	Jer.35.4	2
187030	Jer.35.5	Jer.35.2	2
187047	Jer.35.6	Jer.35.10	3
187060	Jer.35.7	Jer.35.10	3
187073	Jer.35.9	Jer.35.7	3
187126	Jer.35.16	Jer.35.14	4
187181	Jer.36.2	Jer.36.6	5
187186	Jer.36.2	Jer.36.23	4
187191	Jer.36.2	Jer.36.29	2
187203	Jer.36.3	Jer.36.7	4
187232	Jer.36.4	Jer.36.28	2
187233	Jer.36.4	Jer.36.26	2
187235	Jer.36.4	Jer.36.23	2
187241	Jer.36.4	Jer.36.32	4
187242	Jer.36.4	Jer.36.21	2
187244	Jer.36.4	Jer.36.17-Jer.36.18	2
187258	Jer.36.6	Jer.36.8-Jer.36.9	4
187279	Jer.36.7	Jer.36.3	5
187295	Jer.36.8	Jer.36.4	2
187306	Jer.36.9	Jer.36.1	2
187312	Jer.36.9	Jer.36.22	3
187316	Jer.36.10	Jer.36.6	2
187320	Jer.36.10	Jer.36.8	2
187324	Jer.36.10	Jer.36.25	3
187325	Jer.36.10	Jer.36.11	5
187328	Jer.36.11	Jer.36.10	2
187332	Jer.36.12	Jer.36.10-Jer.36.11	2
187339	Jer.36.12	Jer.36.25	4
187340	Jer.36.12	Jer.36.20-Jer.36.21	2
187346	Jer.36.14	Jer.36.2	3
187351	Jer.36.14	Jer.36.21	2
187361	Jer.36.16	Jer.36.24	3
187365	Jer.36.18	Jer.36.4	5
187367	Jer.36.18	Jer.36.2	3
187371	Jer.36.19	Jer.36.26	3
187380	Jer.36.20	Jer.36.21	2
187381	Jer.36.20	Jer.36.12	5
187387	Jer.36.21	Jer.36.15	2
187389	Jer.36.22	Jer.36.9	2
187393	Jer.36.23	Jer.36.29-Jer.36.31	2
187411	Jer.36.24	Jer.36.16	5
187423	Jer.36.25	Jer.36.12	3
187437	Jer.36.26	Jer.36.19	3
187457	Jer.36.26	Jer.36.5	3
187459	Jer.36.27	Jer.36.4	2
187497	Jer.36.32	Jer.36.23	2
187506	Jer.36.32	Jer.36.4	6
187507	Jer.36.32	Jer.36.18	5
187547	Jer.37.4	Jer.37.15	4
187551	Jer.37.5	Jer.37.7	3
187552	Jer.37.5	Jer.37.11	4
187565	Jer.37.7	Jer.37.3	4
187582	Jer.37.10	Jer.37.8	2
187589	Jer.37.11	Jer.37.5	2
187645	Jer.37.15	Jer.37.20	2
187656	Jer.37.17	Jer.37.3	3
187800	Jer.38.6	Jer.38.22	4
187810	Jer.38.6	Jer.38.11-Jer.38.12	2
187841	Jer.38.13	Jer.38.28	2
187845	Jer.38.13	Jer.38.6	2
187877	Jer.38.17	Jer.38.2	6
187888	Jer.38.18	Jer.38.3	4
187894	Jer.38.18	Jer.38.23	3
187899	Jer.38.19	Jer.38.22	4
187903	Jer.38.19	Jer.38.5	1
187944	Jer.38.22	Jer.38.4-Jer.38.6	2
187955	Jer.38.22	Jer.38.19	2
187956	Jer.38.23	Jer.38.18	5
187965	Jer.38.25	Jer.38.27	3
187966	Jer.38.25	Jer.38.4-Jer.38.6	3
187978	Jer.38.28	Jer.38.13	3
187995	Jer.39.3	Jer.39.13	3
188078	Jer.39.9	Jer.39.10-Jer.39.14	2
188097	Jer.39.13	Jer.39.9	2
188098	Jer.39.13	Jer.39.3	3
188105	Jer.39.14	Jer.39.15	2
188108	Jer.39.15	Jer.39.14	2
188192	Jer.40.5	Jer.40.4	2
188237	Jer.40.8	Jer.40.6	3
188254	Jer.40.10	Jer.40.6	3
188260	Jer.40.10	Jer.40.12	5
188280	Jer.40.13	Jer.40.8	2
188285	Jer.40.14	Jer.40.8	2
188336	Jer.41.3	Jer.41.11-Jer.41.12	2
188406	Jer.41.11	Jer.41.2-Jer.41.3	2
188407	Jer.41.11	Jer.41.7	2
188416	Jer.41.15	Jer.41.2	2
188424	Jer.41.16	Jer.41.10	2
188442	Jer.42.1	Jer.42.8	4
188453	Jer.42.1	Jer.42.20	2
188475	Jer.42.2	Jer.42.20	2
188540	Jer.42.8	Jer.42.1	6
188545	Jer.42.9	Jer.42.2	5
188597	Jer.42.13	Jer.42.10	2
188614	Jer.42.15	Jer.42.17	3
188624	Jer.42.16	Jer.42.13	2
188630	Jer.42.17	Jer.42.22	5
188682	Jer.42.20	Jer.42.2	2
188695	Jer.42.22	Jer.42.17	5
188732	Jer.43.2	Jer.43.1	3
188741	Jer.43.3	Jer.43.6	3
188851	Jer.44.2	Jer.44.22	2
188885	Jer.44.3	Jer.44.8	3
188912	Jer.44.5	Jer.44.17-Jer.44.21	2
188936	Jer.44.6	Jer.44.2-Jer.44.3	2
188950	Jer.44.7	Jer.44.27-Jer.44.28	2
188954	Jer.44.7	Jer.44.8	2
188955	Jer.44.7	Jer.44.14	3
188961	Jer.44.7	Jer.44.11-Jer.44.12	2
188964	Jer.44.8	Jer.44.7	3
188970	Jer.44.8	Jer.44.3	5
188978	Jer.44.8	Jer.44.12	3
188983	Jer.44.9	Jer.44.15-Jer.44.19	2
188987	Jer.44.9	Jer.44.21	2
189032	Jer.44.12	Jer.44.7-Jer.44.8	2
189037	Jer.44.13	Jer.44.27-Jer.44.28	3
189051	Jer.44.14	Jer.44.27-Jer.44.28	3
189082	Jer.44.17	Jer.44.21	4
189090	Jer.44.17	Jer.44.9	3
189094	Jer.44.17	Jer.44.25	4
189114	Jer.44.19	Jer.44.15	4
189126	Jer.44.21	Jer.44.9	4
189127	Jer.44.21	Jer.44.17	5
189133	Jer.44.22	Jer.44.6	2
189141	Jer.44.22	Jer.44.12	3
189142	Jer.44.22	Jer.44.2	2
189168	Jer.44.23	Jer.44.21	2
189169	Jer.44.23	Jer.44.18	2
189173	Jer.44.23	Jer.44.8	2
189180	Jer.44.24	Jer.44.26	3
189185	Jer.44.24	Jer.44.15-Jer.44.16	3
189192	Jer.44.25	Jer.44.15-Jer.44.19	2
189217	Jer.44.27	Jer.44.12	2
189220	Jer.44.27	Jer.44.18	2
189223	Jer.44.28	Jer.44.14	5
189226	Jer.44.28	Jer.44.16-Jer.44.17	2
189228	Jer.44.28	Jer.44.25-Jer.44.26	4
189233	Jer.44.28	Jer.44.29	3
189247	Jer.44.29	Jer.44.30	3
189329	Jer.46.2	Jer.46.14	4
189359	Jer.46.5	Jer.46.21	3
189361	Jer.46.5	Jer.46.15	2
189367	Jer.46.6	Jer.46.16	2
189369	Jer.46.6	Jer.46.10	2
189375	Jer.46.6	Jer.46.12	4
189410	Jer.46.10	Jer.46.2	4
189424	Jer.46.10	Jer.46.6	3
189442	Jer.46.12	Jer.46.6	3
189456	Jer.46.14	Jer.46.3-Jer.46.4	3
189459	Jer.46.14	Jer.46.10	4
189471	Jer.46.15	Jer.46.5	3
189472	Jer.46.15	Jer.46.21	2
189482	Jer.46.16	Jer.46.21	2
189483	Jer.46.16	Jer.46.6	2
189516	Jer.46.20	Jer.46.6	3
189520	Jer.46.20	Jer.46.10	3
189521	Jer.46.20	Jer.46.24	2
189531	Jer.46.21	Jer.46.9	2
189532	Jer.46.21	Jer.46.15-Jer.46.16	2
189541	Jer.46.21	Jer.46.5	4
189558	Jer.46.24	Jer.46.19-Jer.46.20	2
189561	Jer.46.24	Jer.46.11	2
189716	Jer.47.5	Jer.47.4	2
189720	Jer.47.5	Jer.47.1	2
189752	Jer.48.1	Jer.48.22-Jer.48.23	4
189766	Jer.48.2	Jer.48.34-Jer.48.35	2
189770	Jer.48.2	Jer.48.17	2
189774	Jer.48.2	Jer.48.42	2
189782	Jer.48.2	Jer.48.45	2
189787	Jer.48.3	Jer.48.34	4
189790	Jer.48.3	Jer.48.5	3
189806	Jer.48.7	Jer.48.13	3
189813	Jer.48.7	Jer.48.46	3
189832	Jer.48.8	Jer.48.18	2
189842	Jer.48.9	Jer.48.28	3
189861	Jer.48.11	Jer.48.29	5
189867	Jer.48.12	Jer.48.11	2
189871	Jer.48.12	Jer.48.38	3
189875	Jer.48.12	Jer.48.8	2
189876	Jer.48.12	Jer.48.15	2
189886	Jer.48.13	Jer.48.46	2
189891	Jer.48.13	Jer.48.39	3
189894	Jer.48.13	Jer.48.7	2
189910	Jer.48.15	Jer.48.4	2
189932	Jer.48.17	Jer.48.39	2
189938	Jer.48.17	Jer.48.31-Jer.48.33	2
189942	Jer.48.18	Jer.48.22	3
189963	Jer.48.20	Jer.48.1-Jer.48.5	2
189972	Jer.48.21	Jer.48.8	3
189981	Jer.48.22	Jer.48.1	2
189982	Jer.48.22	Jer.48.18	3
189986	Jer.48.23	Jer.48.1	3
189991	Jer.48.24	Jer.48.41	3
190023	Jer.48.26	Jer.48.39	3
190037	Jer.48.26	Jer.48.42	4
190060	Jer.48.28	Jer.48.9	3
190084	Jer.48.31	Jer.48.36	3
190086	Jer.48.32	Jer.48.8	2
190088	Jer.48.32	Jer.48.15	2
190089	Jer.48.32	Jer.48.18	2
190111	Jer.48.34	Jer.48.5	2
190115	Jer.48.34	Jer.48.2-Jer.48.3	2
190118	Jer.48.35	Jer.48.7	2
190164	Jer.48.39	Jer.48.26-Jer.48.27	2
190169	Jer.48.39	Jer.48.17	2
190199	Jer.48.42	Jer.48.26-Jer.48.30	3
190201	Jer.48.42	Jer.48.2	4
190235	Jer.48.46	Jer.48.7	3
190236	Jer.48.46	Jer.48.13	3
190259	Jer.49.1	Jer.49.28	2
190267	Jer.49.1	Jer.49.23	2
190280	Jer.49.1	Jer.49.7	3
190289	Jer.49.2	Jer.49.1	2
190310	Jer.49.3	Jer.49.1	2
190328	Jer.49.4	Jer.49.16	2
190347	Jer.49.5	Jer.49.29	3
190358	Jer.49.6	Jer.49.39	6
190375	Jer.49.7	Jer.49.20	4
190392	Jer.49.8	Jer.49.30	3
190404	Jer.49.8	Jer.49.32	2
190452	Jer.49.13	Jer.49.17-Jer.49.18	2
190454	Jer.49.13	Jer.49.22	3
190487	Jer.49.17	Jer.49.13	4
190506	Jer.49.18	Jer.49.33	5
190538	Jer.49.20	Jer.49.13	2
190540	Jer.49.20	Jer.49.7	3
190541	Jer.49.20	Jer.49.17-Jer.49.18	2
190568	Jer.49.22	Jer.49.24	3
190630	Jer.49.28	Jer.49.14	3
190637	Jer.49.28	Jer.49.33	2
190639	Jer.49.28	Jer.49.30-Jer.49.31	2
190654	Jer.49.29	Jer.49.24	2
190679	Jer.49.32	Jer.49.36	3
190694	Jer.49.33	Jer.49.17-Jer.49.18	2
190721	Jer.49.36	Jer.49.32	4
190732	Jer.49.37	Jer.49.29	2
190737	Jer.49.37	Jer.49.24	2
190742	Jer.49.37	Jer.49.5	2
190745	Jer.49.37	Jer.49.22	2
190754	Jer.49.39	Jer.49.6	2
190782	Jer.50.2	Jer.50.46	2
190812	Jer.50.3	Jer.50.9	3
190818	Jer.50.3	Jer.50.12-Jer.50.13	2
190824	Jer.50.4	Jer.50.19-Jer.50.20	3
190835	Jer.50.4	Jer.50.33-Jer.50.34	3
190879	Jer.50.6	Jer.50.17	5
190881	Jer.50.6	Jer.50.19	3
190905	Jer.50.7	Jer.50.33	2
190908	Jer.50.7	Jer.50.17	3
190924	Jer.50.9	Jer.50.21	2
190930	Jer.50.9	Jer.50.3	2
190932	Jer.50.9	Jer.50.14	2
190934	Jer.50.9	Jer.50.29	2
190936	Jer.50.9	Jer.50.26	2
190938	Jer.50.9	Jer.50.41-Jer.50.42	2
190954	Jer.50.11	Jer.50.17	2
190963	Jer.50.11	Jer.50.27	2
190999	Jer.50.14	Jer.50.11	2
191002	Jer.50.14	Jer.50.9	3
191004	Jer.50.14	Jer.50.7	3
191005	Jer.50.14	Jer.50.29	7
191007	Jer.50.14	Jer.50.42	3
191041	Jer.50.15	Jer.50.14	2
191043	Jer.50.15	Jer.50.28-Jer.50.29	2
191083	Jer.50.17	Jer.50.6	3
191121	Jer.50.19	Jer.50.4-Jer.50.5	2
191133	Jer.50.20	Jer.50.4	5
191153	Jer.50.21	Jer.50.9	2
191156	Jer.50.21	Jer.50.3	2
191160	Jer.50.21	Jer.50.15	2
191186	Jer.50.25	Jer.50.35-Jer.50.38	3
191190	Jer.50.25	Jer.50.15	4
191202	Jer.50.26	Jer.50.13	2
191203	Jer.50.26	Jer.50.15	2
191204	Jer.50.26	Jer.50.10	3
191209	Jer.50.26	Jer.50.41	2
191216	Jer.50.26	Jer.50.23	2
191220	Jer.50.27	Jer.50.31	2
191224	Jer.50.27	Jer.50.11	2
191235	Jer.50.28	Jer.50.15	4
191242	Jer.50.29	Jer.50.32	3
191248	Jer.50.29	Jer.50.24	3
191250	Jer.50.29	Jer.50.9	3
191257	Jer.50.29	Jer.50.26	3
191258	Jer.50.29	Jer.50.14-Jer.50.15	4
191266	Jer.50.30	Jer.50.36	2
191273	Jer.50.31	Jer.50.29	4
191282	Jer.50.31	Jer.50.32	2
191309	Jer.50.33	Jer.50.17-Jer.50.18	5
191311	Jer.50.33	Jer.50.7	2
191344	Jer.50.35	Jer.50.27	2
191355	Jer.50.35	Jer.50.30	2
191381	Jer.50.36	Jer.50.30	2
191391	Jer.50.37	Jer.50.26	1
191409	Jer.50.38	Jer.50.2	4
191410	Jer.50.38	Jer.50.12	2
191421	Jer.50.39	Jer.50.12-Jer.50.13	2
191446	Jer.50.41	Jer.50.2-Jer.50.3	2
191449	Jer.50.41	Jer.50.9	3
191456	Jer.50.42	Jer.50.14	2
191523	Jer.51.2	Jer.51.27-Jer.51.28	2
191575	Jer.51.6	Jer.51.45	5
191587	Jer.51.6	Jer.51.9	3
191588	Jer.51.6	Jer.51.50	3
191590	Jer.51.6	Jer.51.11	3
191624	Jer.51.8	Jer.51.41	2
191656	Jer.51.11	Jer.51.27-Jer.51.29	2
191677	Jer.51.11	Jer.51.12	2
191682	Jer.51.11	Jer.51.24	2
191683	Jer.51.11	Jer.51.35	2
191691	Jer.51.12	Jer.51.29	3
191693	Jer.51.12	Jer.51.11	4
191699	Jer.51.12	Jer.51.27	2
191709	Jer.51.13	Jer.51.36	3
191730	Jer.51.14	Jer.51.27	2
191744	Jer.51.15	Jer.51.15-Jer.51.19	4
191855	Jer.51.23	Jer.51.57	3
191856	Jer.51.24	Jer.51.11	2
191865	Jer.51.24	Jer.51.49	2
191870	Jer.51.24	Jer.51.35	2
191879	Jer.51.25	Jer.51.20-Jer.51.23	2
191885	Jer.51.25	Jer.51.58	4
191887	Jer.51.25	Jer.51.53	4
191888	Jer.51.25	Jer.51.7	2
191890	Jer.51.26	Jer.51.43	3
191891	Jer.51.26	Jer.51.29	2
191892	Jer.51.26	Jer.51.37	2
191900	Jer.51.27	Jer.51.14	3
191913	Jer.51.27	Jer.51.12	4
191920	Jer.51.28	Jer.51.11	4
191925	Jer.51.28	Jer.51.27	2
191935	Jer.51.29	Jer.51.43	4
191946	Jer.51.29	Jer.51.62-Jer.51.64	2
191947	Jer.51.29	Jer.51.11-Jer.51.12	4
191960	Jer.51.30	Jer.51.57	2
191964	Jer.51.30	Jer.51.32	2
191980	Jer.51.32	Jer.51.30	2
191995	Jer.51.34	Jer.51.49	2
192001	Jer.51.34	Jer.51.44	5
192035	Jer.51.36	Jer.51.6	3
192065	Jer.51.37	Jer.51.25-Jer.51.26	3
192066	Jer.51.37	Jer.51.29	1
192084	Jer.51.39	Jer.51.57	5
192096	Jer.51.41	Jer.51.37	2
192109	Jer.51.42	Jer.51.55	2
192121	Jer.51.43	Jer.51.29	3
192123	Jer.51.43	Jer.51.37	2
192124	Jer.51.44	Jer.51.18	2
192125	Jer.51.44	Jer.51.47	2
192127	Jer.51.44	Jer.51.58	5
192132	Jer.51.44	Jer.51.34	5
192135	Jer.51.44	Jer.51.53	2
192147	Jer.51.45	Jer.51.6	7
192148	Jer.51.45	Jer.51.9	3
192152	Jer.51.45	Jer.51.50	3
192174	Jer.51.47	Jer.51.43	2
192177	Jer.51.47	Jer.51.18	2
192179	Jer.51.47	Jer.51.52	4
192182	Jer.51.47	Jer.51.24	2
192195	Jer.51.48	Jer.51.10-Jer.51.11	2
192202	Jer.51.49	Jer.51.10-Jer.51.11	2
192205	Jer.51.49	Jer.51.35	2
192206	Jer.51.49	Jer.51.24	4
192218	Jer.51.50	Jer.51.6	5
192219	Jer.51.50	Jer.51.45	6
192261	Jer.51.52	Jer.51.47	4
192266	Jer.51.53	Jer.51.1-Jer.51.4	2
192269	Jer.51.53	Jer.51.11	2
192271	Jer.51.53	Jer.51.25	3
192273	Jer.51.53	Jer.51.58	2
192277	Jer.51.53	Jer.51.48	2
192303	Jer.51.55	Jer.51.38-Jer.51.39	2
192308	Jer.51.55	Jer.51.42	2
192319	Jer.51.56	Jer.51.30	2
192324	Jer.51.56	Jer.51.48	4
192332	Jer.51.56	Jer.51.24	3
192334	Jer.51.56	Jer.51.6	6
192342	Jer.51.57	Jer.51.39	3
192355	Jer.51.58	Jer.51.9	3
192357	Jer.51.58	Jer.51.44	5
192359	Jer.51.58	Jer.51.64	5
192362	Jer.51.58	Jer.51.30	3
192388	Jer.51.62	Jer.51.29	2
192392	Jer.51.62	Jer.51.37	2
192393	Jer.51.62	Jer.51.25-Jer.51.26	2
192400	Jer.51.64	Jer.51.58	5
192408	Jer.51.64	Jer.51.42	2
192445	Jer.52.4	Jer.52.7	3
192504	Jer.52.10	Jer.52.24-Jer.52.27	2
192514	Jer.52.12	Jer.52.14	2
192517	Jer.52.12	Jer.52.29	4
192551	Jer.52.17	Jer.52.21-Jer.52.23	3
192606	Jer.52.24	Jer.52.15	3
192613	Jer.52.24	Jer.52.12	2
192631	Jer.52.27	Jer.52.9	2
192651	Jer.52.29	Jer.52.12	3
192654	Jer.52.30	Jer.52.15	2
192716	Lam.1.2	Lam.1.9	3
192718	Lam.1.2	Lam.1.19	3
192719	Lam.1.2	Lam.1.16-Lam.1.17	3
192732	Lam.1.2	Lam.1.21	3
192751	Lam.1.4	Lam.1.18-Lam.1.20	2
192761	Lam.1.4	Lam.1.11-Lam.1.12	2
192794	Lam.1.5	Lam.1.18	2
192854	Lam.1.8	Lam.1.4-Lam.1.5	3
192856	Lam.1.8	Lam.1.11	3
192862	Lam.1.8	Lam.1.20-Lam.1.22	5
192890	Lam.1.9	Lam.1.1-Lam.1.2	2
192891	Lam.1.9	Lam.1.21	2
192904	Lam.1.9	Lam.1.17	4
192925	Lam.1.10	Lam.1.7	4
192934	Lam.1.11	Lam.1.19-Lam.1.20	2
192943	Lam.1.11	Lam.1.9	2
192977	Lam.1.13	Lam.1.22	2
193026	Lam.1.16	Lam.1.5-Lam.1.6	2
193027	Lam.1.16	Lam.1.9	2
193029	Lam.1.16	Lam.1.2	5
193042	Lam.1.17	Lam.1.9	4
193048	Lam.1.17	Lam.1.19	3
193057	Lam.1.17	Lam.1.21	2
193059	Lam.1.17	Lam.1.16	3
193062	Lam.1.17	Lam.1.2	2
193065	Lam.1.18	Lam.1.12	4
193091	Lam.1.18	Lam.1.5-Lam.1.6	2
193100	Lam.1.19	Lam.1.11	4
193104	Lam.1.19	Lam.1.2	4
193109	Lam.1.20	Lam.1.18	2
193111	Lam.1.20	Lam.1.9	2
193125	Lam.1.20	Lam.1.11	2
193138	Lam.1.21	Lam.1.4	3
193140	Lam.1.21	Lam.1.22	4
193145	Lam.1.21	Lam.1.2	3
193150	Lam.1.21	Lam.1.16	4
193153	Lam.1.21	Lam.1.11-Lam.1.12	2
193161	Lam.1.21	Lam.1.8	5
193182	Lam.1.22	Lam.1.13	2
193215	Lam.2.2	Lam.2.17	5
193224	Lam.2.2	Lam.2.21	3
193228	Lam.2.2	Lam.2.5	3
193261	Lam.2.4	Lam.2.5	2
193276	Lam.2.5	Lam.2.4	3
193281	Lam.2.5	Lam.2.2	5
193306	Lam.2.7	Lam.2.1	2
193313	Lam.2.7	Lam.2.5	2
193327	Lam.2.8	Lam.2.5	2
193328	Lam.2.8	Lam.2.17	2
193333	Lam.2.8	Lam.2.2	2
193387	Lam.2.11	Lam.2.19-Lam.2.20	3
193436	Lam.2.15	Lam.2.6	2
193444	Lam.2.15	Lam.2.16	2
193492	Lam.2.17	Lam.2.8	3
193494	Lam.2.17	Lam.2.1-Lam.2.2	4
193513	Lam.2.18	Lam.2.8	5
193516	Lam.2.19	Lam.2.11-Lam.2.12	8
193566	Lam.2.21	Lam.2.2	3
193576	Lam.2.21	Lam.2.17	3
193613	Lam.3.2	Lam.3.53-Lam.3.55	2
193636	Lam.3.5	Lam.3.19	5
193637	Lam.3.5	Lam.3.7-Lam.3.9	2
193646	Lam.3.7	Lam.3.9	2
193655	Lam.3.8	Lam.3.44	3
193663	Lam.3.9	Lam.3.11	2
193706	Lam.3.14	Lam.3.63	4
193719	Lam.3.15	Lam.3.19	2
193752	Lam.3.19	Lam.3.5	4
193756	Lam.3.19	Lam.3.15	5
193800	Lam.3.24	Lam.3.21	11
193819	Lam.3.25	Lam.3.26	33
193904	Lam.3.32	Lam.3.22	6
193956	Lam.3.39	Lam.3.22	2
194017	Lam.3.43	Lam.3.66	3
194023	Lam.3.44	Lam.3.8	8
194030	Lam.3.45	Lam.3.14	2
194107	Lam.3.54	Lam.3.18	3
194164	Lam.3.60	Lam.3.59	3
194167	Lam.3.61	Lam.3.30	2
194178	Lam.3.63	Lam.3.14	5
194195	Lam.3.66	Lam.3.43	3
194224	Lam.4.3	Lam.4.10	4
194254	Lam.4.6	Lam.4.9	2
194283	Lam.4.8	Lam.4.1-Lam.4.2	2
194297	Lam.4.10	Lam.4.3	3
194308	Lam.4.11	Lam.4.22	2
194447	Lam.4.22	Lam.4.6	2
194448	Lam.4.22	Lam.4.21	2
194706	Ezek.1.1	Ezek.1.3	8
194732	Ezek.1.3	Ezek.1.1	3
194763	Ezek.1.4	Ezek.1.27	5
194771	Ezek.1.5	Ezek.1.26	3
194774	Ezek.1.6	Ezek.1.15	2
194780	Ezek.1.6	Ezek.1.8-Ezek.1.11	2
194784	Ezek.1.7	Ezek.1.13	3
194792	Ezek.1.8	Ezek.1.17	2
194801	Ezek.1.9	Ezek.1.11-Ezek.1.12	2
194822	Ezek.1.11	Ezek.1.23	4
194828	Ezek.1.12	Ezek.1.17	2
194829	Ezek.1.12	Ezek.1.9	4
194830	Ezek.1.12	Ezek.1.20-Ezek.1.21	2
194832	Ezek.1.13	Ezek.1.7	3
194849	Ezek.1.15	Ezek.1.6	3
194852	Ezek.1.15	Ezek.1.19-Ezek.1.21	3
194861	Ezek.1.17	Ezek.1.9	5
194862	Ezek.1.17	Ezek.1.12	3
194880	Ezek.1.20	Ezek.1.12	5
194882	Ezek.1.21	Ezek.1.19-Ezek.1.20	4
194884	Ezek.1.22	Ezek.1.26	3
194892	Ezek.1.23	Ezek.1.11-Ezek.1.12	2
194893	Ezek.1.23	Ezek.1.24	2
194907	Ezek.1.25	Ezek.1.22	1
194915	Ezek.1.26	Ezek.1.22	4
194936	Ezek.1.27	Ezek.1.4	10
194978	Ezek.2.1	Ezek.2.8	2
194991	Ezek.2.1	Ezek.2.3	1
194992	Ezek.2.1	Ezek.2.6	2
195062	Ezek.2.5	Ezek.2.7	5
195105	Ezek.2.7	Ezek.2.5	6
195137	Ezek.3.1	Ezek.3.10-Ezek.3.11	1
195139	Ezek.3.1	Ezek.3.15	3
195141	Ezek.3.1	Ezek.3.17-Ezek.3.21	8
195164	Ezek.3.4	Ezek.3.11	2
195171	Ezek.3.5	Ezek.3.6	2
195215	Ezek.3.10	Ezek.3.1-Ezek.3.3	6
195225	Ezek.3.11	Ezek.3.27	4
195231	Ezek.3.11	Ezek.3.15	2
195246	Ezek.3.12	Ezek.3.14	3
195268	Ezek.3.14	Ezek.3.12	3
195284	Ezek.3.15	Ezek.3.23	2
195326	Ezek.3.18	Ezek.3.20	24
195348	Ezek.3.19	Ezek.3.18	2
195359	Ezek.3.19	Ezek.3.21	2
195399	Ezek.3.20	Ezek.3.18	7
195425	Ezek.3.21	Ezek.3.19-Ezek.3.20	3
195432	Ezek.3.22	Ezek.3.14	2
195481	Ezek.3.27	Ezek.3.9	2
195486	Ezek.3.27	Ezek.3.11	4
195487	Ezek.3.27	Ezek.3.26	2
195520	Ezek.4.4	Ezek.4.5	2
195522	Ezek.4.4	Ezek.4.8	3
195541	Ezek.4.7	Ezek.4.3	2
195544	Ezek.4.9	Ezek.4.16	4
195545	Ezek.4.9	Ezek.4.13	5
195548	Ezek.4.10	Ezek.4.16	2
195552	Ezek.4.11	Ezek.4.16	2
195577	Ezek.4.16	Ezek.4.10-Ezek.4.11	4
195589	Ezek.5.2	Ezek.5.12	10
195638	Ezek.5.7	Ezek.5.11	2
195690	Ezek.5.10	Ezek.5.2	4
195693	Ezek.5.10	Ezek.5.12	3
195736	Ezek.5.12	Ezek.5.17	2
195739	Ezek.5.12	Ezek.5.10	3
195752	Ezek.5.12	Ezek.5.2	12
195820	Ezek.5.17	Ezek.5.12-Ezek.5.13	2
195825	Ezek.5.17	Ezek.5.15	2
195863	Ezek.6.4	Ezek.6.13	2
195865	Ezek.6.4	Ezek.6.5-Ezek.6.6	2
195878	Ezek.6.6	Ezek.6.4	3
195905	Ezek.6.7	Ezek.6.13	2
195985	Ezek.6.10	Ezek.6.7	3
196019	Ezek.6.13	Ezek.6.4-Ezek.6.7	3
196044	Ezek.7.2	Ezek.7.5-Ezek.7.6	3
196048	Ezek.7.2	Ezek.7.3	4
196058	Ezek.7.3	Ezek.7.27	2
196064	Ezek.7.3	Ezek.7.8-Ezek.7.9	3
196067	Ezek.7.4	Ezek.7.9	2
196086	Ezek.7.4	Ezek.7.27	3
196096	Ezek.7.6	Ezek.7.3	3
196098	Ezek.7.6	Ezek.7.10	3
196103	Ezek.7.7	Ezek.7.12	3
196128	Ezek.7.8	Ezek.7.3-Ezek.7.4	3
196145	Ezek.7.10	Ezek.7.6	2
196155	Ezek.7.11	Ezek.7.2	2
196159	Ezek.7.11	Ezek.7.16	2
196166	Ezek.7.11	Ezek.7.23	3
196175	Ezek.7.12	Ezek.7.5-Ezek.7.7	3
196177	Ezek.7.12	Ezek.7.10	3
196179	Ezek.7.12	Ezek.7.13-Ezek.7.14	2
196195	Ezek.7.14	Ezek.7.11-Ezek.7.12	2
196258	Ezek.7.20	Ezek.7.22	2
196355	Ezek.7.27	Ezek.7.4-Ezek.7.8	3
196402	Ezek.8.3	Ezek.8.5	2
196437	Ezek.8.5	Ezek.8.3	4
196452	Ezek.8.6	Ezek.8.11-Ezek.8.12	2
196453	Ezek.8.6	Ezek.8.16-Ezek.8.17	2
196457	Ezek.8.6	Ezek.8.14	2
196459	Ezek.8.6	Ezek.8.9	3
196503	Ezek.8.12	Ezek.8.11	2
196509	Ezek.8.12	Ezek.8.6-Ezek.8.8	3
196513	Ezek.8.12	Ezek.8.15	5
196514	Ezek.8.12	Ezek.8.17	3
196517	Ezek.8.13	Ezek.8.6	3
196518	Ezek.8.13	Ezek.8.15	2
196522	Ezek.8.15	Ezek.8.12-Ezek.8.13	2
196523	Ezek.8.15	Ezek.8.6	2
196524	Ezek.8.15	Ezek.8.9	2
196632	Ezek.9.5	Ezek.9.10	2
196710	Ezek.9.10	Ezek.9.5	2
196738	Ezek.10.1	Ezek.10.20	2
196763	Ezek.10.2	Ezek.10.16	4
196772	Ezek.10.4	Ezek.10.18	3
196799	Ezek.10.6	Ezek.10.2	4
196804	Ezek.10.7	Ezek.10.6	2
196809	Ezek.10.8	Ezek.10.21	3
196819	Ezek.10.11	Ezek.10.22	3
196829	Ezek.10.14	Ezek.10.21	4
196832	Ezek.10.15	Ezek.10.18-Ezek.10.20	2
196852	Ezek.10.18	Ezek.10.3-Ezek.10.4	1
196856	Ezek.10.19	Ezek.10.1	2
196863	Ezek.10.20	Ezek.10.15	3
196871	Ezek.10.21	Ezek.10.14	3
196877	Ezek.10.22	Ezek.10.11	3
196882	Ezek.11.1	Ezek.11.13	3
196888	Ezek.11.1	Ezek.11.24	3
196912	Ezek.11.3	Ezek.11.7-Ezek.11.11	2
197028	Ezek.11.11	Ezek.11.7-Ezek.11.10	2
197029	Ezek.11.11	Ezek.11.3	5
197036	Ezek.11.12	Ezek.11.21	2
197061	Ezek.11.13	Ezek.11.1	6
197121	Ezek.11.18	Ezek.11.21	2
197174	Ezek.11.20	Ezek.11.12	2
197190	Ezek.11.21	Ezek.11.18	2
197202	Ezek.11.24	Ezek.11.1	4
197271	Ezek.12.3	Ezek.12.10-Ezek.12.12	2
197274	Ezek.12.4	Ezek.12.12	4
197279	Ezek.12.6	Ezek.12.11-Ezek.12.12	3
197288	Ezek.12.7	Ezek.12.3	2
197301	Ezek.12.9	Ezek.12.1-Ezek.12.3	3
197314	Ezek.12.11	Ezek.12.6	2
197319	Ezek.12.12	Ezek.12.6	4
197352	Ezek.12.15	Ezek.12.16	3
197356	Ezek.12.15	Ezek.12.20	3
197442	Ezek.12.22	Ezek.12.27	4
197449	Ezek.12.23	Ezek.12.25	2
197476	Ezek.12.25	Ezek.12.1-Ezek.12.2	9
197477	Ezek.12.25	Ezek.12.28	16
197485	Ezek.12.27	Ezek.12.22	4
197493	Ezek.12.28	Ezek.12.23-Ezek.12.25	6
197503	Ezek.13.2	Ezek.13.3	2
197519	Ezek.13.2	Ezek.13.17	5
197528	Ezek.13.3	Ezek.13.6-Ezek.13.7	2
197530	Ezek.13.3	Ezek.13.18	2
197602	Ezek.13.6	Ezek.13.7	2
197615	Ezek.13.6	Ezek.13.22-Ezek.13.23	2
197618	Ezek.13.7	Ezek.13.2-Ezek.13.3	2
197619	Ezek.13.7	Ezek.13.6	2
197669	Ezek.13.10	Ezek.13.16	4
197731	Ezek.13.14	Ezek.13.23	3
197734	Ezek.13.14	Ezek.13.21	2
197736	Ezek.13.14	Ezek.13.9	3
197751	Ezek.13.16	Ezek.13.10	4
197754	Ezek.13.17	Ezek.13.2	6
197764	Ezek.13.18	Ezek.13.16	2
197765	Ezek.13.18	Ezek.13.10	2
197770	Ezek.13.18	Ezek.13.20	4
197788	Ezek.13.19	Ezek.13.22	2
197790	Ezek.13.20	Ezek.13.18	6
197791	Ezek.13.20	Ezek.13.15-Ezek.13.16	2
197792	Ezek.13.20	Ezek.13.8-Ezek.13.9	2
197803	Ezek.13.22	Ezek.13.16	3
197818	Ezek.13.23	Ezek.13.21	6
197842	Ezek.14.3	Ezek.14.4	5
197844	Ezek.14.3	Ezek.14.7	8
197878	Ezek.14.4	Ezek.14.7	4
197898	Ezek.14.5	Ezek.14.9-Ezek.14.10	2
197908	Ezek.14.6	Ezek.14.4	3
197933	Ezek.14.7	Ezek.14.3-Ezek.14.4	2
197937	Ezek.14.7	Ezek.14.7-Ezek.14.8	2
197985	Ezek.14.10	Ezek.14.7-Ezek.14.8	3
197990	Ezek.14.10	Ezek.14.4	3
198033	Ezek.14.13	Ezek.14.21	3
198041	Ezek.14.13	Ezek.14.19	3
198044	Ezek.14.13	Ezek.14.17	3
198051	Ezek.14.14	Ezek.14.18	9
198055	Ezek.14.14	Ezek.14.16	6
198062	Ezek.14.14	Ezek.14.20	14
198072	Ezek.14.16	Ezek.14.18	2
198075	Ezek.14.16	Ezek.14.14	2
198082	Ezek.14.16	Ezek.14.20	2
198094	Ezek.14.17	Ezek.14.13	4
198127	Ezek.14.20	Ezek.14.16	3
198129	Ezek.14.20	Ezek.14.14	6
198139	Ezek.14.21	Ezek.14.19	4
198140	Ezek.14.21	Ezek.14.13	4
198144	Ezek.14.21	Ezek.14.15	4
198145	Ezek.14.21	Ezek.14.17	4
198218	Ezek.15.6	Ezek.15.2	2
198278	Ezek.16.3	Ezek.16.45	10
198328	Ezek.16.7	Ezek.16.16	2
198338	Ezek.16.7	Ezek.16.22	2
198340	Ezek.16.7	Ezek.16.10-Ezek.16.13	4
198355	Ezek.16.8	Ezek.16.6	6
198372	Ezek.16.9	Ezek.16.4	2
198391	Ezek.16.10	Ezek.16.7	2
198395	Ezek.16.10	Ezek.16.18	6
198406	Ezek.16.10	Ezek.16.13	5
198452	Ezek.16.13	Ezek.16.19	3
198455	Ezek.16.13	Ezek.16.14-Ezek.16.15	2
198478	Ezek.16.15	Ezek.16.36-Ezek.16.37	2
198488	Ezek.16.15	Ezek.16.25	5
198507	Ezek.16.17	Ezek.16.11	3
198517	Ezek.16.19	Ezek.16.13	3
198523	Ezek.16.20	Ezek.16.21	3
198547	Ezek.16.22	Ezek.16.3-Ezek.16.7	2
198550	Ezek.16.22	Ezek.16.60-Ezek.16.63	2
198552	Ezek.16.22	Ezek.16.43	3
198566	Ezek.16.24	Ezek.16.31	4
198575	Ezek.16.24	Ezek.16.39	4
198584	Ezek.16.25	Ezek.16.15	2
198586	Ezek.16.25	Ezek.16.31	3
198610	Ezek.16.27	Ezek.16.37	3
198614	Ezek.16.27	Ezek.16.47	2
198620	Ezek.16.27	Ezek.16.57	4
198650	Ezek.16.31	Ezek.16.39	2
198651	Ezek.16.31	Ezek.16.33-Ezek.16.34	3
198653	Ezek.16.31	Ezek.16.24-Ezek.16.25	2
198658	Ezek.16.32	Ezek.16.8	2
198673	Ezek.16.33	Ezek.16.41	2
198725	Ezek.16.38	Ezek.16.40	2
198731	Ezek.16.38	Ezek.16.20-Ezek.16.21	2
198741	Ezek.16.38	Ezek.16.36	2
198750	Ezek.16.39	Ezek.16.24-Ezek.16.25	3
198751	Ezek.16.39	Ezek.16.31	2
198800	Ezek.16.43	Ezek.16.22	5
198808	Ezek.16.44	Ezek.16.3	4
198809	Ezek.16.44	Ezek.16.45	1
198817	Ezek.16.45	Ezek.16.8	3
198818	Ezek.16.45	Ezek.16.15	3
198820	Ezek.16.45	Ezek.16.20-Ezek.16.21	2
198829	Ezek.16.46	Ezek.16.48-Ezek.16.49	3
198831	Ezek.16.46	Ezek.16.53-Ezek.16.56	3
198833	Ezek.16.46	Ezek.16.27	2
198846	Ezek.16.46	Ezek.16.51	3
198847	Ezek.16.46	Ezek.16.61	3
198852	Ezek.16.47	Ezek.16.48	4
198859	Ezek.16.47	Ezek.16.51	4
198927	Ezek.16.52	Ezek.16.56	2
198928	Ezek.16.52	Ezek.16.63	2
198940	Ezek.16.52	Ezek.16.54	2
198958	Ezek.16.53	Ezek.16.60-Ezek.16.61	2
198966	Ezek.16.54	Ezek.16.63	2
198968	Ezek.16.54	Ezek.16.52	2
198970	Ezek.16.55	Ezek.16.53	3
198989	Ezek.16.57	Ezek.16.36-Ezek.16.37	3
199018	Ezek.16.60	Ezek.16.8	4
199042	Ezek.16.61	Ezek.16.53-Ezek.16.55	3
199045	Ezek.16.61	Ezek.16.63	3
199059	Ezek.16.62	Ezek.16.60	3
199078	Ezek.16.63	Ezek.16.61	4
199108	Ezek.17.3	Ezek.17.7	3
199118	Ezek.17.5	Ezek.17.13	2
199122	Ezek.17.6	Ezek.17.14	4
199123	Ezek.17.7	Ezek.17.15	3
199128	Ezek.17.8	Ezek.17.5-Ezek.17.6	2
199137	Ezek.17.9	Ezek.17.15-Ezek.17.17	2
199140	Ezek.17.9	Ezek.17.10	4
199157	Ezek.17.12	Ezek.17.3	3
199174	Ezek.17.13	Ezek.17.5	3
199184	Ezek.17.14	Ezek.17.6	2
199198	Ezek.17.15	Ezek.17.18	3
199199	Ezek.17.15	Ezek.17.7	4
199201	Ezek.17.15	Ezek.17.9	3
199220	Ezek.17.16	Ezek.17.10	1
199223	Ezek.17.16	Ezek.17.18-Ezek.17.19	2
199227	Ezek.17.16	Ezek.17.13	2
199363	Ezek.18.3	Ezek.18.30	2
199365	Ezek.18.3	Ezek.18.19-Ezek.18.20	3
199375	Ezek.18.4	Ezek.18.20	24
199394	Ezek.18.6	Ezek.18.15	10
199411	Ezek.18.6	Ezek.18.11-Ezek.18.12	4
199415	Ezek.18.7	Ezek.18.18	3
199461	Ezek.18.7	Ezek.18.16	9
199463	Ezek.18.7	Ezek.18.12	6
199472	Ezek.18.8	Ezek.18.13	3
199490	Ezek.18.8	Ezek.18.17	3
199520	Ezek.18.9	Ezek.18.17	3
199537	Ezek.18.11	Ezek.18.15	2
199542	Ezek.18.11	Ezek.18.6-Ezek.18.7	2
199543	Ezek.18.12	Ezek.18.6-Ezek.18.7	3
199548	Ezek.18.12	Ezek.18.16	3
199558	Ezek.18.13	Ezek.18.28	2
199561	Ezek.18.13	Ezek.18.24	2
199564	Ezek.18.13	Ezek.18.32	2
199566	Ezek.18.13	Ezek.18.17	2
199567	Ezek.18.13	Ezek.18.8	3
199570	Ezek.18.14	Ezek.18.10	2
199583	Ezek.18.14	Ezek.18.28	2
199588	Ezek.18.15	Ezek.18.6-Ezek.18.7	3
199589	Ezek.18.15	Ezek.18.11-Ezek.18.13	2
199594	Ezek.18.16	Ezek.18.7	4
199609	Ezek.18.17	Ezek.18.19-Ezek.18.21	2
199613	Ezek.18.17	Ezek.18.13	2
199621	Ezek.18.17	Ezek.18.28	2
199624	Ezek.18.17	Ezek.18.8-Ezek.18.9	4
199625	Ezek.18.18	Ezek.18.24	2
199626	Ezek.18.18	Ezek.18.4	2
199631	Ezek.18.18	Ezek.18.26	2
199632	Ezek.18.18	Ezek.18.20	2
199635	Ezek.18.19	Ezek.18.9	4
199642	Ezek.18.19	Ezek.18.2	4
199645	Ezek.18.20	Ezek.18.4	26
199653	Ezek.18.20	Ezek.18.30	6
199664	Ezek.18.20	Ezek.18.13	7
199676	Ezek.18.21	Ezek.18.5	5
199685	Ezek.18.21	Ezek.18.27-Ezek.18.28	9
199688	Ezek.18.21	Ezek.18.19	3
199692	Ezek.18.21	Ezek.18.17	1
199694	Ezek.18.21	Ezek.18.9	6
199698	Ezek.18.21	Ezek.18.30	3
199711	Ezek.18.22	Ezek.18.24	4
199732	Ezek.18.23	Ezek.18.32	12
199742	Ezek.18.24	Ezek.18.10-Ezek.18.13	5
199746	Ezek.18.24	Ezek.18.18	3
199767	Ezek.18.24	Ezek.18.22	5
199771	Ezek.18.24	Ezek.18.26	6
199790	Ezek.18.25	Ezek.18.29	3
199807	Ezek.18.27	Ezek.18.21	7
199817	Ezek.18.28	Ezek.18.14	2
199818	Ezek.18.28	Ezek.18.31	2
199825	Ezek.18.28	Ezek.18.21	2
199831	Ezek.18.29	Ezek.18.2	1
199833	Ezek.18.29	Ezek.18.25	3
199839	Ezek.18.30	Ezek.18.21	15
199897	Ezek.18.32	Ezek.18.23	23
199913	Ezek.19.1	Ezek.19.14	3
199938	Ezek.19.3	Ezek.19.6	2
199947	Ezek.19.5	Ezek.19.3	2
199968	Ezek.19.8	Ezek.19.4	3
199974	Ezek.19.9	Ezek.19.7	2
199980	Ezek.19.10	Ezek.19.2	2
199995	Ezek.19.11	Ezek.19.14	2
200004	Ezek.19.11	Ezek.19.12	2
200006	Ezek.19.12	Ezek.19.11	3
200032	Ezek.19.13	Ezek.19.10	3
200047	Ezek.19.14	Ezek.19.11	3
200049	Ezek.19.14	Ezek.19.1	3
200100	Ezek.20.3	Ezek.20.31	2
200128	Ezek.20.5	Ezek.20.15	3
200132	Ezek.20.5	Ezek.20.23	3
200147	Ezek.20.6	Ezek.20.42	3
200154	Ezek.20.6	Ezek.20.15	5
200157	Ezek.20.6	Ezek.20.5	3
200166	Ezek.20.6	Ezek.20.23	3
200175	Ezek.20.7	Ezek.20.19	3
200181	Ezek.20.7	Ezek.20.8	5
200199	Ezek.20.8	Ezek.20.13	3
200201	Ezek.20.8	Ezek.20.21	4
200202	Ezek.20.8	Ezek.20.7	4
200213	Ezek.20.9	Ezek.20.22	5
200216	Ezek.20.9	Ezek.20.14	4
200231	Ezek.20.11	Ezek.20.13	3
200232	Ezek.20.11	Ezek.20.21	2
200246	Ezek.20.12	Ezek.20.20	7
200263	Ezek.20.13	Ezek.20.8	6
200274	Ezek.20.13	Ezek.20.21	9
200278	Ezek.20.13	Ezek.20.16	2
200285	Ezek.20.13	Ezek.20.24	4
200289	Ezek.20.14	Ezek.20.22	3
200293	Ezek.20.14	Ezek.20.9	4
200295	Ezek.20.15	Ezek.20.23	2
200308	Ezek.20.16	Ezek.20.13-Ezek.20.14	2
200309	Ezek.20.16	Ezek.20.8	3
200327	Ezek.20.18	Ezek.20.7	3
200356	Ezek.20.20	Ezek.20.12	4
200364	Ezek.20.21	Ezek.20.11	2
200369	Ezek.20.21	Ezek.20.13	7
200374	Ezek.20.21	Ezek.20.8	5
200389	Ezek.20.22	Ezek.20.9	5
200390	Ezek.20.22	Ezek.20.17	3
200391	Ezek.20.22	Ezek.20.14	5
200398	Ezek.20.23	Ezek.20.15	2
200403	Ezek.20.24	Ezek.20.13	3
200404	Ezek.20.24	Ezek.20.16	5
200415	Ezek.20.25	Ezek.20.39	4
200417	Ezek.20.25	Ezek.20.26	3
200423	Ezek.20.26	Ezek.20.31	4
200441	Ezek.20.28	Ezek.20.6	2
200446	Ezek.20.28	Ezek.20.15	2
200474	Ezek.20.31	Ezek.20.26	3
200476	Ezek.20.31	Ezek.20.3	1
200504	Ezek.20.34	Ezek.20.38	4
200520	Ezek.20.35	Ezek.20.36	3
200524	Ezek.20.36	Ezek.20.21	3
200526	Ezek.20.36	Ezek.20.13	3
200575	Ezek.20.39	Ezek.20.25-Ezek.20.26	3
200626	Ezek.20.41	Ezek.20.28	2
200636	Ezek.20.42	Ezek.20.38	2
200644	Ezek.20.42	Ezek.20.44	2
200659	Ezek.20.44	Ezek.20.38	2
200661	Ezek.20.44	Ezek.20.9	4
200662	Ezek.20.44	Ezek.20.14	4
200667	Ezek.20.44	Ezek.20.22	4
200732	Ezek.21.3	Ezek.21.19	4
200733	Ezek.21.3	Ezek.21.9-Ezek.21.11	4
200758	Ezek.21.5	Ezek.21.30	6
200762	Ezek.21.6	Ezek.21.12	2
200807	Ezek.21.9	Ezek.21.28	3
200813	Ezek.21.9	Ezek.21.15	2
200815	Ezek.21.9	Ezek.21.3	3
200817	Ezek.21.10	Ezek.21.25-Ezek.21.27	2
200838	Ezek.21.11	Ezek.21.19	3
200846	Ezek.21.12	Ezek.21.14	2
200850	Ezek.21.12	Ezek.21.6	4
200851	Ezek.21.13	Ezek.21.10	3
200854	Ezek.21.13	Ezek.21.25	3
200864	Ezek.21.14	Ezek.21.17	2
200871	Ezek.21.15	Ezek.21.28	2
200872	Ezek.21.15	Ezek.21.10	3
200873	Ezek.21.15	Ezek.21.7	2
200875	Ezek.21.15	Ezek.21.22	2
200878	Ezek.21.16	Ezek.21.4	2
200880	Ezek.21.16	Ezek.21.20	2
200883	Ezek.21.17	Ezek.21.14	4
200938	Ezek.21.23	Ezek.21.24	3
200969	Ezek.21.25	Ezek.21.29	3
200995	Ezek.21.27	Ezek.21.13	6
201028	Ezek.21.28	Ezek.21.9-Ezek.21.10	3
201033	Ezek.21.28	Ezek.21.20	3
201039	Ezek.21.29	Ezek.21.25	5
201053	Ezek.21.30	Ezek.21.4-Ezek.21.5	2
201072	Ezek.21.32	Ezek.21.30	2
201098	Ezek.22.3	Ezek.22.4	2
201102	Ezek.22.3	Ezek.22.6	2
201105	Ezek.22.3	Ezek.22.27	4
201117	Ezek.22.4	Ezek.22.2	3
201133	Ezek.22.6	Ezek.22.27	4
201153	Ezek.22.7	Ezek.22.29	2
201168	Ezek.22.8	Ezek.22.26	5
201270	Ezek.22.13	Ezek.22.27	3
201299	Ezek.22.15	Ezek.22.18	2
201303	Ezek.22.15	Ezek.22.22	4
201338	Ezek.22.18	Ezek.22.20	2
201349	Ezek.22.20	Ezek.22.21	1
201359	Ezek.22.21	Ezek.22.20-Ezek.22.22	2
201372	Ezek.22.22	Ezek.22.16	2
201375	Ezek.22.22	Ezek.22.31	2
201401	Ezek.22.25	Ezek.22.27-Ezek.22.29	2
201431	Ezek.22.26	Ezek.22.8	7
201436	Ezek.22.27	Ezek.22.13	5
201445	Ezek.22.27	Ezek.22.6	3
201447	Ezek.22.27	Ezek.22.25	2
201462	Ezek.22.28	Ezek.22.25	2
201473	Ezek.22.29	Ezek.22.7	7
201492	Ezek.22.31	Ezek.22.21-Ezek.22.22	2
201498	Ezek.23.3	Ezek.23.19	2
201500	Ezek.23.3	Ezek.23.21	2
201502	Ezek.23.3	Ezek.23.8	2
201521	Ezek.23.5	Ezek.23.7	2
201524	Ezek.23.5	Ezek.23.9	2
201528	Ezek.23.5	Ezek.23.16	2
201537	Ezek.23.5	Ezek.23.20	2
201541	Ezek.23.5	Ezek.23.12	2
201542	Ezek.23.6	Ezek.23.23	2
201550	Ezek.23.7	Ezek.23.30	2
201551	Ezek.23.8	Ezek.23.21	2
201553	Ezek.23.8	Ezek.23.19	4
201555	Ezek.23.8	Ezek.23.3	4
201568	Ezek.23.10	Ezek.23.48	2
201569	Ezek.23.10	Ezek.23.29	3
201572	Ezek.23.11	Ezek.23.4	2
201577	Ezek.23.12	Ezek.23.23	2
201579	Ezek.23.12	Ezek.23.5-Ezek.23.6	2
201580	Ezek.23.13	Ezek.23.31	2
201594	Ezek.23.16	Ezek.23.40-Ezek.23.41	2
201607	Ezek.23.17	Ezek.23.28	3
201611	Ezek.23.17	Ezek.23.22	3
201628	Ezek.23.19	Ezek.23.8	2
201629	Ezek.23.19	Ezek.23.14	2
201630	Ezek.23.19	Ezek.23.3	3
201633	Ezek.23.19	Ezek.23.21	2
201644	Ezek.23.22	Ezek.23.28	2
201646	Ezek.23.22	Ezek.23.9	2
201654	Ezek.23.23	Ezek.23.12	3
201661	Ezek.23.23	Ezek.23.6	3
201670	Ezek.23.24	Ezek.23.45	3
201674	Ezek.23.25	Ezek.23.47	5
201694	Ezek.23.26	Ezek.23.29	3
201700	Ezek.23.27	Ezek.23.19	3
201704	Ezek.23.27	Ezek.23.3	3
201706	Ezek.23.28	Ezek.23.17	4
201710	Ezek.23.28	Ezek.23.22	4
201712	Ezek.23.29	Ezek.23.25-Ezek.23.26	3
201716	Ezek.23.29	Ezek.23.45-Ezek.23.47	3
201717	Ezek.23.29	Ezek.23.18	2
201720	Ezek.23.30	Ezek.23.7	2
201731	Ezek.23.31	Ezek.23.13	2
201759	Ezek.23.34	Ezek.23.8	2
201760	Ezek.23.34	Ezek.23.3	2
201761	Ezek.23.35	Ezek.23.45-Ezek.23.49	2
201798	Ezek.23.37	Ezek.23.4-Ezek.23.5	2
201802	Ezek.23.37	Ezek.23.39	2
201810	Ezek.23.37	Ezek.23.45	2
201838	Ezek.23.39	Ezek.23.38	2
201848	Ezek.23.40	Ezek.23.13	2
201875	Ezek.23.43	Ezek.23.3	2
201877	Ezek.23.44	Ezek.23.3	2
201878	Ezek.23.44	Ezek.23.9-Ezek.23.13	2
201881	Ezek.23.45	Ezek.23.36-Ezek.23.39	3
201889	Ezek.23.46	Ezek.23.22-Ezek.23.26	2
201895	Ezek.23.47	Ezek.23.25	2
201898	Ezek.23.47	Ezek.23.29	2
201905	Ezek.23.48	Ezek.23.27	3
201928	Ezek.23.49	Ezek.23.35	2
201964	Ezek.24.3	Ezek.24.6	3
201983	Ezek.24.5	Ezek.24.9-Ezek.24.10	2
201988	Ezek.24.6	Ezek.24.9	2
202001	Ezek.24.6	Ezek.24.11-Ezek.24.13	2
202050	Ezek.24.9	Ezek.24.6	3
202079	Ezek.24.12	Ezek.24.13	2
202085	Ezek.24.12	Ezek.24.6	2
202097	Ezek.24.13	Ezek.24.11	3
202141	Ezek.24.16	Ezek.24.18	3
202150	Ezek.24.16	Ezek.24.21-Ezek.24.25	2
202155	Ezek.24.17	Ezek.24.22-Ezek.24.23	2
202176	Ezek.24.21	Ezek.24.16	3
202197	Ezek.24.22	Ezek.24.16-Ezek.24.17	2
202233	Ezek.24.25	Ezek.24.21	4
202264	Ezek.25.3	Ezek.25.8	2
202266	Ezek.25.3	Ezek.25.6	3
202299	Ezek.25.5	Ezek.25.8	2
202304	Ezek.25.6	Ezek.25.15	3
202321	Ezek.25.7	Ezek.25.16	3
202323	Ezek.25.7	Ezek.25.13	3
202341	Ezek.25.8	Ezek.25.12-Ezek.25.14	2
202352	Ezek.25.10	Ezek.25.4	2
202356	Ezek.25.11	Ezek.25.5	2
202357	Ezek.25.11	Ezek.25.17	2
202374	Ezek.25.12	Ezek.25.8	4
202398	Ezek.25.13	Ezek.25.16	2
202399	Ezek.25.13	Ezek.25.7	2
202412	Ezek.25.15	Ezek.25.12	3
202418	Ezek.25.15	Ezek.25.6	5
202433	Ezek.25.16	Ezek.25.7	4
202435	Ezek.25.16	Ezek.25.13	5
202437	Ezek.25.17	Ezek.25.5	3
202438	Ezek.25.17	Ezek.25.11	5
202439	Ezek.25.17	Ezek.25.14	5
202491	Ezek.26.4	Ezek.26.12	2
202493	Ezek.26.4	Ezek.26.9	3
202494	Ezek.26.5	Ezek.26.19	3
202496	Ezek.26.5	Ezek.26.14	2
202502	Ezek.26.6	Ezek.26.8	3
202509	Ezek.26.7	Ezek.26.3	2
202513	Ezek.26.7	Ezek.26.10-Ezek.26.11	2
202542	Ezek.26.10	Ezek.26.15	3
202543	Ezek.26.10	Ezek.26.7	2
202563	Ezek.26.12	Ezek.26.5	2
202581	Ezek.26.14	Ezek.26.12	2
202584	Ezek.26.14	Ezek.26.4-Ezek.26.5	3
202603	Ezek.26.15	Ezek.26.18	3
202651	Ezek.26.18	Ezek.26.15	3
202657	Ezek.26.19	Ezek.26.3	4
202687	Ezek.26.21	Ezek.26.14-Ezek.26.16	2
202694	Ezek.27.2	Ezek.27.32	2
202704	Ezek.27.3	Ezek.27.4	5
202735	Ezek.27.8	Ezek.27.28	2
202736	Ezek.27.8	Ezek.27.11	3
202754	Ezek.27.10	Ezek.27.11	2
202761	Ezek.27.11	Ezek.27.3-Ezek.27.4	2
202764	Ezek.27.12	Ezek.27.16	2
202768	Ezek.27.12	Ezek.27.18	2
202782	Ezek.27.13	Ezek.27.19	2
202799	Ezek.27.15	Ezek.27.20	3
202831	Ezek.27.20	Ezek.27.15	2
202878	Ezek.27.26	Ezek.27.34	2
202888	Ezek.27.27	Ezek.27.22	2
202889	Ezek.27.27	Ezek.27.7-Ezek.27.9	2
202890	Ezek.27.27	Ezek.27.12	2
202892	Ezek.27.27	Ezek.27.34	2
202893	Ezek.27.27	Ezek.27.24	2
202895	Ezek.27.27	Ezek.27.18-Ezek.27.19	2
202898	Ezek.27.28	Ezek.27.35	2
202917	Ezek.27.30	Ezek.27.31-Ezek.27.32	2
202936	Ezek.27.32	Ezek.27.2	3
202937	Ezek.27.32	Ezek.27.26	2
202944	Ezek.27.33	Ezek.27.3	2
202949	Ezek.27.34	Ezek.27.26-Ezek.27.27	3
202969	Ezek.28.2	Ezek.28.17	3
202971	Ezek.28.2	Ezek.28.5-Ezek.28.6	3
202974	Ezek.28.2	Ezek.28.9	11
202991	Ezek.28.2	Ezek.28.12-Ezek.28.14	3
203020	Ezek.28.5	Ezek.28.2	5
203038	Ezek.28.6	Ezek.28.2	4
203068	Ezek.28.9	Ezek.28.2	4
203075	Ezek.28.10	Ezek.28.7	2
203098	Ezek.28.12	Ezek.28.2-Ezek.28.5	2
203126	Ezek.28.13	Ezek.28.15	12
203142	Ezek.28.14	Ezek.28.13	6
203148	Ezek.28.14	Ezek.28.2	2
203152	Ezek.28.14	Ezek.28.16-Ezek.28.17	2
203159	Ezek.28.15	Ezek.28.17-Ezek.28.18	9
203164	Ezek.28.15	Ezek.28.12	5
203167	Ezek.28.15	Ezek.28.3-Ezek.28.6	5
203187	Ezek.28.16	Ezek.28.14	2
203195	Ezek.28.17	Ezek.28.2	4
203203	Ezek.28.17	Ezek.28.7	2
203206	Ezek.28.17	Ezek.28.5	6
203214	Ezek.28.18	Ezek.28.2	3
203220	Ezek.28.18	Ezek.28.16	4
203221	Ezek.28.18	Ezek.28.13-Ezek.28.14	2
203259	Ezek.28.22	Ezek.28.25-Ezek.28.26	2
203290	Ezek.28.24	Ezek.28.23	2
203291	Ezek.28.24	Ezek.28.26	2
203300	Ezek.28.25	Ezek.28.22	4
203333	Ezek.28.26	Ezek.28.24	11
203343	Ezek.28.26	Ezek.28.22	7
203360	Ezek.29.1	Ezek.29.17	4
203388	Ezek.29.3	Ezek.29.9-Ezek.29.10	4
203440	Ezek.29.8	Ezek.29.19-Ezek.29.20	2
203451	Ezek.29.9	Ezek.29.3	4
203452	Ezek.29.9	Ezek.29.10-Ezek.29.12	3
203458	Ezek.29.10	Ezek.29.11	2
203505	Ezek.29.16	Ezek.29.21	2
203523	Ezek.29.16	Ezek.29.6-Ezek.29.7	4
203525	Ezek.29.16	Ezek.29.9	2
203527	Ezek.29.17	Ezek.29.1	3
203533	Ezek.29.19	Ezek.29.8-Ezek.29.10	2
203555	Ezek.29.21	Ezek.29.16	2
203559	Ezek.29.21	Ezek.29.9	2
203560	Ezek.29.21	Ezek.29.6	2
203594	Ezek.30.3	Ezek.30.18	4
203617	Ezek.30.4	Ezek.30.9-Ezek.30.10	2
203654	Ezek.30.8	Ezek.30.16	3
203656	Ezek.30.8	Ezek.30.14	3
203666	Ezek.30.9	Ezek.30.4-Ezek.30.6	2
203681	Ezek.30.10	Ezek.30.24-Ezek.30.25	2
203732	Ezek.30.16	Ezek.30.8-Ezek.30.9	2
203738	Ezek.30.18	Ezek.30.3	4
203757	Ezek.30.19	Ezek.30.14	4
203777	Ezek.30.21	Ezek.30.24	4
203787	Ezek.30.23	Ezek.30.26	3
203789	Ezek.30.23	Ezek.30.17-Ezek.30.18	3
203798	Ezek.30.24	Ezek.30.25	4
203803	Ezek.30.24	Ezek.30.10	2
203809	Ezek.30.25	Ezek.30.19	2
203815	Ezek.30.25	Ezek.30.26	2
203818	Ezek.30.26	Ezek.30.17-Ezek.30.18	2
203820	Ezek.30.26	Ezek.30.23	2
203825	Ezek.31.2	Ezek.31.18	3
203834	Ezek.31.3	Ezek.31.16	2
203837	Ezek.31.3	Ezek.31.6	2
203868	Ezek.31.8	Ezek.31.18	3
203872	Ezek.31.8	Ezek.31.16	3
203882	Ezek.31.9	Ezek.31.16	2
203898	Ezek.31.9	Ezek.31.18	2
203906	Ezek.31.10	Ezek.31.14	2
203959	Ezek.31.14	Ezek.31.18	2
203964	Ezek.31.16	Ezek.31.18	2
203969	Ezek.31.16	Ezek.31.14	2
203972	Ezek.31.16	Ezek.31.9	3
203980	Ezek.31.17	Ezek.31.3	3
203983	Ezek.31.17	Ezek.31.6	4
203996	Ezek.31.18	Ezek.31.9	2
204000	Ezek.31.18	Ezek.31.16	3
204006	Ezek.31.18	Ezek.31.2	3
204010	Ezek.32.1	Ezek.32.17	3
204017	Ezek.32.2	Ezek.32.16	3
204024	Ezek.32.2	Ezek.32.18	2
204113	Ezek.32.13	Ezek.32.2	2
204130	Ezek.32.16	Ezek.32.2	4
204134	Ezek.32.17	Ezek.32.1	5
204145	Ezek.32.18	Ezek.32.21	2
204147	Ezek.32.18	Ezek.32.16	4
204154	Ezek.32.18	Ezek.32.2	5
204159	Ezek.32.19	Ezek.32.24	3
204162	Ezek.32.19	Ezek.32.29-Ezek.32.30	5
204166	Ezek.32.19	Ezek.32.21	3
204169	Ezek.32.20	Ezek.32.23-Ezek.32.26	3
204171	Ezek.32.20	Ezek.32.29-Ezek.32.30	2
204177	Ezek.32.21	Ezek.32.27	4
204180	Ezek.32.21	Ezek.32.24-Ezek.32.25	3
204181	Ezek.32.21	Ezek.32.19	3
204188	Ezek.32.22	Ezek.32.29-Ezek.32.30	3
204190	Ezek.32.22	Ezek.32.24	3
204192	Ezek.32.22	Ezek.32.26	4
204199	Ezek.32.23	Ezek.32.24-Ezek.32.27	3
204200	Ezek.32.23	Ezek.32.32	2
204212	Ezek.32.24	Ezek.32.21	2
204217	Ezek.32.24	Ezek.32.30	4
204219	Ezek.32.24	Ezek.32.25	4
204224	Ezek.32.24	Ezek.32.18	4
204230	Ezek.32.25	Ezek.32.21	2
204233	Ezek.32.25	Ezek.32.19	2
204239	Ezek.32.26	Ezek.32.32	2
204244	Ezek.32.26	Ezek.32.23-Ezek.32.24	2
204246	Ezek.32.26	Ezek.32.19-Ezek.32.20	2
204248	Ezek.32.26	Ezek.32.27	2
204254	Ezek.32.27	Ezek.32.21	3
204275	Ezek.32.30	Ezek.32.24-Ezek.32.25	2
204290	Ezek.32.32	Ezek.32.27	3
204292	Ezek.33.2	Ezek.33.7	2
204297	Ezek.33.2	Ezek.33.17	4
204299	Ezek.33.2	Ezek.33.30	5
204313	Ezek.33.2	Ezek.33.12	2
204324	Ezek.33.3	Ezek.33.8-Ezek.33.9	2
204327	Ezek.33.4	Ezek.33.5	3
204328	Ezek.33.4	Ezek.33.9	5
204348	Ezek.33.6	Ezek.33.8-Ezek.33.9	6
204394	Ezek.33.8	Ezek.33.6	9
204397	Ezek.33.8	Ezek.33.14	5
204461	Ezek.33.12	Ezek.33.18-Ezek.33.19	9
204462	Ezek.33.12	Ezek.33.2	3
204476	Ezek.33.14	Ezek.33.8	4
204523	Ezek.33.17	Ezek.33.20	2
204526	Ezek.33.18	Ezek.33.12-Ezek.33.13	5
204531	Ezek.33.19	Ezek.33.14	2
204536	Ezek.33.20	Ezek.33.17	2
204564	Ezek.33.24	Ezek.33.27	6
204621	Ezek.33.27	Ezek.33.24	2
204712	Ezek.33.33	Ezek.33.29	2
204740	Ezek.34.2	Ezek.34.8-Ezek.34.10	14
204760	Ezek.34.4	Ezek.34.16	9
204777	Ezek.34.5	Ezek.34.8	4
204780	Ezek.34.5	Ezek.34.6	2
204786	Ezek.34.5	Ezek.34.28	2
204808	Ezek.34.7	Ezek.34.9	2
204812	Ezek.34.8	Ezek.34.10	2
204813	Ezek.34.8	Ezek.34.2-Ezek.34.3	2
204814	Ezek.34.8	Ezek.34.18	2
204817	Ezek.34.8	Ezek.34.5-Ezek.34.6	2
204819	Ezek.34.8	Ezek.34.31	2
204823	Ezek.34.10	Ezek.34.8	3
204826	Ezek.34.10	Ezek.34.22	2
204844	Ezek.34.10	Ezek.34.2	6
204902	Ezek.34.14	Ezek.34.27	3
204917	Ezek.34.15	Ezek.34.23	4
204930	Ezek.34.16	Ezek.34.11	13
204935	Ezek.34.16	Ezek.34.4	14
204944	Ezek.34.17	Ezek.34.20-Ezek.34.22	3
204951	Ezek.34.18	Ezek.34.2-Ezek.34.3	3
204959	Ezek.34.20	Ezek.34.10	3
204962	Ezek.34.20	Ezek.34.17	2
204968	Ezek.34.21	Ezek.34.3-Ezek.34.5	3
204971	Ezek.34.22	Ezek.34.10	4
205013	Ezek.34.24	Ezek.34.30-Ezek.34.31	2
205026	Ezek.34.25	Ezek.34.28	5
205054	Ezek.34.27	Ezek.34.10	2
205074	Ezek.34.28	Ezek.34.8	3
205075	Ezek.34.28	Ezek.34.25	2
205076	Ezek.34.28	Ezek.34.29	3
205087	Ezek.34.29	Ezek.34.26-Ezek.34.27	5
205099	Ezek.34.30	Ezek.34.24	6
205160	Ezek.35.3	Ezek.35.7	3
205165	Ezek.35.4	Ezek.35.9	6
205166	Ezek.35.4	Ezek.35.12	2
205172	Ezek.35.5	Ezek.35.12	2
205188	Ezek.35.7	Ezek.35.9	2
205189	Ezek.35.7	Ezek.35.3	3
205204	Ezek.35.9	Ezek.35.4	3
205232	Ezek.35.12	Ezek.35.9	2
205249	Ezek.35.13	Ezek.35.12	3
205264	Ezek.35.15	Ezek.35.9	2
205265	Ezek.35.15	Ezek.35.3-Ezek.35.4	4
205274	Ezek.36.1	Ezek.36.8	2
205278	Ezek.36.1	Ezek.36.4	2
205284	Ezek.36.2	Ezek.36.5	2
205314	Ezek.36.4	Ezek.36.33-Ezek.36.35	2
205319	Ezek.36.4	Ezek.36.6	3
205322	Ezek.36.4	Ezek.36.1	3
205341	Ezek.36.5	Ezek.36.3	4
205354	Ezek.36.6	Ezek.36.4-Ezek.36.5	2
205357	Ezek.36.6	Ezek.36.15	2
205383	Ezek.36.9	Ezek.36.34	4
205397	Ezek.36.10	Ezek.36.33	6
205402	Ezek.36.10	Ezek.36.37	3
205409	Ezek.36.11	Ezek.36.35	7
205434	Ezek.36.12	Ezek.36.13	2
205443	Ezek.36.15	Ezek.36.6	3
205510	Ezek.36.22	Ezek.36.32	9
205562	Ezek.36.25	Ezek.36.17	10
205572	Ezek.36.25	Ezek.36.29	9
205626	Ezek.36.28	Ezek.36.10	2
205650	Ezek.36.29	Ezek.36.25	2
205659	Ezek.36.29	Ezek.36.8-Ezek.36.9	2
205682	Ezek.36.32	Ezek.36.22	5
205690	Ezek.36.33	Ezek.36.10	5
205750	Ezek.36.38	Ezek.36.33-Ezek.36.35	2
205768	Ezek.37.2	Ezek.37.11	5
205787	Ezek.37.4	Ezek.37.11	22
205788	Ezek.37.4	Ezek.37.15-Ezek.37.16	10
205793	Ezek.37.5	Ezek.37.9-Ezek.37.10	10
205799	Ezek.37.5	Ezek.37.14	12
205818	Ezek.37.6	Ezek.37.14	5
205831	Ezek.37.9	Ezek.37.14	6
205832	Ezek.37.9	Ezek.37.5	6
205853	Ezek.37.11	Ezek.37.19	2
205854	Ezek.37.11	Ezek.37.16	2
205863	Ezek.37.12	Ezek.37.21	4
205867	Ezek.37.12	Ezek.37.25	5
205873	Ezek.37.13	Ezek.37.6	11
205888	Ezek.37.14	Ezek.37.9	8
205897	Ezek.37.17	Ezek.37.22-Ezek.37.24	3
205907	Ezek.37.19	Ezek.37.16-Ezek.37.17	2
205946	Ezek.37.22	Ezek.37.24	6
205981	Ezek.37.23	Ezek.37.27	4
205988	Ezek.37.24	Ezek.37.22	1
205998	Ezek.37.24	Ezek.37.25	6
206016	Ezek.37.25	Ezek.37.21	2
206023	Ezek.37.25	Ezek.37.24	5
206034	Ezek.37.25	Ezek.37.26	2
206075	Ezek.37.27	Ezek.37.23	8
206107	Ezek.38.2	Ezek.38.3	5
206120	Ezek.38.4	Ezek.38.15	4
206142	Ezek.38.8	Ezek.38.11-Ezek.38.12	4
206165	Ezek.38.8	Ezek.38.16	5
206178	Ezek.38.9	Ezek.38.16	3
206199	Ezek.38.11	Ezek.38.8	2
206213	Ezek.38.12	Ezek.38.8	3
206239	Ezek.38.14	Ezek.38.8	5
206240	Ezek.38.14	Ezek.38.11	4
206244	Ezek.38.15	Ezek.38.4	2
206246	Ezek.38.15	Ezek.38.6	5
206259	Ezek.38.16	Ezek.38.8-Ezek.38.9	3
206272	Ezek.38.16	Ezek.38.23	5
206277	Ezek.38.17	Ezek.38.10-Ezek.38.11	4
206278	Ezek.38.17	Ezek.38.16	5
206342	Ezek.38.23	Ezek.38.16	7
206362	Ezek.39.4	Ezek.39.17-Ezek.39.20	4
206393	Ezek.39.7	Ezek.39.22	3
206413	Ezek.39.9	Ezek.39.10	2
206433	Ezek.39.12	Ezek.39.16	3
206434	Ezek.39.12	Ezek.39.14	4
206441	Ezek.39.13	Ezek.39.21-Ezek.39.22	2
206444	Ezek.39.14	Ezek.39.12	2
206452	Ezek.39.17	Ezek.39.4	7
206484	Ezek.39.21	Ezek.39.13	2
206491	Ezek.39.22	Ezek.39.7	3
206499	Ezek.39.22	Ezek.39.28	3
206517	Ezek.39.23	Ezek.39.29	4
206575	Ezek.39.27	Ezek.39.13	2
206580	Ezek.39.27	Ezek.39.25	3
206588	Ezek.39.28	Ezek.39.22	5
206591	Ezek.39.29	Ezek.39.23-Ezek.39.25	4
206666	Ezek.40.6	Ezek.40.20	3
206669	Ezek.40.6	Ezek.40.26	2
206674	Ezek.40.6	Ezek.40.5	2
206683	Ezek.40.6	Ezek.40.7	2
206688	Ezek.40.7	Ezek.40.29	2
206692	Ezek.40.7	Ezek.40.36	3
206693	Ezek.40.7	Ezek.40.33	2
206707	Ezek.40.16	Ezek.40.21-Ezek.40.22	3
206710	Ezek.40.16	Ezek.40.12	2
206714	Ezek.40.16	Ezek.40.7	2
206719	Ezek.40.16	Ezek.40.25	2
206721	Ezek.40.16	Ezek.40.30	2
206729	Ezek.40.17	Ezek.40.38	2
206736	Ezek.40.19	Ezek.40.23	5
206738	Ezek.40.19	Ezek.40.27	5
206739	Ezek.40.20	Ezek.40.6	2
206740	Ezek.40.21	Ezek.40.25-Ezek.40.26	2
206741	Ezek.40.21	Ezek.40.34	2
206743	Ezek.40.21	Ezek.40.36-Ezek.40.37	2
206744	Ezek.40.21	Ezek.40.7-Ezek.40.8	2
206745	Ezek.40.21	Ezek.40.29-Ezek.40.30	4
206746	Ezek.40.22	Ezek.40.16	4
206748	Ezek.40.22	Ezek.40.31	5
206750	Ezek.40.22	Ezek.40.49	4
206751	Ezek.40.22	Ezek.40.6	4
206756	Ezek.40.22	Ezek.40.37	5
206757	Ezek.40.22	Ezek.40.34	3
206759	Ezek.40.22	Ezek.40.26	3
206760	Ezek.40.23	Ezek.40.27-Ezek.40.28	3
206762	Ezek.40.23	Ezek.40.44	2
206763	Ezek.40.23	Ezek.40.19	4
206766	Ezek.40.24	Ezek.40.6	3
206767	Ezek.40.24	Ezek.40.28-Ezek.40.29	2
206768	Ezek.40.24	Ezek.40.20-Ezek.40.21	3
206769	Ezek.40.24	Ezek.40.33	2
206770	Ezek.40.24	Ezek.40.35-Ezek.40.36	2
206771	Ezek.40.25	Ezek.40.33	4
206772	Ezek.40.25	Ezek.40.16	3
206775	Ezek.40.25	Ezek.40.21-Ezek.40.22	3
206777	Ezek.40.25	Ezek.40.29	3
206778	Ezek.40.26	Ezek.40.16	4
206779	Ezek.40.26	Ezek.40.22	6
206783	Ezek.40.26	Ezek.40.6	3
206784	Ezek.40.26	Ezek.40.29	2
206785	Ezek.40.27	Ezek.40.19	3
206786	Ezek.40.27	Ezek.40.32	4
206787	Ezek.40.27	Ezek.40.23	6
206788	Ezek.40.27	Ezek.40.47	2
206789	Ezek.40.28	Ezek.40.35	4
206790	Ezek.40.28	Ezek.40.32	3
206791	Ezek.40.29	Ezek.40.16	4
206796	Ezek.40.29	Ezek.40.10	3
206797	Ezek.40.29	Ezek.40.7	4
206798	Ezek.40.29	Ezek.40.21-Ezek.40.22	2
206800	Ezek.40.29	Ezek.40.25	5
206802	Ezek.40.29	Ezek.40.12	2
206803	Ezek.40.30	Ezek.40.29	2
206804	Ezek.40.30	Ezek.40.25	2
206805	Ezek.40.30	Ezek.40.21	4
206806	Ezek.40.30	Ezek.40.36	2
206807	Ezek.40.30	Ezek.40.33	2
206808	Ezek.40.31	Ezek.40.26	6
206809	Ezek.40.31	Ezek.40.34	5
206810	Ezek.40.31	Ezek.40.37	3
206811	Ezek.40.31	Ezek.40.22	5
206812	Ezek.40.32	Ezek.40.28-Ezek.40.31	3
206813	Ezek.40.32	Ezek.40.35	3
206814	Ezek.40.33	Ezek.40.21	3
206815	Ezek.40.33	Ezek.40.36	2
206816	Ezek.40.33	Ezek.40.25	2
206817	Ezek.40.34	Ezek.40.26	2
206818	Ezek.40.34	Ezek.40.6	2
206819	Ezek.40.34	Ezek.40.49	2
206820	Ezek.40.34	Ezek.40.31	3
206821	Ezek.40.34	Ezek.40.37	3
206822	Ezek.40.34	Ezek.40.16	2
206823	Ezek.40.34	Ezek.40.22	4
206824	Ezek.40.35	Ezek.40.32	4
206827	Ezek.40.35	Ezek.40.27	3
206828	Ezek.40.36	Ezek.40.16	2
206829	Ezek.40.36	Ezek.40.21	3
206830	Ezek.40.36	Ezek.40.7	2
206831	Ezek.40.36	Ezek.40.29	3
206832	Ezek.40.37	Ezek.40.31	2
206833	Ezek.40.37	Ezek.40.34	3
206835	Ezek.40.38	Ezek.40.12	2
206840	Ezek.40.38	Ezek.40.17	2
206852	Ezek.40.39	Ezek.40.42	2
206861	Ezek.40.41	Ezek.40.39-Ezek.40.40	2
206862	Ezek.40.42	Ezek.40.39	4
206869	Ezek.40.44	Ezek.40.17	2
206871	Ezek.40.44	Ezek.40.7	2
206872	Ezek.40.44	Ezek.40.10	2
206873	Ezek.40.44	Ezek.40.23	3
206875	Ezek.40.44	Ezek.40.29	2
206876	Ezek.40.44	Ezek.40.27	3
206878	Ezek.40.44	Ezek.40.38	2
206904	Ezek.40.47	Ezek.40.27	3
206905	Ezek.40.47	Ezek.40.23	3
206906	Ezek.40.47	Ezek.40.19	3
206913	Ezek.40.49	Ezek.40.34	3
206914	Ezek.40.49	Ezek.40.31	3
206916	Ezek.40.49	Ezek.40.37	3
206917	Ezek.41.1	Ezek.41.23	3
206923	Ezek.41.1	Ezek.41.3	2
206927	Ezek.41.1	Ezek.41.21	2
206950	Ezek.41.5	Ezek.41.6-Ezek.41.9	2
206963	Ezek.41.9	Ezek.41.11	4
206965	Ezek.41.11	Ezek.41.9	5
206970	Ezek.41.12	Ezek.41.13-Ezek.41.15	4
206976	Ezek.41.15	Ezek.41.12	2
206979	Ezek.41.15	Ezek.41.17	2
206989	Ezek.41.16	Ezek.41.25-Ezek.41.26	2
207003	Ezek.41.18	Ezek.41.25	2
207004	Ezek.41.18	Ezek.41.20	2
207010	Ezek.41.20	Ezek.41.18	2
207013	Ezek.41.21	Ezek.41.1	4
207032	Ezek.41.23	Ezek.41.1	2
207037	Ezek.41.25	Ezek.41.18	3
207038	Ezek.41.26	Ezek.41.5	2
207040	Ezek.41.26	Ezek.41.16	5
207044	Ezek.42.1	Ezek.42.13	3
207048	Ezek.42.1	Ezek.42.10	2
207049	Ezek.42.1	Ezek.42.4	3
207055	Ezek.42.3	Ezek.42.5	2
207066	Ezek.42.7	Ezek.42.12	2
207067	Ezek.42.7	Ezek.42.10	2
207073	Ezek.42.10	Ezek.42.13	3
207074	Ezek.42.10	Ezek.42.7	2
207075	Ezek.42.10	Ezek.42.1	5
207076	Ezek.42.11	Ezek.42.4	2
207085	Ezek.42.13	Ezek.42.10	2
207139	Ezek.43.1	Ezek.43.4	2
207172	Ezek.43.4	Ezek.43.2	2
207213	Ezek.43.7	Ezek.43.9	7
207238	Ezek.43.9	Ezek.43.7	6
207253	Ezek.43.10	Ezek.43.11	3
207324	Ezek.43.20	Ezek.43.15-Ezek.43.17	2
207325	Ezek.43.20	Ezek.43.22	3
207329	Ezek.43.20	Ezek.43.26	3
207340	Ezek.43.22	Ezek.43.20	3
207341	Ezek.43.22	Ezek.43.25-Ezek.43.26	3
207438	Ezek.44.7	Ezek.44.9	4
207469	Ezek.44.8	Ezek.44.16	2
207472	Ezek.44.8	Ezek.44.14	2
207479	Ezek.44.9	Ezek.44.7	4
207496	Ezek.44.10	Ezek.44.15	3
207507	Ezek.44.11	Ezek.44.14	3
207515	Ezek.44.12	Ezek.44.13	2
207516	Ezek.44.12	Ezek.44.10	3
207537	Ezek.44.15	Ezek.44.7	4
207539	Ezek.44.15	Ezek.44.10	2
207630	Ezek.44.27	Ezek.44.17	2
207689	Ezek.45.4	Ezek.45.1	2
207821	Ezek.45.20	Ezek.45.15	3
207823	Ezek.45.20	Ezek.45.18	3
207853	Ezek.46.1	Ezek.46.6	2
207867	Ezek.46.2	Ezek.46.8	4
207875	Ezek.46.2	Ezek.46.12	2
207881	Ezek.46.5	Ezek.46.11-Ezek.46.12	2
207884	Ezek.46.5	Ezek.46.7	4
207888	Ezek.46.6	Ezek.46.1	2
207889	Ezek.46.7	Ezek.46.5	3
207890	Ezek.46.8	Ezek.46.2	5
207920	Ezek.46.11	Ezek.46.5	5
207924	Ezek.46.11	Ezek.46.7	4
207926	Ezek.46.12	Ezek.46.8	3
207936	Ezek.46.12	Ezek.46.1-Ezek.46.2	4
208001	Ezek.46.24	Ezek.46.20	3
208015	Ezek.47.1	Ezek.47.12	9
208045	Ezek.47.7	Ezek.47.12	7
208098	Ezek.47.10	Ezek.47.15	3
208123	Ezek.47.12	Ezek.47.7	15
208154	Ezek.47.16	Ezek.47.17	2
208186	Ezek.47.22	Ezek.47.13-Ezek.47.14	3
208227	Ezek.48.8	Ezek.48.21	2
208234	Ezek.48.8	Ezek.48.35	2
208258	Ezek.48.14	Ezek.48.12	2
208281	Ezek.48.21	Ezek.48.10	2
208283	Ezek.48.21	Ezek.48.22	3
208287	Ezek.48.21	Ezek.48.8	2
208317	Ezek.48.30	Ezek.48.32-Ezek.48.35	2
208318	Ezek.48.30	Ezek.48.16	2
208382	Dan.1.4	Dan.1.17-Dan.1.20	4
208395	Dan.1.5	Dan.1.19	6
208401	Dan.1.5	Dan.1.8	3
208414	Dan.1.7	Dan.1.10-Dan.1.11	2
208417	Dan.1.7	Dan.1.3	3
208424	Dan.1.8	Dan.1.5	9
208459	Dan.1.12	Dan.1.16	4
208470	Dan.1.16	Dan.1.12	3
208502	Dan.1.18	Dan.1.5	2
208506	Dan.1.19	Dan.1.5	3
208541	Dan.2.1	Dan.2.3	2
208552	Dan.2.2	Dan.2.10	4
208554	Dan.2.3	Dan.2.1	2
208581	Dan.2.5	Dan.2.12	2
208589	Dan.2.6	Dan.2.48	4
208592	Dan.2.7	Dan.2.4	3
208593	Dan.2.7	Dan.2.9	2
208605	Dan.2.9	Dan.2.21	4
208612	Dan.2.10	Dan.2.27	2
208629	Dan.2.11	Dan.2.27-Dan.2.28	2
208639	Dan.2.12	Dan.2.5	2
208655	Dan.2.14	Dan.2.24	3
208660	Dan.2.16	Dan.2.9-Dan.2.11	2
208684	Dan.2.19	Dan.2.27-Dan.2.29	2
208688	Dan.2.19	Dan.2.22	3
208700	Dan.2.20	Dan.2.21-Dan.2.23	4
208727	Dan.2.21	Dan.2.9	6
208770	Dan.2.22	Dan.2.28-Dan.2.29	5
208778	Dan.2.22	Dan.2.11	6
208782	Dan.2.23	Dan.2.20-Dan.2.21	5
208797	Dan.2.23	Dan.2.18	9
208802	Dan.2.23	Dan.2.29-Dan.2.30	5
208812	Dan.2.24	Dan.2.12-Dan.2.14	3
208827	Dan.2.26	Dan.2.3-Dan.2.7	2
208830	Dan.2.27	Dan.2.2	3
208832	Dan.2.27	Dan.2.10-Dan.2.11	3
208835	Dan.2.28	Dan.2.22	8
208840	Dan.2.28	Dan.2.18	6
208841	Dan.2.28	Dan.2.47	5
208860	Dan.2.29	Dan.2.28	4
208861	Dan.2.29	Dan.2.47	3
208864	Dan.2.29	Dan.2.22	2
208869	Dan.2.30	Dan.2.49	2
208874	Dan.2.30	Dan.2.17-Dan.2.18	3
208886	Dan.2.32	Dan.2.37-Dan.2.39	2
208895	Dan.2.33	Dan.2.40-Dan.2.43	1
208902	Dan.2.34	Dan.2.44-Dan.2.45	11
208944	Dan.2.36	Dan.2.23-Dan.2.24	2
208972	Dan.2.39	Dan.2.32	4
208990	Dan.2.40	Dan.2.33	2
208992	Dan.2.41	Dan.2.33-Dan.2.35	2
209017	Dan.2.44	Dan.2.37	7
209018	Dan.2.44	Dan.2.34	4
209028	Dan.2.44	Dan.2.28	7
209034	Dan.2.45	Dan.2.24	2
209053	Dan.2.45	Dan.2.44	2
209055	Dan.2.45	Dan.2.34-Dan.2.35	2
209073	Dan.2.47	Dan.2.28	9
209081	Dan.2.47	Dan.2.22	10
209082	Dan.2.47	Dan.2.19	2
209085	Dan.2.47	Dan.2.37	3
209104	Dan.2.48	Dan.2.6	7
209107	Dan.2.49	Dan.2.17	2
209123	Dan.3.1	Dan.3.30	2
209145	Dan.3.2	Dan.3.27	4
209167	Dan.3.5	Dan.3.10	5
209168	Dan.3.5	Dan.3.15	6
209169	Dan.3.5	Dan.3.7	2
209177	Dan.3.6	Dan.3.11	4
209180	Dan.3.6	Dan.3.15	4
209182	Dan.3.6	Dan.3.21	2
209208	Dan.3.9	Dan.3.4-Dan.3.5	2
209213	Dan.3.10	Dan.3.15	2
209231	Dan.3.10	Dan.3.4-Dan.3.7	4
209253	Dan.3.13	Dan.3.19	5
209259	Dan.3.14	Dan.3.1	5
209265	Dan.3.15	Dan.3.5-Dan.3.6	4
209267	Dan.3.15	Dan.3.17	7
209269	Dan.3.15	Dan.3.28-Dan.3.29	3
209286	Dan.3.16	Dan.3.12	3
209313	Dan.3.18	Dan.3.28	6
209337	Dan.3.19	Dan.3.13	7
209354	Dan.3.20	Dan.3.15	3
209376	Dan.3.24	Dan.3.9-Dan.3.10	2
209380	Dan.3.24	Dan.3.17	2
209386	Dan.3.24	Dan.3.2-Dan.3.3	2
209389	Dan.3.25	Dan.3.18	7
209402	Dan.3.25	Dan.3.28	9
209410	Dan.3.26	Dan.3.17	6
209423	Dan.3.27	Dan.3.2-Dan.3.3	3
209430	Dan.3.27	Dan.3.21	2
209438	Dan.3.28	Dan.3.25	4
209473	Dan.3.28	Dan.3.15-Dan.3.18	1
209475	Dan.3.29	Dan.3.17	1
209476	Dan.3.29	Dan.3.15	1
209479	Dan.3.29	Dan.3.28	1
209483	Dan.3.30	Dan.3.12	2
209530	Dan.4.3	Dan.4.17	2
209534	Dan.4.3	Dan.4.34-Dan.4.35	4
209571	Dan.4.8	Dan.4.18	4
209578	Dan.4.8	Dan.4.9	3
209582	Dan.4.9	Dan.4.8	5
209584	Dan.4.9	Dan.4.5	3
209585	Dan.4.9	Dan.4.18	2
209599	Dan.4.10	Dan.4.5	5
209603	Dan.4.11	Dan.4.21-Dan.4.22	5
209617	Dan.4.13	Dan.4.10	2
209621	Dan.4.13	Dan.4.5	3
209629	Dan.4.13	Dan.4.23	3
209641	Dan.4.14	Dan.4.12	3
209642	Dan.4.14	Dan.4.23	4
209643	Dan.4.15	Dan.4.25-Dan.4.27	2
209648	Dan.4.16	Dan.4.31-Dan.4.33	2
209652	Dan.4.16	Dan.4.23	4
209655	Dan.4.16	Dan.4.25	3
209659	Dan.4.17	Dan.4.32-Dan.4.35	6
209666	Dan.4.17	Dan.4.8-Dan.4.9	2
209677	Dan.4.17	Dan.4.25	16
209678	Dan.4.17	Dan.4.13-Dan.4.14	4
209689	Dan.4.18	Dan.4.7-Dan.4.9	4
209697	Dan.4.19	Dan.4.4-Dan.4.5	3
209708	Dan.4.19	Dan.4.24	3
209712	Dan.4.19	Dan.4.8-Dan.4.9	2
209718	Dan.4.20	Dan.4.10-Dan.4.12	2
209732	Dan.4.23	Dan.4.13-Dan.4.16	2
209734	Dan.4.24	Dan.4.17	2
209746	Dan.4.25	Dan.4.17	11
209750	Dan.4.25	Dan.4.32-Dan.4.35	1
209755	Dan.4.26	Dan.4.23	2
209759	Dan.4.26	Dan.4.15	3
209831	Dan.4.31	Dan.4.24	3
209839	Dan.4.31	Dan.4.34	3
209841	Dan.4.32	Dan.4.25-Dan.4.26	2
209844	Dan.4.32	Dan.4.14-Dan.4.17	2
209857	Dan.4.33	Dan.4.32	3
209859	Dan.4.33	Dan.4.25	3
209864	Dan.4.34	Dan.4.16-Dan.4.17	3
209874	Dan.4.34	Dan.4.3	4
209876	Dan.4.34	Dan.4.32	6
209891	Dan.4.34	Dan.4.26	5
209937	Dan.4.36	Dan.4.34	5
209940	Dan.4.36	Dan.4.32	4
209944	Dan.4.36	Dan.4.15-Dan.4.16	4
209947	Dan.4.37	Dan.4.34	2
209963	Dan.4.37	Dan.4.30-Dan.4.31	1
209967	Dan.4.37	Dan.4.3	1
209984	Dan.5.2	Dan.5.11	2
209987	Dan.5.2	Dan.5.23	3
209991	Dan.5.2	Dan.5.13	2
209992	Dan.5.2	Dan.5.4	2
209993	Dan.5.2	Dan.5.18	2
210013	Dan.5.4	Dan.5.23	7
210019	Dan.5.5	Dan.5.8	4
210024	Dan.5.5	Dan.5.24-Dan.5.28	6
210025	Dan.5.5	Dan.5.15	4
210030	Dan.5.6	Dan.5.9-Dan.5.10	3
210054	Dan.5.7	Dan.5.29	7
210065	Dan.5.7	Dan.5.16	7
210067	Dan.5.8	Dan.5.15	2
210083	Dan.5.9	Dan.5.6	6
210094	Dan.5.11	Dan.5.14	4
210113	Dan.5.12	Dan.5.16	5
210115	Dan.5.12	Dan.5.14	8
210116	Dan.5.13	Dan.5.2	2
210121	Dan.5.13	Dan.5.11	5
210130	Dan.5.13	Dan.5.18	2
210132	Dan.5.14	Dan.5.11-Dan.5.12	2
210133	Dan.5.15	Dan.5.7-Dan.5.8	4
210137	Dan.5.16	Dan.5.29	4
210138	Dan.5.16	Dan.5.7	5
210147	Dan.5.17	Dan.5.29	2
210213	Dan.5.22	Dan.5.18	2
210254	Dan.5.23	Dan.5.2-Dan.5.4	3
210261	Dan.5.24	Dan.5.5	3
210284	Dan.5.28	Dan.5.31	5
210285	Dan.5.29	Dan.5.16	5
210286	Dan.5.29	Dan.5.7	5
210292	Dan.5.30	Dan.5.1-Dan.5.2	3
210355	Dan.6.6	Dan.6.21	3
210365	Dan.6.6	Dan.6.11	1
210382	Dan.6.7	Dan.6.2-Dan.6.3	2
210387	Dan.6.8	Dan.6.12	4
210392	Dan.6.8	Dan.6.15	5
210407	Dan.6.10	Dan.6.13	6
210447	Dan.6.11	Dan.6.6	1
210449	Dan.6.12	Dan.6.8	6
210467	Dan.6.15	Dan.6.12	5
210468	Dan.6.15	Dan.6.8	4
210477	Dan.6.16	Dan.6.7	3
210489	Dan.6.16	Dan.6.20	6
210531	Dan.6.20	Dan.6.16	6
210537	Dan.6.20	Dan.6.27	7
210545	Dan.6.21	Dan.6.6	3
210548	Dan.6.22	Dan.6.20	6
210568	Dan.6.22	Dan.6.23	7
210587	Dan.6.23	Dan.6.18	5
210592	Dan.6.23	Dan.6.14	2
210617	Dan.6.26	Dan.6.20	5
210677	Dan.7.1	Dan.7.13	3
210679	Dan.7.1	Dan.7.15	3
210698	Dan.7.1	Dan.7.7	2
210703	Dan.7.3	Dan.7.4-Dan.7.8	3
210706	Dan.7.3	Dan.7.17	4
210742	Dan.7.6	Dan.7.4	2
210751	Dan.7.7	Dan.7.23-Dan.7.24	7
210755	Dan.7.7	Dan.7.19-Dan.7.20	6
210756	Dan.7.7	Dan.7.2	2
210760	Dan.7.7	Dan.7.13	2
210785	Dan.7.9	Dan.7.13	11
210794	Dan.7.9	Dan.7.22	9
210802	Dan.7.10	Dan.7.26	6
210804	Dan.7.10	Dan.7.22	7
210823	Dan.7.11	Dan.7.25-Dan.7.26	1
210829	Dan.7.11	Dan.7.8	5
210835	Dan.7.13	Dan.7.9	8
210841	Dan.7.13	Dan.7.22	12
210871	Dan.7.14	Dan.7.27	22
210898	Dan.7.14	Dan.7.18	5
210901	Dan.7.15	Dan.7.28	3
210910	Dan.7.15	Dan.7.1	2
210918	Dan.7.16	Dan.7.10	3
210927	Dan.7.17	Dan.7.3-Dan.7.4	2
210938	Dan.7.18	Dan.7.27	10
210941	Dan.7.18	Dan.7.22	5
210947	Dan.7.19	Dan.7.7	6
210948	Dan.7.20	Dan.7.23	3
210950	Dan.7.20	Dan.7.8	3
210951	Dan.7.20	Dan.7.11	2
210971	Dan.7.22	Dan.7.18	5
210973	Dan.7.22	Dan.7.9-Dan.7.11	3
210978	Dan.7.23	Dan.7.7	6
210990	Dan.7.24	Dan.7.20	6
210991	Dan.7.24	Dan.7.7-Dan.7.8	2
210999	Dan.7.25	Dan.7.8	6
211007	Dan.7.25	Dan.7.20	8
211018	Dan.7.26	Dan.7.10-Dan.7.11	2
211019	Dan.7.26	Dan.7.22	2
211026	Dan.7.27	Dan.7.14	14
211029	Dan.7.27	Dan.7.18	12
211033	Dan.7.27	Dan.7.22	7
211051	Dan.7.28	Dan.7.15	3
211068	Dan.8.1	Dan.8.15	2
211075	Dan.8.2	Dan.8.3	3
211101	Dan.8.3	Dan.8.20	4
211122	Dan.8.4	Dan.8.7	3
211128	Dan.8.5	Dan.8.8	3
211132	Dan.8.5	Dan.8.21	7
211141	Dan.8.8	Dan.8.22	3
211145	Dan.8.8	Dan.8.5	3
211155	Dan.8.9	Dan.8.23-Dan.8.24	2
211170	Dan.8.10	Dan.8.7	4
211173	Dan.8.10	Dan.8.24-Dan.8.25	2
211175	Dan.8.11	Dan.8.25	4
211188	Dan.8.11	Dan.8.12	2
211200	Dan.8.12	Dan.8.4	2
211227	Dan.8.13	Dan.8.11-Dan.8.12	2
211251	Dan.8.14	Dan.8.26	6
211277	Dan.8.16	Dan.8.2	4
211294	Dan.8.17	Dan.8.19	6
211306	Dan.8.17	Dan.8.15	2
211313	Dan.8.18	Dan.8.17	2
211321	Dan.8.18	Dan.8.27	2
211325	Dan.8.19	Dan.8.23	2
211335	Dan.8.19	Dan.8.15-Dan.8.17	4
211336	Dan.8.20	Dan.8.3	3
211339	Dan.8.21	Dan.8.5-Dan.8.8	2
211341	Dan.8.22	Dan.8.8	2
211343	Dan.8.22	Dan.8.3	2
211344	Dan.8.23	Dan.8.25	3
211355	Dan.8.23	Dan.8.9-Dan.8.12	7
211366	Dan.8.24	Dan.8.10	2
211372	Dan.8.24	Dan.8.12	6
211380	Dan.8.25	Dan.8.11	6
211391	Dan.8.25	Dan.8.23-Dan.8.24	2
211401	Dan.8.26	Dan.8.11-Dan.8.15	4
211406	Dan.8.27	Dan.8.7	2
211408	Dan.8.27	Dan.8.2	2
211499	Dan.9.5	Dan.9.11	7
211502	Dan.9.5	Dan.9.15	6
211524	Dan.9.6	Dan.9.10	6
211553	Dan.9.7	Dan.9.8	4
211554	Dan.9.7	Dan.9.14	4
211562	Dan.9.8	Dan.9.6-Dan.9.7	8
211571	Dan.9.9	Dan.9.7	15
211581	Dan.9.9	Dan.9.5	13
211595	Dan.9.10	Dan.9.6	10
211637	Dan.9.13	Dan.9.11	5
211663	Dan.9.14	Dan.9.7	6
211683	Dan.9.15	Dan.9.5	4
211695	Dan.9.16	Dan.9.20	4
211722	Dan.9.17	Dan.9.19	2
211745	Dan.9.19	Dan.9.18	5
211778	Dan.9.20	Dan.9.3-Dan.9.4	9
211790	Dan.9.20	Dan.9.16	3
211817	Dan.9.22	Dan.9.24-Dan.9.27	5
211884	Dan.9.25	Dan.9.23	4
211900	Dan.9.26	Dan.9.27	3
211995	Dan.10.1	Dan.10.14	3
212072	Dan.10.10	Dan.10.18	4
212075	Dan.10.10	Dan.10.16	4
212080	Dan.10.11	Dan.10.3	2
212081	Dan.10.11	Dan.10.19	3
212109	Dan.10.12	Dan.10.19	14
212114	Dan.10.12	Dan.10.11	5
212115	Dan.10.12	Dan.10.2-Dan.10.3	7
212122	Dan.10.13	Dan.10.20-Dan.10.21	11
212140	Dan.10.14	Dan.10.1	2
212147	Dan.10.15	Dan.10.9	4
212159	Dan.10.16	Dan.10.8-Dan.10.10	2
212172	Dan.10.16	Dan.10.17-Dan.10.18	2
212175	Dan.10.16	Dan.10.5-Dan.10.6	2
212185	Dan.10.18	Dan.10.16	5
212188	Dan.10.18	Dan.10.10	2
212221	Dan.10.19	Dan.10.18	3
212224	Dan.10.19	Dan.10.11-Dan.10.12	10
212234	Dan.10.20	Dan.10.13	2
212243	Dan.10.21	Dan.10.13	10
212256	Dan.11.2	Dan.11.25	3
212268	Dan.11.3	Dan.11.16	6
212272	Dan.11.3	Dan.11.36	6
212294	Dan.11.5	Dan.11.3-Dan.11.4	2
212295	Dan.11.5	Dan.11.8-Dan.11.9	2
212296	Dan.11.5	Dan.11.40	2
212297	Dan.11.5	Dan.11.25	3
212298	Dan.11.5	Dan.11.11	3
212299	Dan.11.5	Dan.11.14	3
212303	Dan.11.6	Dan.11.40	3
212305	Dan.11.6	Dan.11.7	3
212306	Dan.11.6	Dan.11.15	3
212307	Dan.11.6	Dan.11.13	5
212310	Dan.11.7	Dan.11.19-Dan.11.20	2
212312	Dan.11.7	Dan.11.38-Dan.11.39	2
212337	Dan.11.10	Dan.11.26	3
212339	Dan.11.10	Dan.11.39-Dan.11.40	2
212343	Dan.11.10	Dan.11.7	3
212344	Dan.11.10	Dan.11.22	2
212348	Dan.11.11	Dan.11.44	2
212349	Dan.11.11	Dan.11.9-Dan.11.10	2
212351	Dan.11.11	Dan.11.5	3
212374	Dan.11.13	Dan.11.6-Dan.11.7	2
212387	Dan.11.15	Dan.11.6	2
212388	Dan.11.16	Dan.11.41	4
212389	Dan.11.16	Dan.11.36	4
212395	Dan.11.16	Dan.11.3	4
212397	Dan.11.16	Dan.11.45	2
212411	Dan.11.17	Dan.11.19	2
212426	Dan.11.20	Dan.11.21	2
212428	Dan.11.20	Dan.11.7	2
212434	Dan.11.21	Dan.11.20	2
212435	Dan.11.21	Dan.11.34	4
212441	Dan.11.21	Dan.11.32	2
212444	Dan.11.21	Dan.11.7	2
212455	Dan.11.22	Dan.11.10	4
212474	Dan.11.25	Dan.11.10	1
212475	Dan.11.25	Dan.11.2	2
212481	Dan.11.26	Dan.11.40	2
212483	Dan.11.26	Dan.11.22	2
212484	Dan.11.26	Dan.11.10	4
212494	Dan.11.27	Dan.11.29	2
212496	Dan.11.27	Dan.11.35	4
212497	Dan.11.27	Dan.11.40	3
212510	Dan.11.28	Dan.11.30-Dan.11.32	2
212513	Dan.11.28	Dan.11.22	2
212516	Dan.11.29	Dan.11.25	2
212517	Dan.11.29	Dan.11.23	2
212528	Dan.11.30	Dan.11.28	4
212629	Dan.11.35	Dan.11.40	4
212636	Dan.11.35	Dan.11.33	3
212637	Dan.11.35	Dan.11.27	3
212641	Dan.11.35	Dan.11.29	3
212653	Dan.11.36	Dan.11.3	2
212662	Dan.11.36	Dan.11.16	5
212702	Dan.11.40	Dan.11.5-Dan.11.6	2
212706	Dan.11.40	Dan.11.22	2
212708	Dan.11.40	Dan.11.10	4
212710	Dan.11.40	Dan.11.26-Dan.11.27	2
212714	Dan.11.40	Dan.11.35	4
212716	Dan.11.41	Dan.11.45	4
212717	Dan.11.41	Dan.11.16	4
212735	Dan.11.44	Dan.11.11	2
212736	Dan.11.44	Dan.11.30	2
212745	Dan.11.45	Dan.11.41	2
212754	Dan.11.45	Dan.11.16	2
212847	Dan.12.4	Dan.12.9	20
212848	Dan.12.4	Dan.12.13	10
212879	Dan.12.7	Dan.12.6	2
212888	Dan.12.7	Dan.12.11-Dan.12.12	1
212896	Dan.12.8	Dan.12.6	2
212904	Dan.12.9	Dan.12.4	10
212928	Dan.12.10	Dan.12.3	4
212958	Dan.12.13	Dan.12.3	4
213022	Hos.1.4	Hos.1.9	2
213032	Hos.1.4	Hos.1.6	2
213078	Hos.1.10	Hos.1.9	15
213109	Hos.2.1	Hos.2.23	3
213126	Hos.2.2	Hos.2.5	3
213137	Hos.2.3	Hos.2.10	1
213184	Hos.2.5	Hos.2.2	2
213192	Hos.2.5	Hos.2.8	4
213197	Hos.2.5	Hos.2.12-Hos.2.13	3
213254	Hos.2.8	Hos.2.5	2
213263	Hos.2.9	Hos.2.3	3
213276	Hos.2.10	Hos.2.3	2
213309	Hos.2.12	Hos.2.5	3
213314	Hos.2.13	Hos.2.7	2
213337	Hos.2.13	Hos.2.5	2
213366	Hos.2.14	Hos.2.3	1
213396	Hos.2.15	Hos.2.12	2
213410	Hos.2.16	Hos.2.7	5
213479	Hos.2.20	Hos.2.19	5
213705	Hos.4.4	Hos.4.17	3
213756	Hos.4.6	Hos.4.1	39
213769	Hos.4.6	Hos.4.12	9
213778	Hos.4.7	Hos.4.10	4
213812	Hos.4.10	Hos.4.14	2
213825	Hos.4.11	Hos.4.12	2
213867	Hos.4.14	Hos.4.1	3
213883	Hos.4.14	Hos.4.5-Hos.4.6	2
213884	Hos.4.14	Hos.4.17	2
213886	Hos.4.15	Hos.4.12	2
213926	Hos.4.17	Hos.4.4	3
213931	Hos.4.18	Hos.4.10	2
213940	Hos.4.18	Hos.4.2	2
213995	Hos.5.3	Hos.5.13	2
213997	Hos.5.3	Hos.5.9	2
214009	Hos.5.3	Hos.5.11	2
214052	Hos.5.5	Hos.5.14	2
214106	Hos.5.9	Hos.5.12	2
214116	Hos.5.9	Hos.5.14	2
214200	Hos.5.15	Hos.5.6	2
214421	Hos.7.1	Hos.7.13	8
214455	Hos.7.3	Hos.7.5	2
214468	Hos.7.4	Hos.7.6-Hos.7.7	2
214496	Hos.7.6	Hos.7.4	2
214497	Hos.7.6	Hos.7.7	2
214516	Hos.7.7	Hos.7.10	3
214519	Hos.7.7	Hos.7.14	2
214552	Hos.7.10	Hos.7.7	2
214596	Hos.7.13	Hos.7.3	2
214610	Hos.7.13	Hos.7.1	2
214664	Hos.7.16	Hos.7.13	2
214751	Hos.8.5	Hos.8.6	2
214941	Hos.9.3	Hos.9.6	3
214995	Hos.9.6	Hos.9.3	3
215025	Hos.9.7	Hos.9.8	1
215099	Hos.9.11	Hos.9.14	3
215117	Hos.9.12	Hos.9.5-Hos.9.6	2
215120	Hos.9.12	Hos.9.13	2
215122	Hos.9.12	Hos.9.16	3
215134	Hos.9.13	Hos.9.16	2
215141	Hos.9.14	Hos.9.16	2
215142	Hos.9.14	Hos.9.13	2
215147	Hos.9.14	Hos.9.11	2
215158	Hos.9.15	Hos.9.17	2
215176	Hos.9.15	Hos.9.3	2
215187	Hos.9.16	Hos.9.11-Hos.9.13	6
215237	Hos.10.2	Hos.10.5-Hos.10.8	2
215257	Hos.10.3	Hos.10.7	4
215258	Hos.10.3	Hos.10.15	5
215317	Hos.10.7	Hos.10.15	2
215321	Hos.10.7	Hos.10.3	4
215327	Hos.10.8	Hos.10.5	3
215329	Hos.10.8	Hos.10.2	3
215441	Hos.10.15	Hos.10.5	4
215444	Hos.10.15	Hos.10.3	2
215445	Hos.10.15	Hos.10.7	3
215466	Hos.11.2	Hos.11.7	3
215561	Hos.11.7	Hos.11.2	3
215997	Hos.13.9	Hos.13.4	2
216005	Hos.13.10	Hos.13.4	3
216178	Hos.14.3	Hos.14.8	4
216270	Hos.14.7	Hos.14.5	2
216283	Hos.14.8	Hos.14.2-Hos.14.3	2
216344	Joel.1.2	Joel.1.14	2
216392	Joel.1.5	Joel.1.13	2
216402	Joel.1.5	Joel.1.11	2
216416	Joel.1.7	Joel.1.12	4
216422	Joel.1.8	Joel.1.13-Joel.1.15	2
216441	Joel.1.9	Joel.1.16	2
216442	Joel.1.9	Joel.1.13	4
216443	Joel.1.10	Joel.1.5	3
216448	Joel.1.10	Joel.1.17-Joel.1.20	2
216453	Joel.1.10	Joel.1.12	2
216462	Joel.1.12	Joel.1.16	4
216465	Joel.1.12	Joel.1.10	4
216490	Joel.1.13	Joel.1.8-Joel.1.9	7
216517	Joel.1.16	Joel.1.13	2
216523	Joel.1.16	Joel.1.5-Joel.1.9	2
216528	Joel.1.18	Joel.1.20	2
216580	Joel.2.1	Joel.2.15	15
216593	Joel.2.2	Joel.2.10-Joel.2.11	6
216597	Joel.2.2	Joel.2.5	5
216604	Joel.2.2	Joel.2.25	4
216610	Joel.2.2	Joel.2.31	3
216642	Joel.2.7	Joel.2.9	2
216660	Joel.2.10	Joel.2.31	1
216693	Joel.2.11	Joel.2.31	4
216696	Joel.2.11	Joel.2.25	2
216779	Joel.2.15	Joel.2.1	3
216855	Joel.2.19	Joel.2.24	5
216894	Joel.2.21	Joel.2.20	7
216932	Joel.2.23	Joel.2.28-Joel.2.29	9
216977	Joel.2.26	Joel.2.20-Joel.2.21	3
217021	Joel.2.27	Joel.2.26	6
217067	Joel.2.31	Joel.2.10	7
217142	Joel.3.2	Joel.3.12	3
217180	Joel.3.6	Joel.3.8	3
217181	Joel.3.6	Joel.3.3	4
217192	Joel.3.7	Joel.3.4	2
217232	Joel.3.11	Joel.3.2	2
217249	Joel.3.12	Joel.3.14	4
217252	Joel.3.12	Joel.3.2	7
217272	Joel.3.14	Joel.3.2	5
217325	Joel.3.17	Joel.3.21	3
217371	Joel.3.21	Joel.3.17	4
217415	Amos.1.3	Amos.1.6	5
217419	Amos.1.3	Amos.1.13	5
217422	Amos.1.3	Amos.1.9	6
217430	Amos.1.3	Amos.1.11	4
217437	Amos.1.4	Amos.1.7	2
217438	Amos.1.4	Amos.1.10	2
217444	Amos.1.4	Amos.1.14	2
217450	Amos.1.4	Amos.1.12	2
217465	Amos.1.6	Amos.1.9	6
217466	Amos.1.6	Amos.1.3	4
217477	Amos.1.6	Amos.1.11	8
217480	Amos.1.7	Amos.1.4	3
217502	Amos.1.9	Amos.1.6	2
217510	Amos.1.9	Amos.1.11	2
217517	Amos.1.10	Amos.1.7	3
217518	Amos.1.10	Amos.1.4	2
217558	Amos.1.13	Amos.1.3	2
217585	Amos.2.1	Amos.2.4	4
217596	Amos.2.1	Amos.2.6	3
217865	Amos.3.4	Amos.3.8	3
217899	Amos.3.8	Amos.3.4	6
217948	Amos.3.11	Amos.3.15	2
217949	Amos.3.11	Amos.3.10	2
217988	Amos.3.15	Amos.3.11	1
218097	Amos.4.6	Amos.4.8-Amos.4.9	2
218124	Amos.4.8	Amos.4.9-Amos.4.11	2
218131	Amos.4.8	Amos.4.6	4
218135	Amos.4.9	Amos.4.6	3
218139	Amos.4.9	Amos.4.8	2
218161	Amos.4.10	Amos.4.6	2
218191	Amos.4.11	Amos.4.6	4
218208	Amos.4.12	Amos.4.2-Amos.4.3	4
218250	Amos.5.1	Amos.5.16	2
218311	Amos.5.4	Amos.5.6	6
218340	Amos.5.6	Amos.5.4	3
218348	Amos.5.6	Amos.5.14	3
218364	Amos.5.7	Amos.5.11-Amos.5.12	3
218445	Amos.5.12	Amos.5.10	5
218498	Amos.5.15	Amos.5.10	2
218508	Amos.5.15	Amos.5.24	3
218520	Amos.5.15	Amos.5.6	2
218526	Amos.5.16	Amos.5.27	2
218607	Amos.5.24	Amos.5.14-Amos.5.15	18
218609	Amos.5.24	Amos.5.7	17
218681	Amos.6.3	Amos.6.12	2
218778	Amos.6.11	Amos.6.8	3
218851	Amos.7.1	Amos.7.7	2
218852	Amos.7.1	Amos.7.4	2
218867	Amos.7.2	Amos.7.5	2
218878	Amos.7.3	Amos.7.6	3
218884	Amos.7.4	Amos.7.7	2
218891	Amos.7.4	Amos.7.1	3
218899	Amos.7.5	Amos.7.2-Amos.7.3	2
218911	Amos.7.6	Amos.7.3	2
218965	Amos.7.11	Amos.7.9	2
219011	Amos.7.16	Amos.7.13	3
219024	Amos.7.17	Amos.7.11	3
219077	Amos.8.3	Amos.8.10	2
219118	Amos.8.6	Amos.8.4	2
219148	Amos.8.8	Amos.8.10	3
219172	Amos.8.10	Amos.8.3	2
219338	Amos.9.8	Amos.9.4	4
219428	Amos.9.13	Amos.9.5	2
219548	Obad.1.9	Obad.1.21	2
219623	Obad.1.14	Obad.1.12	2
219679	Obad.1.18	Obad.1.9-Obad.1.10	1
219680	Obad.1.18	Obad.1.16	2
219819	Jonah.1.5	Jonah.1.16	2
219822	Jonah.1.5	Jonah.1.14	2
219824	Jonah.1.5	Jonah.1.6	3
219907	Jonah.1.10	Jonah.1.3	5
219928	Jonah.1.14	Jonah.1.5	3
219932	Jonah.1.14	Jonah.1.16	3
219954	Jonah.1.16	Jonah.1.10	4
220045	Jonah.2.7	Jonah.2.4	2
220103	Jonah.3.2	Jonah.3.3	3
220118	Jonah.3.4	Jonah.3.10	3
220156	Jonah.3.7	Jonah.3.5	5
220194	Jonah.4.1	Jonah.4.9	6
220198	Jonah.4.1	Jonah.4.4	4
220221	Jonah.4.3	Jonah.4.8	6
220232	Jonah.4.4	Jonah.4.9	6
220260	Jonah.4.8	Jonah.4.3	5
220261	Jonah.4.8	Jonah.4.6-Jonah.4.7	2
220297	Mic.1.1	Mic.1.14-Mic.1.15	2
220309	Mic.1.1	Mic.1.5	2
220430	Mic.1.9	Mic.1.12	3
220440	Mic.1.11	Mic.1.8	2
220453	Mic.1.12	Mic.1.9	4
220462	Mic.1.13	Mic.1.5	2
220561	Mic.2.3	Mic.2.1	4
220596	Mic.2.4	Mic.2.10	2
220674	Mic.2.9	Mic.2.2	2
220791	Mic.3.1	Mic.3.9-Mic.3.10	2
220846	Mic.3.5	Mic.3.11	4
220913	Mic.3.9	Mic.3.1	2
220929	Mic.3.11	Mic.3.5	9
221404	Mic.5.7	Mic.5.3	6
221421	Mic.5.7	Mic.5.8	1
221492	Mic.5.15	Mic.5.8	3
221530	Mic.6.3	Mic.6.5	3
221952	Mic.7.8	Mic.7.10	7
222200	Mic.7.18	Mic.7.14	6
222359	Nah.1.6	Nah.1.2	3
222434	Nah.1.8	Nah.1.1	3
222446	Nah.1.9	Nah.1.11	13
222463	Nah.1.11	Nah.1.9	7
222488	Nah.1.12	Nah.1.15	3
222525	Nah.1.15	Nah.1.14	2
222527	Nah.1.15	Nah.1.11-Nah.1.12	4
222591	Nah.2.9	Nah.2.12-Nah.2.13	2
222784	Nah.3.15	Nah.3.13	3
222891	Hab.1.9	Hab.1.6	2
222966	Hab.1.13	Hab.1.3-Hab.1.4	6
223002	Hab.1.16	Hab.1.11	4
223011	Hab.1.17	Hab.1.9-Hab.1.10	2
223093	Hab.2.5	Hab.2.8-Hab.2.10	2
223100	Hab.2.5	Hab.2.4	2
223134	Hab.2.6	Hab.2.13	2
223176	Hab.2.8	Hab.2.10	2
223178	Hab.2.8	Hab.2.17	4
223213	Hab.2.10	Hab.2.16	2
223289	Hab.2.17	Hab.2.8	7
223392	Hab.3.2	Hab.3.16	11
223453	Hab.3.6	Hab.3.10	4
223490	Hab.3.8	Hab.3.15	4
223535	Hab.3.10	Hab.3.6	2
223602	Hab.3.15	Hab.3.8	4
223610	Hab.3.16	Hab.3.2	7
223758	Zeph.1.7	Zeph.1.14	8
223810	Zeph.1.10	Zeph.1.7	2
223811	Zeph.1.10	Zeph.1.15	2
223867	Zeph.1.13	Zeph.1.9	2
223877	Zeph.1.14	Zeph.1.7	8
223878	Zeph.1.14	Zeph.1.10	3
223906	Zeph.1.15	Zeph.1.18	1
223960	Zeph.1.18	Zeph.1.11	5
223969	Zeph.1.18	Zeph.1.2-Zeph.1.3	6
223989	Zeph.1.18	Zeph.1.15	5
224089	Zeph.2.6	Zeph.2.14-Zeph.2.15	2
224108	Zeph.2.7	Zeph.2.9	3
224146	Zeph.2.9	Zeph.2.14	3
224148	Zeph.2.9	Zeph.2.7	3
224149	Zeph.2.10	Zeph.2.8	3
224216	Zeph.2.14	Zeph.2.6	1
224327	Zeph.3.5	Zeph.3.17	5
224342	Zeph.3.5	Zeph.3.15	6
224374	Zeph.3.7	Zeph.3.2	3
224458	Zeph.3.11	Zeph.3.19-Zeph.3.20	2
224557	Zeph.3.15	Zeph.3.5	8
224576	Zeph.3.15	Zeph.3.17	4
224617	Zeph.3.17	Zeph.3.5	28
224622	Zeph.3.17	Zeph.3.15	50
224637	Zeph.3.18	Zeph.3.20	3
224671	Zeph.3.19	Zeph.3.15	107
224688	Zeph.3.20	Zeph.3.19	6
224706	Hag.1.1	Hag.1.12	4
224716	Hag.1.1	Hag.1.14	3
224753	Hag.1.4	Hag.1.9	6
224760	Hag.1.5	Hag.1.7	6
224777	Hag.1.6	Hag.1.9	20
224794	Hag.1.7	Hag.1.5	8
224809	Hag.1.8	Hag.1.2-Hag.1.4	3
224820	Hag.1.9	Hag.1.6	3
224828	Hag.1.9	Hag.1.4	6
224847	Hag.1.12	Hag.1.14	5
224859	Hag.1.12	Hag.1.1	3
224893	Hag.1.14	Hag.1.1	5
224897	Hag.1.14	Hag.1.12	3
224910	Hag.1.15	Hag.1.1	4
224912	Hag.2.1	Hag.2.10	1
224915	Hag.2.1	Hag.2.20	2
224921	Hag.2.3	Hag.2.9	2
224965	Hag.2.6	Hag.2.21-Hag.2.22	5
225032	Hag.2.10	Hag.2.20	4
225058	Hag.2.15	Hag.2.18	4
225106	Hag.2.18	Hag.2.10	2
225107	Hag.2.18	Hag.2.15	4
225133	Hag.2.21	Hag.2.6-Hag.2.7	5
225179	Zech.1.1	Zech.1.7	3
225266	Zech.1.4	Zech.1.3	3
225317	Zech.1.7	Zech.1.1	2
225343	Zech.1.9	Zech.1.19	3
225354	Zech.1.10	Zech.1.8	3
225360	Zech.1.10	Zech.1.11	6
225365	Zech.1.11	Zech.1.10	4
225367	Zech.1.11	Zech.1.15	3
225371	Zech.1.11	Zech.1.8	3
225386	Zech.1.12	Zech.1.8	3
225392	Zech.1.12	Zech.1.10-Zech.1.11	2
225396	Zech.1.13	Zech.1.9	2
225404	Zech.1.13	Zech.1.14-Zech.1.16	2
225406	Zech.1.14	Zech.1.13	2
225411	Zech.1.14	Zech.1.17	3
225417	Zech.1.14	Zech.1.9	3
225424	Zech.1.15	Zech.1.2	3
225433	Zech.1.15	Zech.1.11	3
225514	Zech.1.19	Zech.1.9	3
225516	Zech.1.19	Zech.1.21	4
225535	Zech.1.21	Zech.1.19	5
225608	Zech.2.6	Zech.2.7	2
225642	Zech.2.8	Zech.2.9	4
225663	Zech.2.8	Zech.2.11	4
225665	Zech.2.8	Zech.2.4-Zech.2.5	4
225684	Zech.2.9	Zech.2.8	2
225730	Zech.2.11	Zech.2.9-Zech.2.10	5
225789	Zech.3.1	Zech.3.8	4
225848	Zech.3.4	Zech.3.7	5
225854	Zech.3.4	Zech.3.9	4
225858	Zech.3.4	Zech.3.1	3
225878	Zech.3.6	Zech.3.1	2
225952	Zech.3.9	Zech.3.4	2
225993	Zech.4.3	Zech.4.14	6
225994	Zech.4.3	Zech.4.11-Zech.4.12	4
226002	Zech.4.4	Zech.4.12-Zech.4.14	2
226009	Zech.4.5	Zech.4.13	4
226041	Zech.4.7	Zech.4.9	9
226102	Zech.4.11	Zech.4.3	8
226108	Zech.4.13	Zech.4.5	5
226142	Zech.5.1	Zech.5.2	5
226153	Zech.5.3	Zech.5.4	3
226213	Zech.5.8	Zech.5.7	2
226237	Zech.6.1	Zech.6.5	6
226255	Zech.6.2	Zech.6.6	2
226265	Zech.6.3	Zech.6.6-Zech.6.7	1
226399	Zech.6.13	Zech.6.11	2
226430	Zech.6.14	Zech.6.10	2
226438	Zech.6.15	Zech.6.12	2
226467	Zech.7.3	Zech.7.5	2
226503	Zech.7.5	Zech.7.6	3
226504	Zech.7.5	Zech.7.3	3
226550	Zech.7.9	Zech.7.7	3
226630	Zech.7.12	Zech.7.7	2
226795	Zech.8.9	Zech.8.13	2
226796	Zech.8.9	Zech.8.18	2
226815	Zech.8.11	Zech.8.8-Zech.8.9	3
226844	Zech.8.12	Zech.8.6	5
226873	Zech.8.13	Zech.8.9	9
226881	Zech.8.13	Zech.8.20-Zech.8.23	5
226906	Zech.8.15	Zech.8.13	8
226930	Zech.8.16	Zech.8.19	4
226961	Zech.8.19	Zech.8.16	8
227010	Zech.8.22	Zech.8.21	7
227337	Zech.9.15	Zech.9.17	2
227559	Zech.10.6	Zech.10.12	13
227683	Zech.10.12	Zech.10.6	12
227726	Zech.11.3	Zech.11.8	2
227747	Zech.11.3	Zech.11.15-Zech.11.17	2
227750	Zech.11.4	Zech.11.7	7
227793	Zech.11.6	Zech.11.5	2
227801	Zech.11.6	Zech.11.14	2
227818	Zech.11.6	Zech.11.9	2
227829	Zech.11.7	Zech.11.10-Zech.11.11	3
227837	Zech.11.7	Zech.11.14	5
227841	Zech.11.7	Zech.11.4	5
227890	Zech.11.10	Zech.11.7	9
227925	Zech.11.11	Zech.11.6-Zech.11.7	2
227945	Zech.11.14	Zech.11.9	2
227952	Zech.11.14	Zech.11.7	2
228054	Zech.12.3	Zech.12.8-Zech.12.9	2
228065	Zech.12.3	Zech.12.6	2
228070	Zech.12.3	Zech.12.11	3
228075	Zech.12.3	Zech.12.4	2
228083	Zech.12.4	Zech.12.8-Zech.12.9	2
228089	Zech.12.4	Zech.12.6	3
228090	Zech.12.4	Zech.12.3	4
228096	Zech.12.4	Zech.12.11	2
228123	Zech.12.5	Zech.12.6	2
228215	Zech.12.9	Zech.12.2	2
228555	Zech.14.4	Zech.14.10	7
228556	Zech.14.4	Zech.14.7	7
228658	Zech.14.9	Zech.14.16-Zech.14.17	8
228740	Zech.14.12	Zech.14.3	2
228758	Zech.14.15	Zech.14.12	3
228782	Zech.14.16	Zech.14.17-Zech.14.19	9
228802	Zech.14.17	Zech.14.16	2
228820	Zech.14.18	Zech.14.15	2
228821	Zech.14.18	Zech.14.12	2
228882	Zech.14.21	Zech.14.20	3
228906	Mal.1.2	Mal.1.6-Mal.1.7	3
228954	Mal.1.4	Mal.1.3	2
229013	Mal.1.7	Mal.1.8	5
229017	Mal.1.7	Mal.1.12	8
229022	Mal.1.8	Mal.1.10	2
229024	Mal.1.8	Mal.1.13-Mal.1.14	4
229067	Mal.1.11	Mal.1.14	2
229102	Mal.1.12	Mal.1.6-Mal.1.8	3
229103	Mal.1.12	Mal.1.13	2
229111	Mal.1.13	Mal.1.7-Mal.1.8	3
229133	Mal.1.14	Mal.1.11	4
229142	Mal.1.14	Mal.1.8	5
229194	Mal.2.3	Mal.2.9	5
229289	Mal.2.8	Mal.2.5	3
229294	Mal.2.8	Mal.2.9-Mal.2.10	2
229298	Mal.2.9	Mal.2.3	2
229311	Mal.2.9	Mal.2.8	3
229327	Mal.2.10	Mal.2.8	3
229341	Mal.2.10	Mal.2.14-Mal.2.15	4
229343	Mal.2.10	Mal.2.11	37
229405	Mal.2.12	Mal.2.10	2
229428	Mal.2.14	Mal.2.15	15
229447	Mal.2.15	Mal.2.14	15
229496	Mal.2.17	Mal.2.14	2
229728	Mal.3.7	Mal.3.13	3
229844	Mal.3.13	Mal.3.8	1
229900	Mal.3.16	Mal.3.5	12
229983	Mal.3.18	Mal.3.14-Mal.3.15	11
230003	Mal.4.1	Mal.4.5	5
230124	Mal.4.5	Mal.4.1	9
230178	Matt.1.1	Matt.1.18	4
230345	Matt.1.17	Matt.1.11-Matt.1.12	4
230355	Matt.1.18	Matt.1.1	3
230393	Matt.1.20	Matt.1.18	9
230487	Matt.1.25	Matt.1.21	3
230494	Matt.2.1	Matt.2.3	5
230497	Matt.2.1	Matt.2.5	9
230500	Matt.2.1	Matt.2.19	4
230525	Matt.2.2	Matt.2.10-Matt.2.11	6
230598	Matt.2.6	Matt.2.1	5
230631	Matt.2.9	Matt.2.2	7
230652	Matt.2.11	Matt.2.2	17
230680	Matt.2.12	Matt.2.19	8
230682	Matt.2.12	Matt.2.22	8
230684	Matt.2.12	Matt.2.13	7
230688	Matt.2.13	Matt.2.16	11
230689	Matt.2.13	Matt.2.12	12
230699	Matt.2.13	Matt.2.19-Matt.2.20	11
230704	Matt.2.13	Matt.2.22	3
230712	Matt.2.14	Matt.2.20-Matt.2.21	6
230714	Matt.2.15	Matt.2.19	3
230718	Matt.2.15	Matt.2.17	3
230732	Matt.2.15	Matt.2.23	3
230762	Matt.2.19	Matt.2.22	3
230768	Matt.2.19	Matt.2.12-Matt.2.13	3
230773	Matt.2.20	Matt.2.13	5
230782	Matt.2.22	Matt.2.12-Matt.2.13	3
230787	Matt.2.22	Matt.2.19	3
230814	Matt.3.1	Matt.3.8	3
230929	Matt.3.6	Matt.3.13-Matt.3.16	4
230946	Matt.3.6	Matt.3.11	3
231058	Matt.3.11	Matt.3.6	6
231226	Matt.4.4	Matt.4.7	15
231227	Matt.4.4	Matt.4.10	22
231248	Matt.4.6	Matt.4.4	9
231267	Matt.4.7	Matt.4.4	4
231268	Matt.4.7	Matt.4.10	4
231322	Matt.4.11	Matt.4.6	4
231509	Matt.4.24	Matt.4.23	4
231778	Matt.5.9	Matt.5.45	11
231794	Matt.5.9	Matt.5.48	17
231802	Matt.5.10	Matt.5.3	46
231920	Matt.5.16	Matt.5.45	12
231975	Matt.5.18	Matt.5.26	2
232114	Matt.5.21	Matt.5.33	3
232117	Matt.5.21	Matt.5.27	3
232118	Matt.5.21	Matt.5.38	3
232129	Matt.5.21	Matt.5.43	1
232143	Matt.5.22	Matt.5.34	2
232147	Matt.5.22	Matt.5.44	1
232179	Matt.5.22	Matt.5.23-Matt.5.24	7
232188	Matt.5.22	Matt.5.28-Matt.5.30	3
232227	Matt.5.23	Matt.5.24	12
232271	Matt.5.27	Matt.5.21	4
232274	Matt.5.28	Matt.5.22	3
232285	Matt.5.28	Matt.5.39	3
232294	Matt.5.29	Matt.5.22	6
232309	Matt.5.30	Matt.5.29	10
232327	Matt.5.32	Matt.5.28	8
232465	Matt.5.45	Matt.5.9	6
232487	Matt.5.47	Matt.5.20	8
232499	Matt.5.48	Matt.5.16	17
232503	Matt.5.48	Matt.5.45	12
232517	Matt.6.1	Matt.6.9	3
232528	Matt.6.1	Matt.6.4-Matt.6.6	17
232545	Matt.6.1	Matt.6.16	10
232566	Matt.6.2	Matt.6.5	16
232569	Matt.6.2	Matt.6.16	11
232607	Matt.6.4	Matt.6.18	22
232611	Matt.6.4	Matt.6.6	18
232630	Matt.6.5	Matt.6.2	29
232643	Matt.6.5	Matt.6.16	1
232663	Matt.6.6	Matt.6.18	26
232664	Matt.6.6	Matt.6.4	18
232669	Matt.6.7	Matt.6.32	11
232680	Matt.6.8	Matt.6.32	44
232692	Matt.6.9	Matt.6.6	10
232711	Matt.6.9	Matt.6.14	11
232785	Matt.6.12	Matt.6.14-Matt.6.15	12
232824	Matt.6.13	Matt.6.10	24
232864	Matt.6.14	Matt.6.12	17
232875	Matt.6.16	Matt.6.2	8
232876	Matt.6.16	Matt.6.5	8
232900	Matt.6.18	Matt.6.6	14
232906	Matt.6.18	Matt.6.4	14
232959	Matt.6.23	Matt.6.22	17
233003	Matt.6.25	Matt.6.31	43
233006	Matt.6.25	Matt.6.34	28
233016	Matt.6.25	Matt.6.27-Matt.6.28	39
233027	Matt.6.26	Matt.6.32	20
233034	Matt.6.28	Matt.6.25	45
233036	Matt.6.28	Matt.6.31	6
233074	Matt.6.32	Matt.6.8	23
233129	Matt.6.34	Matt.6.11	31
233130	Matt.6.34	Matt.6.25	76
233136	Matt.7.1	Matt.7.5	49
233144	Matt.7.1	Matt.7.2	31
233190	Matt.7.7	Matt.7.8	116
233216	Matt.7.7	Matt.7.11	36
233399	Matt.7.16	Matt.7.20	14
233428	Matt.7.20	Matt.7.16	17
233496	Matt.7.22	Matt.7.21	5
233524	Matt.7.24	Matt.7.13-Matt.7.14	18
233529	Matt.7.24	Matt.7.7-Matt.7.8	21
233606	Matt.8.1	Matt.8.18	6
233724	Matt.8.8	Matt.8.3	15
233808	Matt.8.13	Matt.8.4	5
233824	Matt.8.15	Matt.8.3	3
233855	Matt.8.18	Matt.8.1	1
233941	Matt.8.26	Matt.8.27	3
234003	Matt.8.34	Matt.8.29	2
234022	Matt.9.2	Matt.9.6	4
234034	Matt.9.2	Matt.9.22	10
234101	Matt.9.6	Matt.9.5	5
234247	Matt.9.18	Matt.9.24	3
234283	Matt.9.22	Matt.9.2	7
234286	Matt.9.22	Matt.9.29	4
234290	Matt.9.23	Matt.9.18-Matt.9.19	3
234340	Matt.9.28	Matt.9.22	8
234350	Matt.9.29	Matt.9.22	17
234369	Matt.9.31	Matt.9.26	3
234610	Matt.10.8	Matt.10.1	18
234647	Matt.10.14	Matt.10.40-Matt.10.41	7
234763	Matt.10.21	Matt.10.34-Matt.10.36	8
234768	Matt.10.22	Matt.10.39	38
234832	Matt.10.26	Matt.10.28	11
234870	Matt.10.28	Matt.10.26	12
234932	Matt.10.35	Matt.10.21	17
235175	Matt.11.9	Matt.11.13-Matt.11.14	2
235329	Matt.11.21	Matt.11.22	3
235349	Matt.11.22	Matt.11.24	6
235380	Matt.11.24	Matt.11.22	5
235469	Matt.11.28	Matt.11.29	224
235501	Matt.11.29	Matt.11.27-Matt.11.28	11
235536	Matt.12.2	Matt.12.10	5
235555	Matt.12.3	Matt.12.5	8
235569	Matt.12.6	Matt.12.41-Matt.12.42	5
235596	Matt.12.10	Matt.12.2	4
235790	Matt.12.27	Matt.12.41-Matt.12.42	3
235805	Matt.12.28	Matt.12.18	3
235837	Matt.12.31	Matt.12.31-Matt.12.32	9
235848	Matt.12.32	Matt.12.31	5
235898	Matt.12.34	Matt.12.35	11
235909	Matt.12.35	Matt.12.34	7
235952	Matt.12.41	Matt.12.39	4
235958	Matt.12.41	Matt.12.45	4
235959	Matt.12.41	Matt.12.6	5
235961	Matt.12.41	Matt.12.42	7
235975	Matt.12.42	Matt.12.41	2
236003	Matt.12.44	Matt.12.29	2
236036	Matt.12.45	Matt.12.24	2
236115	Matt.13.1	Matt.13.36	2
236124	Matt.13.3	Matt.13.34-Matt.13.35	5
236126	Matt.13.3	Matt.13.10-Matt.13.13	5
236140	Matt.13.3	Matt.13.53	5
236149	Matt.13.4	Matt.13.18-Matt.13.19	8
236154	Matt.13.5	Matt.13.20	2
236157	Matt.13.6	Matt.13.21	6
236164	Matt.13.7	Matt.13.22	3
236172	Matt.13.8	Matt.13.23	9
236177	Matt.13.9	Matt.13.16	5
236243	Matt.13.13	Matt.13.16	8
236295	Matt.13.18	Matt.13.11-Matt.13.12	6
236303	Matt.13.19	Matt.13.38	12
236340	Matt.13.20	Matt.13.5-Matt.13.6	5
236343	Matt.13.21	Matt.13.6	4
236357	Matt.13.21	Matt.13.57	4
236413	Matt.13.22	Matt.13.7	8
236433	Matt.13.23	Matt.13.8	13
236469	Matt.13.24	Matt.13.33	8
236473	Matt.13.24	Matt.13.31	7
236474	Matt.13.24	Matt.13.47	13
236476	Matt.13.24	Matt.13.19	6
236477	Matt.13.24	Matt.13.44-Matt.13.45	5
236480	Matt.13.24	Matt.13.37	10
236486	Matt.13.25	Matt.13.39	10
236516	Matt.13.30	Matt.13.39-Matt.13.43	7
236534	Matt.13.31	Matt.13.24	7
236560	Matt.13.33	Matt.13.24	2
236569	Matt.13.34	Matt.13.13	4
236575	Matt.13.35	Matt.13.14	8
236597	Matt.13.36	Matt.13.1	2
236599	Matt.13.36	Matt.13.11	3
236611	Matt.13.37	Matt.13.24	3
236612	Matt.13.37	Matt.13.41	3
236614	Matt.13.37	Matt.13.27	3
236630	Matt.13.38	Matt.13.19	3
236652	Matt.13.39	Matt.13.25	5
236657	Matt.13.39	Matt.13.49	11
236661	Matt.13.39	Matt.13.28	3
236668	Matt.13.40	Matt.13.39	6
236675	Matt.13.41	Matt.13.49	4
236692	Matt.13.42	Matt.13.50	12
236737	Matt.13.44	Matt.13.24	9
236748	Matt.13.45	Matt.13.24	6
236758	Matt.13.46	Matt.13.44	5
236787	Matt.13.47	Matt.13.26-Matt.13.30	5
236794	Matt.13.48	Matt.13.40-Matt.13.43	4
236795	Matt.13.48	Matt.13.30	7
236802	Matt.13.49	Matt.13.39	12
236807	Matt.13.50	Matt.13.42	3
236812	Matt.13.51	Matt.13.11	3
236820	Matt.13.51	Matt.13.19	3
236974	Matt.14.9	Matt.14.5	2
236987	Matt.14.9	Matt.14.1	2
237019	Matt.14.13	Matt.14.1-Matt.14.2	5
237365	Matt.15.11	Matt.15.18-Matt.15.20	32
237411	Matt.15.16	Matt.15.10	4
237438	Matt.15.18	Matt.15.11	14
237464	Matt.15.20	Matt.15.2	2
237577	Matt.15.29	Matt.15.29-Matt.15.31	3
237659	Matt.15.37	Matt.15.33	2
237670	Matt.16.1	Matt.16.6	5
237693	Matt.16.1	Matt.16.11-Matt.16.12	2
237722	Matt.16.6	Matt.16.12	6
237757	Matt.16.11	Matt.16.6	4
237933	Matt.16.21	Matt.16.28	3
237943	Matt.16.22	Matt.16.16-Matt.16.17	2
238080	Matt.17.3	Matt.17.10-Matt.17.13	2
238164	Matt.17.9	Matt.17.12	3
238165	Matt.17.9	Matt.17.23	3
238171	Matt.17.10	Matt.17.3-Matt.17.4	2
238223	Matt.17.16	Matt.17.19-Matt.17.20	4
238272	Matt.17.20	Matt.17.17	12
238277	Matt.17.22	Matt.17.23	10
238383	Matt.18.4	Matt.18.1	10
238403	Matt.18.6	Matt.18.10	19
238405	Matt.18.6	Matt.18.14	15
238469	Matt.18.9	Matt.18.8	4
238491	Matt.18.10	Matt.18.6	7
238500	Matt.18.10	Matt.18.14	7
238568	Matt.18.15	Matt.18.35	12
238645	Matt.18.21	Matt.18.15	15
238689	Matt.18.26	Matt.18.29	5
238708	Matt.18.29	Matt.18.26	6
238733	Matt.18.34	Matt.18.30	2
238908	Matt.19.16	Matt.19.29	4
238915	Matt.19.16	Matt.19.17-Matt.19.18	2
238923	Matt.19.16	Matt.19.26	2
239000	Matt.19.21	Matt.19.28	8
239043	Matt.19.24	Matt.19.26	6
239120	Matt.19.29	Matt.19.16	19
239167	Matt.20.2	Matt.20.13	2
239185	Matt.20.3	Matt.20.6-Matt.20.7	2
239250	Matt.20.9	Matt.20.6-Matt.20.7	3
239255	Matt.20.9	Matt.20.2	3
239419	Matt.20.21	Matt.20.32	5
239466	Matt.20.25	Matt.20.25-Matt.20.28	13
239564	Matt.20.32	Matt.20.21	4
239673	Matt.21.9	Matt.21.15	6
239747	Matt.21.15	Matt.21.23	2
239757	Matt.21.15	Matt.21.9	5
239854	Matt.21.26	Matt.21.46	3
239892	Matt.21.28	Matt.21.33	3
239908	Matt.21.29	Matt.21.31	2
239951	Matt.21.32	Matt.21.25	4
239953	Matt.21.33	Matt.21.28	2
240061	Matt.21.41	Matt.21.43	4
240103	Matt.21.43	Matt.21.41	18
240132	Matt.21.46	Matt.21.26	3
240133	Matt.21.46	Matt.21.11	5
240198	Matt.22.4	Matt.22.8	2
240269	Matt.22.10	Matt.22.11-Matt.22.12	4
240359	Matt.22.16	Matt.22.26	2
240372	Matt.22.16	Matt.22.24	2
240430	Matt.22.21	Matt.22.37	5
240438	Matt.22.22	Matt.22.46	2
240441	Matt.22.22	Matt.22.33	2
240455	Matt.22.24	Matt.22.16	2
240460	Matt.22.24	Matt.22.36	1
240513	Matt.22.33	Matt.22.22	2
240529	Matt.22.35	Matt.22.18	1
240563	Matt.22.41	Matt.22.34	2
240566	Matt.22.41	Matt.22.15	1
240662	Matt.23.4	Matt.23.23	4
240696	Matt.23.7	Matt.23.8	2
240708	Matt.23.8	Matt.23.10	5
240757	Matt.23.13	Matt.23.13-Matt.23.15	4
240758	Matt.23.13	Matt.23.25	4
240760	Matt.23.13	Matt.23.23	9
240768	Matt.23.13	Matt.23.29	10
240772	Matt.23.13	Matt.23.27	8
240797	Matt.23.16	Matt.23.17	4
240800	Matt.23.16	Matt.23.19	3
240802	Matt.23.16	Matt.23.26	3
240804	Matt.23.16	Matt.23.24	4
240810	Matt.23.17	Matt.23.19	5
240842	Matt.23.24	Matt.23.16	3
240865	Matt.23.28	Matt.23.5	4
240877	Matt.23.30	Matt.23.34-Matt.23.35	2
240901	Matt.23.33	Matt.23.13-Matt.23.15	5
240923	Matt.23.34	Matt.23.34-Matt.23.36	3
240971	Matt.23.37	Matt.23.30	7
241052	Matt.24.3	Matt.24.43	3
241056	Matt.24.3	Matt.24.27	6
241060	Matt.24.3	Matt.24.32-Matt.24.33	8
241063	Matt.24.3	Matt.24.39	6
241066	Matt.24.3	Matt.24.37	11
241083	Matt.24.5	Matt.24.24	22
241091	Matt.24.5	Matt.24.11	22
241102	Matt.24.6	Matt.24.14	7
241188	Matt.24.11	Matt.24.24	15
241191	Matt.24.11	Matt.24.5	13
241203	Matt.24.13	Matt.24.6	18
241218	Matt.24.14	Matt.24.6	16
241219	Matt.24.14	Matt.24.3	11
241281	Matt.24.21	Matt.24.29	4
241296	Matt.24.22	Matt.24.31	9
241306	Matt.24.22	Matt.24.24	9
241316	Matt.24.24	Matt.24.11	32
241334	Matt.24.24	Matt.24.5	19
241353	Matt.24.27	Matt.24.37	2
241357	Matt.24.27	Matt.24.39	2
241378	Matt.24.29	Matt.24.21	2
241390	Matt.24.30	Matt.24.3	8
241422	Matt.24.31	Matt.24.22	3
241465	Matt.24.36	Matt.24.44	33
241472	Matt.24.36	Matt.24.42	25
241482	Matt.24.37	Matt.24.39	6
241500	Matt.24.39	Matt.24.37	6
241527	Matt.24.42	Matt.24.44	11
241531	Matt.24.42	Matt.24.36	14
241540	Matt.24.43	Matt.24.44	7
241546	Matt.24.44	Matt.24.42	18
241547	Matt.24.44	Matt.24.27	11
241626	Matt.24.50	Matt.24.42-Matt.24.44	4
241708	Matt.25.5	Matt.25.19	3
241731	Matt.25.6	Matt.25.1	7
241738	Matt.25.6	Matt.25.31	4
241776	Matt.25.10	Matt.25.6	4
241787	Matt.25.10	Matt.25.20-Matt.25.23	3
241886	Matt.25.19	Matt.25.5	2
241893	Matt.25.21	Matt.25.46	9
241915	Matt.25.21	Matt.25.23	52
241925	Matt.25.23	Matt.25.21	18
242007	Matt.25.31	Matt.25.6	8
242061	Matt.25.34	Matt.25.41	7
242063	Matt.25.34	Matt.25.23	3
242086	Matt.25.34	Matt.25.21	5
242146	Matt.25.35	Matt.25.42-Matt.25.43	5
242149	Matt.25.35	Matt.25.40	5
242158	Matt.25.36	Matt.25.43	5
242192	Matt.25.40	Matt.25.34	6
242224	Matt.25.41	Matt.25.46	3
242245	Matt.25.42	Matt.25.35	3
242256	Matt.25.44	Matt.25.24-Matt.25.27	4
242268	Matt.25.45	Matt.25.40	11
242296	Matt.25.46	Matt.25.41	6
242308	Matt.26.2	Matt.26.24-Matt.26.25	3
242327	Matt.26.3	Matt.26.57-Matt.26.58	3
242328	Matt.26.3	Matt.26.69	1
242453	Matt.26.14	Matt.26.47	6
242459	Matt.26.14	Matt.26.25	4
242482	Matt.26.17	Matt.26.19	2
242491	Matt.26.18	Matt.26.2	3
242493	Matt.26.18	Matt.26.49	2
242516	Matt.26.21	Matt.26.2	2
242518	Matt.26.21	Matt.26.14-Matt.26.16	2
242533	Matt.26.24	Matt.26.54	5
242551	Matt.26.24	Matt.26.56	4
242565	Matt.26.25	Matt.26.64	5
242568	Matt.26.25	Matt.26.49	2
242661	Matt.26.31	Matt.26.56	5
242698	Matt.26.34	Matt.26.75	3
242709	Matt.26.36	Matt.26.42	6
242714	Matt.26.36	Matt.26.39	5
242728	Matt.26.38	Matt.26.40-Matt.26.41	4
242762	Matt.26.39	Matt.26.42	18
242765	Matt.26.40	Matt.26.43	5
242772	Matt.26.40	Matt.26.38	3
242773	Matt.26.40	Matt.26.35	3
242785	Matt.26.41	Matt.26.38	8
242809	Matt.26.42	Matt.26.39	15
242831	Matt.26.45	Matt.26.18	2
242834	Matt.26.45	Matt.26.14-Matt.26.15	2
242836	Matt.26.45	Matt.26.2	2
242844	Matt.26.47	Matt.26.14	3
242847	Matt.26.47	Matt.26.55	5
242856	Matt.26.49	Matt.26.25	3
242875	Matt.26.51	Matt.26.35	3
242908	Matt.26.54	Matt.26.24	8
242922	Matt.26.56	Matt.26.24	4
242927	Matt.26.56	Matt.26.54	6
242929	Matt.26.56	Matt.26.31	7
242939	Matt.26.57	Matt.26.3	3
242979	Matt.26.61	Matt.26.71	2
242988	Matt.26.63	Matt.26.63-Matt.26.66	2
243036	Matt.26.64	Matt.26.25	6
243096	Matt.26.69	Matt.26.3	2
243103	Matt.26.69	Matt.26.71	4
243107	Matt.26.69	Matt.26.58	2
243110	Matt.26.70	Matt.26.56	2
243112	Matt.26.70	Matt.26.40-Matt.26.43	2
243113	Matt.26.70	Matt.26.34-Matt.26.35	2
243114	Matt.26.70	Matt.26.58	2
243117	Matt.26.70	Matt.26.51	2
243133	Matt.26.72	Matt.26.74	2
243156	Matt.26.75	Matt.26.34	7
243214	Matt.27.4	Matt.27.23-Matt.27.25	2
243231	Matt.27.4	Matt.27.54	2
243236	Matt.27.4	Matt.27.19	2
243279	Matt.27.12	Matt.27.14	2
243306	Matt.27.17	Matt.27.21-Matt.27.22	2
243329	Matt.27.19	Matt.27.4	3
243332	Matt.27.19	Matt.27.24	4
243355	Matt.27.22	Matt.27.17	2
243375	Matt.27.24	Matt.27.54	2
243376	Matt.27.24	Matt.27.9	2
243379	Matt.27.24	Matt.27.19	1
243383	Matt.27.24	Matt.27.4	7
243437	Matt.27.29	Matt.27.37	3
243483	Matt.27.34	Matt.27.48	8
243494	Matt.27.36	Matt.27.54	5
243503	Matt.27.38	Matt.27.44	6
243521	Matt.27.40	Matt.27.54	2
243531	Matt.27.40	Matt.27.42	2
243547	Matt.27.42	Matt.27.37	4
243551	Matt.27.43	Matt.27.40	2
243569	Matt.27.44	Matt.27.38	3
243590	Matt.27.48	Matt.27.34	4
243624	Matt.27.51	Matt.27.54	7
243646	Matt.27.54	Matt.27.40	1
243651	Matt.27.54	Matt.27.43	6
243665	Matt.27.54	Matt.27.36	8
243673	Matt.27.56	Matt.27.61	3
243693	Matt.27.60	Matt.27.66	4
243695	Matt.27.61	Matt.27.56	3
243697	Matt.27.62	Matt.27.1-Matt.27.2	2
243724	Matt.27.65	Matt.27.66	4
243727	Matt.27.66	Matt.27.60	2
243764	Matt.28.4	Matt.28.11	4
243777	Matt.28.5	Matt.28.10	3
243805	Matt.28.7	Matt.28.16-Matt.28.17	3
243806	Matt.28.7	Matt.28.10	7
243824	Matt.28.9	Matt.28.17	10
243849	Matt.28.10	Matt.28.7	6
243851	Matt.28.10	Matt.28.5	4
243853	Matt.28.11	Matt.28.4	1
243871	Matt.28.16	Matt.28.7	7
243872	Matt.28.16	Matt.28.10	8
243881	Matt.28.17	Matt.28.9	4
244151	Mark.1.16	Mark.1.16-Mark.1.20	2
244183	Mark.1.21	Mark.1.39	7
244210	Mark.1.23	Mark.1.34	2
244235	Mark.1.25	Mark.1.34	6
244259	Mark.1.28	Mark.1.45	2
244260	Mark.1.29	Mark.1.23	2
244263	Mark.1.29	Mark.1.21	4
244279	Mark.1.32	Mark.1.21	1
244282	Mark.1.33	Mark.1.5	2
244284	Mark.1.34	Mark.1.25	1
244302	Mark.1.37	Mark.1.5	1
244317	Mark.1.39	Mark.1.21	3
244351	Mark.1.42	Mark.1.31	2
244399	Mark.2.2	Mark.2.13	5
244426	Mark.2.5	Mark.2.9-Mark.2.10	8
244491	Mark.2.13	Mark.2.2	2
244518	Mark.2.16	Mark.2.7	2
244606	Mark.2.24	Mark.2.16	2
244610	Mark.2.24	Mark.2.7	2
244860	Mark.3.20	Mark.3.7	2
244862	Mark.3.20	Mark.3.9	2
244866	Mark.3.21	Mark.3.31	6
244929	Mark.3.28	Mark.3.28-Mark.3.30	5
244941	Mark.3.30	Mark.3.22	2
244947	Mark.3.33	Mark.3.21	5
244971	Mark.4.2	Mark.4.33-Mark.4.34	2
244974	Mark.4.2	Mark.4.11	5
244988	Mark.4.3	Mark.4.23	2
244989	Mark.4.3	Mark.4.26-Mark.4.29	3
244993	Mark.4.3	Mark.4.9	2
244997	Mark.4.3	Mark.4.14	2
245010	Mark.4.4	Mark.4.15	6
245024	Mark.4.5	Mark.4.16-Mark.4.17	2
245045	Mark.4.7	Mark.4.18-Mark.4.19	3
245063	Mark.4.8	Mark.4.20	4
245069	Mark.4.9	Mark.4.23-Mark.4.24	9
245070	Mark.4.9	Mark.4.3	4
245081	Mark.4.10	Mark.4.34	3
245125	Mark.4.14	Mark.4.3	4
245135	Mark.4.15	Mark.4.4	7
245185	Mark.4.17	Mark.4.5-Mark.4.6	3
245195	Mark.4.18	Mark.4.7	1
245229	Mark.4.20	Mark.4.8	10
245247	Mark.4.23	Mark.4.9	7
245283	Mark.4.26	Mark.4.3-Mark.4.4	3
245303	Mark.4.28	Mark.4.31-Mark.4.32	6
245377	Mark.4.34	Mark.4.10	5
245391	Mark.4.36	Mark.4.1	4
245472	Mark.5.2	Mark.5.8	5
245518	Mark.5.9	Mark.5.15	7
245524	Mark.5.10	Mark.5.13	2
245549	Mark.5.15	Mark.5.16	3
245557	Mark.5.15	Mark.5.4	3
245558	Mark.5.15	Mark.5.18	4
245561	Mark.5.15	Mark.5.9	5
245570	Mark.5.17	Mark.5.7	4
245578	Mark.5.18	Mark.5.7	2
245579	Mark.5.18	Mark.5.17	3
245601	Mark.5.22	Mark.5.33	4
245603	Mark.5.22	Mark.5.38	3
245605	Mark.5.22	Mark.5.35-Mark.5.36	5
245641	Mark.5.24	Mark.5.31	4
245664	Mark.5.29	Mark.5.34	10
245696	Mark.5.34	Mark.5.29	17
245700	Mark.5.35	Mark.5.22	2
245712	Mark.5.36	Mark.5.34	12
245725	Mark.5.38	Mark.5.22	2
245895	Mark.6.13	Mark.6.7	4
246039	Mark.6.32	Mark.6.45	3
246049	Mark.6.33	Mark.6.54-Mark.6.55	4
246123	Mark.6.45	Mark.6.32	3
246153	Mark.6.51	Mark.6.32	4
246206	Mark.7.3	Mark.7.5	2
246208	Mark.7.3	Mark.7.13	4
246209	Mark.7.3	Mark.7.7-Mark.7.10	2
246263	Mark.7.8	Mark.7.3-Mark.7.4	7
246270	Mark.7.9	Mark.7.13	6
246274	Mark.7.9	Mark.7.3	6
246292	Mark.7.13	Mark.7.3	4
246293	Mark.7.13	Mark.7.9	12
246354	Mark.7.20	Mark.7.15	8
246409	Mark.7.23	Mark.7.18	4
246411	Mark.7.23	Mark.7.15	7
246468	Mark.7.31	Mark.7.24	5
246591	Mark.8.8	Mark.8.19-Mark.8.20	6
246701	Mark.8.21	Mark.8.17	5
246705	Mark.8.21	Mark.8.12	5
246740	Mark.8.26	Mark.8.23	4
246766	Mark.8.30	Mark.8.26	3
247068	Mark.9.9	Mark.9.30-Mark.9.31	2
247074	Mark.9.10	Mark.9.32	2
247086	Mark.9.11	Mark.9.4	4
247128	Mark.9.15	Mark.9.2-Mark.9.3	6
247137	Mark.9.17	Mark.9.25	4
247143	Mark.9.18	Mark.9.20	3
247150	Mark.9.18	Mark.9.26	3
247154	Mark.9.18	Mark.9.28-Mark.9.29	4
247170	Mark.9.20	Mark.9.18	4
247178	Mark.9.20	Mark.9.26	4
247232	Mark.9.25	Mark.9.15	4
247246	Mark.9.26	Mark.9.18	2
247250	Mark.9.26	Mark.9.20	4
247286	Mark.9.31	Mark.9.12	6
247301	Mark.9.32	Mark.9.10	4
247328	Mark.9.34	Mark.9.50	4
247404	Mark.9.43	Mark.9.45-Mark.9.48	4
247411	Mark.9.45	Mark.9.43	4
247419	Mark.9.47	Mark.9.43	5
247425	Mark.9.48	Mark.9.43-Mark.9.45	5
247434	Mark.9.50	Mark.9.34	3
247693	Mark.10.23	Mark.10.15	3
247866	Mark.10.36	Mark.10.51	3
247999	Mark.10.51	Mark.10.36	14
248108	Mark.11.14	Mark.11.20-Mark.11.21	8
248135	Mark.11.18	Mark.11.32	3
248143	Mark.11.19	Mark.11.11	5
248146	Mark.11.20	Mark.11.14	5
248397	Mark.12.7	Mark.12.12	2
248545	Mark.12.17	Mark.12.30	1
248598	Mark.12.26	Mark.12.10	2
248605	Mark.12.27	Mark.12.24	5
248628	Mark.12.29	Mark.12.32-Mark.12.33	7
248655	Mark.12.32	Mark.12.29	4
248806	Mark.13.6	Mark.13.22	8
248858	Mark.13.9	Mark.13.5	3
248897	Mark.13.11	Mark.13.9	3
249009	Mark.13.22	Mark.13.6	7
249011	Mark.13.23	Mark.13.33	2
249017	Mark.13.23	Mark.13.5	3
249020	Mark.13.23	Mark.13.9	2
249065	Mark.13.27	Mark.13.22	2
249066	Mark.13.27	Mark.13.20	3
249111	Mark.13.32	Mark.13.26-Mark.13.27	12
249125	Mark.13.33	Mark.13.23	6
249131	Mark.13.33	Mark.13.35-Mark.13.37	6
249154	Mark.13.35	Mark.13.33	10
249170	Mark.13.37	Mark.13.35	7
249172	Mark.13.37	Mark.13.33	8
249355	Mark.14.18	Mark.14.9	2
249364	Mark.14.18	Mark.14.25	2
249374	Mark.14.20	Mark.14.43	2
249402	Mark.14.21	Mark.14.49	1
249404	Mark.14.22	Mark.14.24	10
249421	Mark.14.23	Mark.14.22	5
249496	Mark.14.32	Mark.14.39	5
249497	Mark.14.32	Mark.14.36	5
249515	Mark.14.34	Mark.14.37-Mark.14.38	2
249531	Mark.14.35	Mark.14.41	4
249553	Mark.14.37	Mark.14.29-Mark.14.31	3
249554	Mark.14.37	Mark.14.40-Mark.14.41	3
249568	Mark.14.38	Mark.14.34	8
249590	Mark.14.41	Mark.14.18	2
249591	Mark.14.41	Mark.14.10	2
249596	Mark.14.41	Mark.14.35	4
249667	Mark.14.50	Mark.14.27	7
249684	Mark.14.54	Mark.14.38	2
249694	Mark.14.54	Mark.14.29-Mark.14.31	2
249695	Mark.14.54	Mark.14.67-Mark.14.68	2
249734	Mark.14.61	Mark.14.61-Mark.14.63	1
249803	Mark.14.66	Mark.14.54	7
249812	Mark.14.67	Mark.14.54	2
249816	Mark.14.68	Mark.14.72	3
249817	Mark.14.68	Mark.14.29-Mark.14.31	4
249825	Mark.14.69	Mark.14.38	2
249827	Mark.14.70	Mark.14.68	3
249838	Mark.14.72	Mark.14.30	7
249842	Mark.14.72	Mark.14.68	6
249862	Mark.15.2	Mark.15.9	2
249866	Mark.15.2	Mark.15.18	3
249869	Mark.15.2	Mark.15.26	3
249870	Mark.15.2	Mark.15.12	2
249876	Mark.15.3	Mark.15.5	2
249921	Mark.15.12	Mark.15.1-Mark.15.2	2
249984	Mark.15.18	Mark.15.29-Mark.15.32	2
249985	Mark.15.18	Mark.15.2	2
250048	Mark.15.25	Mark.15.33	4
250053	Mark.15.26	Mark.15.2	2
250105	Mark.15.33	Mark.15.25	10
250125	Mark.15.36	Mark.15.23	5
250142	Mark.15.39	Mark.15.44-Mark.15.45	3
250182	Mark.15.45	Mark.15.39	2
250194	Mark.15.47	Mark.15.40	5
250208	Mark.16.1	Mark.16.4-Mark.16.5	1
250212	Mark.16.1	Mark.16.8	4
250264	Mark.16.8	Mark.16.5-Mark.16.6	3
250290	Mark.16.11	Mark.16.13-Mark.16.14	6
250293	Mark.16.12	Mark.16.14	2
250301	Mark.16.14	Mark.16.11-Mark.16.13	6
250493	Luke.1.3	Luke.1.1	3
250550	Luke.1.8	Luke.1.5	5
250582	Luke.1.11	Luke.1.28	2
250587	Luke.1.11	Luke.1.19	2
250594	Luke.1.12	Luke.1.29	2
250602	Luke.1.13	Luke.1.60-Luke.1.63	10
250607	Luke.1.13	Luke.1.30	10
250628	Luke.1.14	Luke.1.58	11
250653	Luke.1.16	Luke.1.76	4
250664	Luke.1.17	Luke.1.16	6
250667	Luke.1.17	Luke.1.76	17
250695	Luke.1.18	Luke.1.7	5
250702	Luke.1.18	Luke.1.34	4
250705	Luke.1.19	Luke.1.26	11
250712	Luke.1.20	Luke.1.62-Luke.1.63	2
250721	Luke.1.20	Luke.1.22	4
250725	Luke.1.20	Luke.1.45	3
250729	Luke.1.22	Luke.1.62	3
250741	Luke.1.25	Luke.1.13	9
250747	Luke.1.26	Luke.1.19	9
250759	Luke.1.28	Luke.1.30	25
250761	Luke.1.28	Luke.1.42	18
250775	Luke.1.29	Luke.1.12	4
250776	Luke.1.29	Luke.1.66	2
250786	Luke.1.30	Luke.1.13	19
250796	Luke.1.31	Luke.1.13	6
250798	Luke.1.31	Luke.1.27	5
250812	Luke.1.32	Luke.1.15	2
250813	Luke.1.32	Luke.1.76	7
250825	Luke.1.32	Luke.1.35	13
250873	Luke.1.35	Luke.1.31-Luke.1.32	10
250875	Luke.1.35	Luke.1.27	6
250902	Luke.1.39	Luke.1.65	3
250904	Luke.1.41	Luke.1.15	9
250905	Luke.1.41	Luke.1.44	11
250906	Luke.1.41	Luke.1.67	12
250916	Luke.1.42	Luke.1.48	5
250923	Luke.1.42	Luke.1.28	8
250938	Luke.1.45	Luke.1.20	22
250974	Luke.1.48	Luke.1.42	7
250977	Luke.1.48	Luke.1.28	8
251105	Luke.1.57	Luke.1.13	4
251108	Luke.1.58	Luke.1.14	4
251112	Luke.1.58	Luke.1.25	4
251123	Luke.1.60	Luke.1.63	2
251126	Luke.1.60	Luke.1.13	6
251128	Luke.1.62	Luke.1.22	3
251131	Luke.1.63	Luke.1.13	3
251134	Luke.1.63	Luke.1.60	4
251147	Luke.1.64	Luke.1.20	9
251154	Luke.1.65	Luke.1.39	5
251157	Luke.1.66	Luke.1.80	2
251175	Luke.1.67	Luke.1.15	4
251177	Luke.1.67	Luke.1.41	6
251250	Luke.1.71	Luke.1.74	3
251252	Luke.1.72	Luke.1.54-Luke.1.55	4
251291	Luke.1.74	Luke.1.71	4
251313	Luke.1.76	Luke.1.16-Luke.1.17	2
251319	Luke.1.76	Luke.1.35	3
251328	Luke.1.76	Luke.1.32	3
251404	Luke.1.80	Luke.1.15	2
251470	Luke.2.7	Luke.2.11-Luke.2.12	10
251528	Luke.2.10	Luke.2.31-Luke.2.32	10
251557	Luke.2.11	Luke.2.4	13
251567	Luke.2.11	Luke.2.26	9
251636	Luke.2.16	Luke.2.7	6
251641	Luke.2.16	Luke.2.12	7
251646	Luke.2.17	Luke.2.38	4
251651	Luke.2.18	Luke.2.47	3
251654	Luke.2.18	Luke.2.33	3
251662	Luke.2.19	Luke.2.51	16
251697	Luke.2.25	Luke.2.38	9
251733	Luke.2.27	Luke.2.22	4
251735	Luke.2.27	Luke.2.48	3
251740	Luke.2.27	Luke.2.41	3
251744	Luke.2.27	Luke.2.51	3
251746	Luke.2.28	Luke.2.20	4
251753	Luke.2.28	Luke.2.13-Luke.2.14	4
251760	Luke.2.29	Luke.2.26	5
251765	Luke.2.30	Luke.2.10-Luke.2.11	10
251792	Luke.2.32	Luke.2.10	1
251796	Luke.2.33	Luke.2.48	2
251878	Luke.2.38	Luke.2.25	6
251880	Luke.2.38	Luke.2.28-Luke.2.32	2
251883	Luke.2.39	Luke.2.4	5
251886	Luke.2.39	Luke.2.21-Luke.2.24	3
251888	Luke.2.39	Luke.2.51	3
251889	Luke.2.40	Luke.2.47	8
251904	Luke.2.40	Luke.2.52	24
251932	Luke.2.46	Luke.2.44-Luke.2.45	1
251946	Luke.2.48	Luke.2.49	3
251948	Luke.2.49	Luke.2.48	19
251968	Luke.2.51	Luke.2.39	1
251969	Luke.2.51	Luke.2.19	15
251975	Luke.2.52	Luke.2.40	55
251987	Luke.3.1	Luke.3.19	4
252099	Luke.3.10	Luke.3.14	8
252100	Luke.3.10	Luke.3.8	4
252102	Luke.3.10	Luke.3.12	5
252194	Luke.3.19	Luke.3.1	4
252240	Luke.3.23	Luke.3.31	3
252241	Luke.3.23	Luke.3.23-Luke.3.27	3
252311	Luke.4.1	Luke.4.14	10
252314	Luke.4.1	Luke.4.18	18
252345	Luke.4.4	Luke.4.8	10
252349	Luke.4.4	Luke.4.10	10
252398	Luke.4.8	Luke.4.4	6
252404	Luke.4.9	Luke.4.3	3
252413	Luke.4.10	Luke.4.3	2
252433	Luke.4.14	Luke.4.37	2
252438	Luke.4.15	Luke.4.16	1
252451	Luke.4.16	Luke.4.21	1
252527	Luke.4.20	Luke.4.17	7
252638	Luke.4.31	Luke.4.23	1
252639	Luke.4.32	Luke.4.36	9
252660	Luke.4.34	Luke.4.41	3
252675	Luke.4.35	Luke.4.41	6
252677	Luke.4.35	Luke.4.39	6
252692	Luke.4.36	Luke.4.32	7
252698	Luke.4.37	Luke.4.14	5
252715	Luke.4.39	Luke.4.41	11
252716	Luke.4.39	Luke.4.35	7
252731	Luke.4.41	Luke.4.34-Luke.4.35	4
252759	Luke.4.44	Luke.4.15	3
252838	Luke.5.10	Luke.5.7	3
252848	Luke.5.11	Luke.5.28	5
252913	Luke.5.17	Luke.5.30	2
252920	Luke.5.17	Luke.5.21	2
253004	Luke.5.24	Luke.5.13	2
253021	Luke.5.25	Luke.5.13	2
253033	Luke.5.26	Luke.5.8	2
253047	Luke.5.28	Luke.5.11	9
253056	Luke.5.30	Luke.5.21	2
253061	Luke.5.30	Luke.5.17	2
253190	Luke.6.2	Luke.6.7-Luke.6.9	3
253209	Luke.6.6	Luke.6.1	2
253342	Luke.6.17	Luke.6.12	2
253398	Luke.6.20	Luke.6.20-Luke.6.24	11
253415	Luke.6.21	Luke.6.25	4
253514	Luke.6.23	Luke.6.35	1
253593	Luke.6.27	Luke.6.22	7
253609	Luke.6.27	Luke.6.35	23
253611	Luke.6.28	Luke.6.27	13
253612	Luke.6.28	Luke.6.35	10
253660	Luke.6.30	Luke.6.38	3
253670	Luke.6.34	Luke.6.35	9
253683	Luke.6.35	Luke.6.27-Luke.6.31	10
253719	Luke.6.38	Luke.6.30	27
253911	Luke.6.49	Luke.6.46	3
253962	Luke.7.4	Luke.7.6-Luke.7.7	3
253975	Luke.7.6	Luke.7.4	2
254035	Luke.7.13	Luke.7.19	2
254087	Luke.7.16	Luke.7.39	4
254106	Luke.7.17	Luke.7.14	4
254133	Luke.7.20	Luke.7.19	2
254154	Luke.7.22	Luke.7.14-Luke.7.15	3
254158	Luke.7.22	Luke.7.21	2
254240	Luke.7.29	Luke.7.35	3
254268	Luke.7.34	Luke.7.36	4
254279	Luke.7.35	Luke.7.29	4
254285	Luke.7.36	Luke.7.34	3
254288	Luke.7.37	Luke.7.37-Luke.7.39	5
254303	Luke.7.37	Luke.7.34	2
254324	Luke.7.38	Luke.7.44-Luke.7.46	4
254337	Luke.7.39	Luke.7.16	7
254340	Luke.7.39	Luke.7.37	2
254366	Luke.7.41	Luke.7.47	6
254401	Luke.7.43	Luke.7.47	2
254438	Luke.7.47	Luke.7.42-Luke.7.43	6
254439	Luke.7.47	Luke.7.39	6
254488	Luke.8.2	Luke.8.30	1
254520	Luke.8.5	Luke.8.11-Luke.8.12	5
254531	Luke.8.6	Luke.8.13	4
254542	Luke.8.7	Luke.8.14	3
254555	Luke.8.8	Luke.8.15	2
254603	Luke.8.12	Luke.8.5	5
254650	Luke.8.14	Luke.8.7	6
254749	Luke.8.21	Luke.8.15	4
254765	Luke.8.22	Luke.8.23	5
254776	Luke.8.23	Luke.8.22	2
254814	Luke.8.28	Luke.8.37-Luke.8.38	2
254836	Luke.8.30	Luke.8.2	5
254843	Luke.8.31	Luke.8.28	2
254865	Luke.8.33	Luke.8.22-Luke.8.23	2
254876	Luke.8.35	Luke.8.27	3
254891	Luke.8.37	Luke.8.28	2
254898	Luke.8.38	Luke.8.37	2
254914	Luke.8.38	Luke.8.28	2
254938	Luke.8.41	Luke.8.49	3
254959	Luke.8.42	Luke.8.45	3
254977	Luke.8.43	Luke.8.27	3
255036	Luke.8.49	Luke.8.41-Luke.8.43	2
255045	Luke.8.50	Luke.8.48	5
255082	Luke.8.54	Luke.8.51	3
255111	Luke.9.2	Luke.9.11	6
255138	Luke.9.5	Luke.9.53-Luke.9.56	6
255143	Luke.9.5	Luke.9.48	5
255148	Luke.9.6	Luke.9.1-Luke.9.2	2
255154	Luke.9.7	Luke.9.19	4
255166	Luke.9.8	Luke.9.19	4
255181	Luke.9.11	Luke.9.2	3
255249	Luke.9.19	Luke.9.7-Luke.9.8	4
255286	Luke.9.22	Luke.9.44	6
255370	Luke.9.28	Luke.9.18	2
255399	Luke.9.30	Luke.9.19	2
255410	Luke.9.31	Luke.9.22	2
255479	Luke.9.40	Luke.9.1	5
255518	Luke.9.42	Luke.9.39	2
255532	Luke.9.43	Luke.9.43-Luke.9.45	5
255552	Luke.9.44	Luke.9.22	5
255563	Luke.9.45	Luke.9.46	1
255681	Luke.9.53	Luke.9.48	1
255726	Luke.9.57	Luke.9.57-Luke.9.60	8
255729	Luke.9.57	Luke.9.51	3
255887	Luke.10.8	Luke.10.10	2
255892	Luke.10.9	Luke.10.11	4
255910	Luke.10.11	Luke.10.9	4
255982	Luke.10.17	Luke.10.1	9
255985	Luke.10.17	Luke.10.9	8
256120	Luke.10.29	Luke.10.36	4
256432	Luke.11.13	Luke.11.2	6
256444	Luke.11.15	Luke.11.18-Luke.11.19	3
256461	Luke.11.18	Luke.11.15	2
256470	Luke.11.19	Luke.11.31-Luke.11.32	2
256550	Luke.11.29	Luke.11.16	5
256557	Luke.11.29	Luke.11.50	2
256582	Luke.11.32	Luke.11.31	2
256769	Luke.11.45	Luke.11.46	2
256773	Luke.11.45	Luke.11.52	2
256781	Luke.11.46	Luke.11.45	5
256783	Luke.11.46	Luke.11.52	9
256843	Luke.11.52	Luke.11.45-Luke.11.46	6
256861	Luke.12.1	Luke.12.56	3
256927	Luke.12.6	Luke.12.24	9
256928	Luke.12.6	Luke.12.27	2
256977	Luke.12.11	Luke.12.22	6
257048	Luke.12.17	Luke.12.33	2
257050	Luke.12.17	Luke.12.29	2
257055	Luke.12.17	Luke.12.22	2
257063	Luke.12.18	Luke.12.21	6
257129	Luke.12.21	Luke.12.33	9
257139	Luke.12.22	Luke.12.29	6
257151	Luke.12.24	Luke.12.7	10
257156	Luke.12.24	Luke.12.30-Luke.12.32	4
257169	Luke.12.27	Luke.12.24	8
257183	Luke.12.29	Luke.12.22	8
257188	Luke.12.30	Luke.12.32	5
257248	Luke.12.33	Luke.12.21	10
257275	Luke.12.37	Luke.12.43	5
257371	Luke.12.46	Luke.12.19-Luke.12.20	4
257378	Luke.12.46	Luke.12.40	6
257417	Luke.12.49	Luke.12.51-Luke.12.52	13
257434	Luke.12.51	Luke.12.49	7
257507	Luke.13.2	Luke.13.4	3
257513	Luke.13.3	Luke.13.5	9
257532	Luke.13.5	Luke.13.3	7
257596	Luke.13.11	Luke.13.16	8
257600	Luke.13.12	Luke.13.16	7
257646	Luke.13.16	Luke.13.11-Luke.13.12	3
257679	Luke.13.18	Luke.13.20	3
257774	Luke.13.25	Luke.13.27	9
257792	Luke.13.27	Luke.13.25	5
258039	Luke.14.13	Luke.14.21	12
258116	Luke.14.20	Luke.14.26-Luke.14.28	1
258137	Luke.14.21	Luke.14.13	6
258150	Luke.14.21	Luke.14.24	4
258236	Luke.14.28	Luke.14.33	10
258268	Luke.14.33	Luke.14.26	20
258297	Luke.15.2	Luke.15.29-Luke.15.30	3
258317	Luke.15.4	Luke.15.4-Luke.15.7	8
258335	Luke.15.5	Luke.15.23-Luke.15.24	2
258340	Luke.15.5	Luke.15.32	3
258355	Luke.15.6	Luke.15.24	6
258361	Luke.15.6	Luke.15.10	7
258362	Luke.15.6	Luke.15.7	3
258364	Luke.15.7	Luke.15.32	30
258366	Luke.15.7	Luke.15.10	43
258369	Luke.15.7	Luke.15.29	14
258379	Luke.15.9	Luke.15.6-Luke.15.7	5
258387	Luke.15.10	Luke.15.7	28
258401	Luke.15.12	Luke.15.30	1
258434	Luke.15.13	Luke.15.30	4
258456	Luke.15.15	Luke.15.13	1
258485	Luke.15.17	Luke.15.18-Luke.15.19	12
258504	Luke.15.18	Luke.15.21	12
258558	Luke.15.21	Luke.15.18-Luke.15.19	9
258595	Luke.15.24	Luke.15.4	19
258612	Luke.15.24	Luke.15.32	14
258623	Luke.15.24	Luke.15.7-Luke.15.9	12
258627	Luke.15.25	Luke.15.11-Luke.15.12	2
258634	Luke.15.27	Luke.15.30	2
258640	Luke.15.28	Luke.15.2	4
258672	Luke.15.29	Luke.15.7	3
258682	Luke.15.30	Luke.15.22-Luke.15.23	2
258683	Luke.15.30	Luke.15.12-Luke.15.13	4
258686	Luke.15.30	Luke.15.32	3
258699	Luke.15.32	Luke.15.24	17
258705	Luke.16.1	Luke.16.19	3
258744	Luke.16.3	Luke.16.22	2
258761	Luke.16.3	Luke.16.20	2
258769	Luke.16.6	Luke.16.9	1
258770	Luke.16.6	Luke.16.12	3
258790	Luke.16.8	Luke.16.4	4
258792	Luke.16.8	Luke.16.10	6
258803	Luke.16.9	Luke.16.11	10
258805	Luke.16.9	Luke.16.13	5
258825	Luke.16.10	Luke.16.11-Luke.16.12	61
258831	Luke.16.11	Luke.16.9	5
258845	Luke.16.13	Luke.16.9	2
258914	Luke.16.16	Luke.16.31	7
258919	Luke.16.16	Luke.16.29	4
258957	Luke.16.19	Luke.16.1	2
258965	Luke.16.20	Luke.16.21	3
259021	Luke.16.23	Luke.16.28	5
259036	Luke.16.24	Luke.16.30	5
259066	Luke.16.25	Luke.16.20	4
259074	Luke.16.25	Luke.16.23	3
259100	Luke.16.29	Luke.16.16	3
259108	Luke.16.30	Luke.16.24	5
259247	Luke.17.15	Luke.17.17-Luke.17.18	7
259290	Luke.17.20	Luke.17.23-Luke.17.24	5
259299	Luke.17.21	Luke.17.23	10
259315	Luke.17.23	Luke.17.21	4
259350	Luke.17.26	Luke.17.24	6
259360	Luke.17.26	Luke.17.22	5
259400	Luke.17.30	Luke.17.24	2
259474	Luke.18.2	Luke.18.4	5
259487	Luke.18.3	Luke.18.7-Luke.18.8	4
259498	Luke.18.5	Luke.18.39	9
259545	Luke.18.9	Luke.18.11	4
259742	Luke.18.21	Luke.18.11-Luke.18.12	2
259903	Luke.18.38	Luke.18.39	5
259910	Luke.18.39	Luke.18.38	2
259911	Luke.18.39	Luke.18.1	2
259919	Luke.18.39	Luke.18.15	3
259986	Luke.19.5	Luke.19.10	5
260090	Luke.19.14	Luke.19.27	5
260132	Luke.19.20	Luke.19.13	3
260187	Luke.19.27	Luke.19.14	10
260190	Luke.19.27	Luke.19.42-Luke.19.44	2
260210	Luke.19.29	Luke.19.37	2
260221	Luke.19.30	Luke.19.32	3
260246	Luke.19.37	Luke.19.20	1
260329	Luke.19.42	Luke.19.44	5
260352	Luke.19.44	Luke.19.42	8
260533	Luke.20.14	Luke.20.19	2
260540	Luke.20.14	Luke.20.5	2
260576	Luke.20.19	Luke.20.14	2
260580	Luke.20.20	Luke.20.26	3
260627	Luke.20.23	Luke.20.20	2
260638	Luke.20.24	Luke.20.22	2
260656	Luke.20.26	Luke.20.20	3
260657	Luke.20.26	Luke.20.39-Luke.20.40	2
260880	Luke.21.7	Luke.21.27-Luke.21.28	4
260883	Luke.21.7	Luke.21.20-Luke.21.21	4
260889	Luke.21.7	Luke.21.32	3
260915	Luke.21.9	Luke.21.18-Luke.21.19	3
260917	Luke.21.9	Luke.21.28	11
260935	Luke.21.11	Luke.21.25-Luke.21.27	3
261045	Luke.21.20	Luke.21.7	4
261180	Luke.21.34	Luke.21.8	8
261284	Luke.22.3	Luke.22.21	6
261290	Luke.22.4	Luke.22.52	2
261302	Luke.22.7	Luke.22.1	2
261350	Luke.22.16	Luke.22.30	4
261362	Luke.22.17	Luke.22.19	3
261374	Luke.22.18	Luke.22.16	5
261389	Luke.22.19	Luke.22.20	17
261410	Luke.22.19	Luke.22.17	4
261510	Luke.22.30	Luke.22.16-Luke.22.18	2
261538	Luke.22.32	Luke.22.61-Luke.22.62	7
261601	Luke.22.37	Luke.22.22	4
261609	Luke.22.38	Luke.22.49	6
261627	Luke.22.40	Luke.22.46	9
261646	Luke.22.42	Luke.22.17-Luke.22.20	9
261658	Luke.22.43	Luke.22.32	6
261693	Luke.22.46	Luke.22.40	10
261696	Luke.22.47	Luke.22.3-Luke.22.6	2
261706	Luke.22.49	Luke.22.38	4
261719	Luke.22.52	Luke.22.4	5
261745	Luke.22.54	Luke.22.33-Luke.22.34	3
261749	Luke.22.55	Luke.22.44	3
261769	Luke.22.57	Luke.22.33-Luke.22.34	2
261783	Luke.22.60	Luke.22.34	3
261784	Luke.22.61	Luke.22.34	5
261910	Luke.23.2	Luke.23.5	3
261925	Luke.23.2	Luke.23.14	5
261937	Luke.23.3	Luke.23.38	3
261943	Luke.23.4	Luke.23.22	3
261946	Luke.23.4	Luke.23.14-Luke.23.15	3
261961	Luke.23.5	Luke.23.23	3
261996	Luke.23.10	Luke.23.2	2
261997	Luke.23.10	Luke.23.14-Luke.23.15	2
262000	Luke.23.10	Luke.23.5	2
262024	Luke.23.14	Luke.23.4-Luke.23.5	2
262027	Luke.23.14	Luke.23.1-Luke.23.2	2
262033	Luke.23.16	Luke.23.22	5
262042	Luke.23.19	Luke.23.2	2
262043	Luke.23.19	Luke.23.5	2
262051	Luke.23.21	Luke.23.23	2
262054	Luke.23.22	Luke.23.16	2
262056	Luke.23.22	Luke.23.20	2
262057	Luke.23.22	Luke.23.14	3
262058	Luke.23.23	Luke.23.5	2
262068	Luke.23.25	Luke.23.2	3
262074	Luke.23.25	Luke.23.5	3
262085	Luke.23.27	Luke.23.55	3
262152	Luke.23.34	Luke.23.47-Luke.23.48	6
262187	Luke.23.36	Luke.23.11	2
262201	Luke.23.38	Luke.23.3	3
262202	Luke.23.39	Luke.23.35	5
262205	Luke.23.39	Luke.23.37	4
262297	Luke.23.47	Luke.23.41	3
262304	Luke.23.49	Luke.23.55	4
262311	Luke.23.49	Luke.23.27	3
262332	Luke.23.51	Luke.23.42	2
262345	Luke.23.55	Luke.23.49	6
262362	Luke.24.1	Luke.24.10	5
262370	Luke.24.3	Luke.24.23	4
262395	Luke.24.6	Luke.24.44-Luke.24.46	5
262409	Luke.24.9	Luke.24.22-Luke.24.24	3
262420	Luke.24.11	Luke.24.25	2
262425	Luke.24.13	Luke.24.18	3
262432	Luke.24.15	Luke.24.36	5
262434	Luke.24.16	Luke.24.31	7
262476	Luke.24.24	Luke.24.12	4
262482	Luke.24.26	Luke.24.46	5
262487	Luke.24.26	Luke.24.44	3
262489	Luke.24.26	Luke.24.7	3
262501	Luke.24.27	Luke.24.44	23
262526	Luke.24.27	Luke.24.25	5
262550	Luke.24.30	Luke.24.35	5
262557	Luke.24.31	Luke.24.16	7
262563	Luke.24.32	Luke.24.45	15
262577	Luke.24.35	Luke.24.30-Luke.24.31	4
262621	Luke.24.44	Luke.24.6-Luke.24.7	12
262679	Luke.24.44	Luke.24.46	7
262684	Luke.24.44	Luke.24.26-Luke.24.27	30
262709	Luke.24.45	Luke.24.32	19
262721	Luke.24.46	Luke.24.44	12
262722	Luke.24.46	Luke.24.7	9
262724	Luke.24.46	Luke.24.26-Luke.24.27	10
262834	John.1.1	John.1.2	150
262848	John.1.1	John.1.14	207
262864	John.1.1	John.1.18	47
262880	John.1.3	John.1.10	39
262895	John.1.4	John.1.8-John.1.9	12
262913	John.1.5	John.1.10	29
262927	John.1.6	John.1.33	12
262936	John.1.7	John.1.15	5
262937	John.1.7	John.1.19	3
262938	John.1.7	John.1.9	9
262941	John.1.7	John.1.32-John.1.34	10
262942	John.1.7	John.1.36	10
262945	John.1.7	John.1.12	10
262946	John.1.7	John.1.26-John.1.27	8
262950	John.1.8	John.1.20	15
262961	John.1.9	John.1.4	26
262962	John.1.9	John.1.7	16
262969	John.1.10	John.1.5	9
262971	John.1.10	John.1.18	10
263007	John.1.12	John.1.7	18
263043	John.1.14	John.1.1	80
263081	John.1.14	John.1.16-John.1.18	21
263097	John.1.15	John.1.1-John.1.2	6
263102	John.1.15	John.1.7-John.1.8	5
263114	John.1.15	John.1.27	4
263153	John.1.17	John.1.14	19
263182	John.1.18	John.1.14	18
263231	John.1.21	John.1.25	7
263262	John.1.25	John.1.20-John.1.22	6
263273	John.1.26	John.1.10-John.1.11	8
263280	John.1.27	John.1.15	6
263281	John.1.27	John.1.30	8
263298	John.1.29	John.1.36	20
263343	John.1.30	John.1.15	8
263344	John.1.30	John.1.27	8
263348	John.1.31	John.1.7	5
263355	John.1.31	John.1.33	5
263361	John.1.32	John.1.7	8
263374	John.1.33	John.1.31	5
263396	John.1.34	John.1.49	11
263413	John.1.34	John.1.18	3
263422	John.1.36	John.1.29	11
263425	John.1.37	John.1.43	6
263442	John.1.38	John.1.49	7
263459	John.1.39	John.1.46	7
263469	John.1.40	John.1.40-John.1.42	4
263480	John.1.41	John.1.36-John.1.37	2
263488	John.1.41	John.1.45	6
263508	John.1.42	John.1.47-John.1.48	2
263510	John.1.43	John.1.28	3
263516	John.1.43	John.1.35	2
263550	John.1.45	John.1.46-John.1.48	10
263593	John.1.49	John.1.38	3
263596	John.1.49	John.1.34	5
263599	John.1.49	John.1.18	4
263741	John.2.7	John.2.3	4
263742	John.2.7	John.2.5	5
263753	John.2.8	John.2.9	4
263769	John.2.11	John.2.23	5
263810	John.2.13	John.2.23	5
263885	John.2.22	John.2.11	1
263889	John.2.22	John.2.17	2
263898	John.2.23	John.2.13	2
263925	John.3.1	John.3.10	6
263945	John.3.2	John.3.26	3
263960	John.3.3	John.3.5-John.3.6	80
263978	John.3.4	John.3.3	5
263994	John.3.5	John.3.3	22
264034	John.3.7	John.3.12	4
264043	John.3.7	John.3.3	12
264063	John.3.9	John.3.4	4
264106	John.3.11	John.3.5	3
264107	John.3.11	John.3.32-John.3.34	5
264109	John.3.11	John.3.3	3
264111	John.3.11	John.3.13	3
264125	John.3.12	John.3.3	3
264128	John.3.12	John.3.8	4
264129	John.3.12	John.3.5	4
264134	John.3.12	John.3.13-John.3.17	4
264137	John.3.13	John.3.31	11
264172	John.3.15	John.3.16	20
264184	John.3.15	John.3.36	15
264209	John.3.16	John.3.36	376
264215	John.3.16	John.3.15	499
264269	John.3.18	John.3.36	19
264337	John.3.22	John.3.26	5
264371	John.3.26	John.3.2	2
264477	John.3.31	John.3.12-John.3.13	13
264482	John.3.32	John.3.11	9
264486	John.3.32	John.3.33	1
264522	John.3.34	John.3.17	5
264560	John.3.36	John.3.3	12
264579	John.3.36	John.3.15-John.3.16	25
264610	John.4.5	John.4.12	4
264625	John.4.7	John.4.10	2
264628	John.4.8	John.4.5	1
264629	John.4.8	John.4.39	1
264640	John.4.9	John.4.27	3
264674	John.4.10	John.4.25-John.4.26	6
264676	John.4.10	John.4.14	76
264689	John.4.12	John.4.6	1
264728	John.4.16	John.4.18	2
264747	John.4.19	John.4.29	2
264776	John.4.21	John.4.23	5
264813	John.4.23	John.4.21	15
264859	John.4.25	John.4.42	5
264863	John.4.25	John.4.29	5
264874	John.4.27	John.4.8-John.4.9	3
264878	John.4.28	John.4.7	4
264881	John.4.29	John.4.25	4
264885	John.4.29	John.4.17-John.4.18	3
264906	John.4.32	John.4.34	10
264924	John.4.34	John.4.32	20
264968	John.4.39	John.4.29	7
264970	John.4.39	John.4.5	4
264972	John.4.39	John.4.42	2
264997	John.4.42	John.4.29	4
265014	John.4.43	John.4.40	2
265016	John.4.43	John.4.46	1
265043	John.4.47	John.4.3	2
265045	John.4.47	John.4.54	1
265072	John.4.48	John.4.41-John.4.42	4
265109	John.4.54	John.4.45	1
265136	John.5.5	John.5.14	6
265158	John.5.7	John.5.3	1
265165	John.5.9	John.5.10-John.5.12	3
265171	John.5.9	John.5.14	3
265180	John.5.10	John.5.16	3
265214	John.5.14	John.5.5	4
265229	John.5.15	John.5.12	3
265236	John.5.16	John.5.13	2
265253	John.5.18	John.5.16	5
265267	John.5.18	John.5.23	8
265273	John.5.19	John.5.21	8
265289	John.5.19	John.5.24-John.5.26	8
265301	John.5.19	John.5.28-John.5.30	18
265313	John.5.20	John.5.21	2
265322	John.5.20	John.5.25	2
265324	John.5.20	John.5.29	2
265356	John.5.22	John.5.27	20
265437	John.5.25	John.5.28	20
265439	John.5.25	John.5.21	7
265478	John.5.27	John.5.22	4
265521	John.5.30	John.5.19	32
265537	John.5.32	John.5.36-John.5.37	2
265556	John.5.34	John.5.41	3
265580	John.5.36	John.5.32	3
265603	John.5.38	John.5.46-John.5.47	3
265618	John.5.38	John.5.42-John.5.43	3
265620	John.5.39	John.5.36	10
265631	John.5.39	John.5.46	18
265632	John.5.39	John.5.32	11
265683	John.5.40	John.5.44	2
265688	John.5.41	John.5.34	4
265693	John.5.41	John.5.44	4
265700	John.5.42	John.5.44	3
265779	John.6.1	John.6.23	10
265798	John.6.3	John.6.15	5
265845	John.6.9	John.6.7	4
265854	John.6.11	John.6.23	7
265908	John.6.17	John.6.24-John.6.25	4
265939	John.6.22	John.6.2	2
265943	John.6.23	John.6.1	4
265944	John.6.23	John.6.11-John.6.12	2
265947	John.6.24	John.6.59	2
265948	John.6.24	John.6.17	4
265954	John.6.24	John.6.23	2
265960	John.6.26	John.6.2	6
265964	John.6.26	John.6.24	4
265966	John.6.26	John.6.30	1
265969	John.6.26	John.6.64	1
265972	John.6.26	John.6.15	1
265973	John.6.26	John.6.47	1
265974	John.6.26	John.6.53	1
265984	John.6.27	John.6.51	16
265990	John.6.27	John.6.40	18
265991	John.6.27	John.6.54	30
265992	John.6.27	John.6.28-John.6.29	8
266014	John.6.27	John.6.58	13
266018	John.6.27	John.6.68	10
266067	John.6.30	John.6.36	3
266084	John.6.31	John.6.58	5
266085	John.6.31	John.6.49	7
266094	John.6.32	John.6.35	2
266095	John.6.32	John.6.41	2
266097	John.6.32	John.6.33	2
266101	John.6.32	John.6.55	2
266103	John.6.32	John.6.50	2
266105	John.6.32	John.6.58	3
266106	John.6.33	John.6.38	3
266112	John.6.33	John.6.50	4
266114	John.6.33	John.6.48	3
266117	John.6.34	John.6.26	3
266123	John.6.35	John.6.41	34
266124	John.6.35	John.6.37	18
266127	John.6.35	John.6.44-John.6.45	9
266131	John.6.35	John.6.65	15
266137	John.6.36	John.6.40	2
266139	John.6.36	John.6.26	4
266141	John.6.36	John.6.64	2
266142	John.6.36	John.6.30	2
266147	John.6.37	John.6.65	9
266168	John.6.37	John.6.39	27
266171	John.6.37	John.6.44-John.6.45	7
266185	John.6.38	John.6.33	12
266200	John.6.39	John.6.37	4
266204	John.6.39	John.6.44	8
266206	John.6.39	John.6.40	13
266207	John.6.39	John.6.54	9
266209	John.6.40	John.6.54	18
266237	John.6.40	John.6.35-John.6.37	2
266238	John.6.40	John.6.27	7
266239	John.6.41	John.6.58	2
266240	John.6.41	John.6.60	3
266241	John.6.41	John.6.43	2
266243	John.6.41	John.6.48	4
266245	John.6.41	John.6.66	3
266248	John.6.41	John.6.33	4
266249	John.6.41	John.6.51-John.6.52	5
266253	John.6.42	John.6.38	2
266254	John.6.42	John.6.62	2
266265	John.6.43	John.6.64	4
266272	John.6.44	John.6.39-John.6.40	36
266286	John.6.44	John.6.45	17
266287	John.6.44	John.6.65	76
266289	John.6.45	John.6.65	32
266307	John.6.45	John.6.37	28
266323	John.6.47	John.6.54	7
266327	John.6.47	John.6.40	7
266330	John.6.48	John.6.33-John.6.35	6
266333	John.6.48	John.6.51	13
266334	John.6.48	John.6.41	7
266336	John.6.49	John.6.58	2
266340	John.6.49	John.6.31	2
266343	John.6.50	John.6.51	5
266345	John.6.50	John.6.33	7
266346	John.6.50	John.6.58	5
266347	John.6.50	John.6.42	3
266364	John.6.51	John.6.33	18
266379	John.6.52	John.6.41	4
266380	John.6.53	John.6.26-John.6.27	12
266391	John.6.53	John.6.55	22
266396	John.6.53	John.6.47	14
266397	John.6.54	John.6.39-John.6.40	10
266399	John.6.54	John.6.27	9
266406	John.6.54	John.6.63	7
266407	John.6.54	John.6.47	7
266408	John.6.55	John.6.32	8
266447	John.6.58	John.6.41	3
266448	John.6.58	John.6.31-John.6.34	3
266450	John.6.58	John.6.47-John.6.51	5
266452	John.6.59	John.6.24	4
266458	John.6.60	John.6.41-John.6.42	3
266459	John.6.60	John.6.66	8
266466	John.6.61	John.6.64	4
266479	John.6.62	John.6.27	2
266504	John.6.63	John.6.68	46
266510	John.6.64	John.6.36	3
266514	John.6.64	John.6.66	3
266517	John.6.64	John.6.70-John.6.71	4
266524	John.6.64	John.6.61	4
266525	John.6.65	John.6.37	18
266528	John.6.65	John.6.44-John.6.45	21
266538	John.6.66	John.6.60	15
266543	John.6.66	John.6.64	11
266554	John.6.67	John.6.70	7
266560	John.6.68	John.6.40	12
266561	John.6.68	John.6.63	15
266595	John.6.70	John.6.64	6
266615	John.7.1	John.7.19	7
266618	John.7.1	John.7.25	1
266638	John.7.3	John.7.5	5
266643	John.7.3	John.7.10	2
266659	John.7.5	John.7.3	3
266660	John.7.5	John.7.10	3
266664	John.7.6	John.7.8	149
266670	John.7.6	John.7.30	141
266698	John.7.8	John.7.30	2
266702	John.7.8	John.7.6	7
266710	John.7.10	John.7.3	2
266712	John.7.10	John.7.5	2
266719	John.7.12	John.7.47	3
266720	John.7.12	John.7.40-John.7.43	4
266721	John.7.12	John.7.25-John.7.27	1
266727	John.7.12	John.7.32	3
266728	John.7.12	John.7.52	2
266752	John.7.14	John.7.2	2
266755	John.7.14	John.7.37	2
266756	John.7.14	John.7.28	5
266765	John.7.15	John.7.46	3
266830	John.7.19	John.7.1	5
266832	John.7.19	John.7.25	2
266859	John.7.21	John.7.23	2
266882	John.7.25	John.7.10-John.7.11	3
266896	John.7.26	John.7.48	3
266910	John.7.27	John.7.41-John.7.42	7
266935	John.7.28	John.7.14	1
266968	John.7.30	John.7.44-John.7.46	2
266973	John.7.30	John.7.6	5
266975	John.7.30	John.7.32	4
266984	John.7.30	John.7.8	2
266988	John.7.30	John.7.19	2
267061	John.7.36	John.7.34	3
267091	John.7.37	John.7.28	4
267131	John.7.39	John.7.12	3
267171	John.7.41	John.7.31	2
267175	John.7.41	John.7.52	6
267180	John.7.42	John.7.27	2
267194	John.7.43	John.7.12	3
267205	John.7.44	John.7.30	5
267206	John.7.45	John.7.32	3
267209	John.7.46	John.7.26	3
267211	John.7.47	John.7.12	5
267220	John.7.48	John.7.50	2
267223	John.7.48	John.7.26	3
267245	John.7.52	John.7.41	12
267261	John.8.2	John.8.20	2
267283	John.8.6	John.8.2	1
267323	John.8.9	John.8.10	4
267329	John.8.9	John.8.12	3
267339	John.8.9	John.8.2	2
267363	John.8.11	John.8.15	28
267410	John.8.14	John.8.42	4
267421	John.8.15	John.8.11	3
267433	John.8.16	John.8.29	5
267460	John.8.18	John.8.58	5
267462	John.8.18	John.8.12	4
267463	John.8.18	John.8.51	4
267466	John.8.18	John.8.25	4
267468	John.8.18	John.8.38	5
267479	John.8.19	John.8.54-John.8.55	20
267496	John.8.20	John.8.59	2
267525	John.8.21	John.8.24	6
267529	John.8.22	John.8.48	3
267535	John.8.22	John.8.52	4
267553	John.8.24	John.8.21	5
267570	John.8.25	John.8.12	3
267579	John.8.26	John.8.40	5
267581	John.8.26	John.8.16-John.8.17	2
267586	John.8.27	John.8.47	2
267590	John.8.27	John.8.43	2
267606	John.8.28	John.8.24	2
267614	John.8.29	John.8.16	11
267647	John.8.31	John.8.36	13
267696	John.8.32	John.8.36	87
267698	John.8.33	John.8.39	5
267702	John.8.33	John.8.37	2
267741	John.8.36	John.8.31-John.8.32	53
267752	John.8.37	John.8.45-John.8.47	8
267755	John.8.37	John.8.6	2
267758	John.8.37	John.8.43	4
267763	John.8.37	John.8.33	1
267766	John.8.37	John.8.59	5
267767	John.8.37	John.8.39-John.8.40	2
267771	John.8.38	John.8.41	6
267774	John.8.38	John.8.26	5
267778	John.8.38	John.8.44	8
267790	John.8.39	John.8.37	8
267793	John.8.40	John.8.37-John.8.38	2
267797	John.8.40	John.8.26	8
267799	John.8.40	John.8.56	2
267811	John.8.41	John.8.38	5
267819	John.8.41	John.8.44	5
267845	John.8.43	John.8.27	5
267877	John.8.44	John.8.41	20
267878	John.8.44	John.8.38	25
267901	John.8.46	John.8.7	3
267907	John.8.47	John.8.43	6
267912	John.8.47	John.8.45	8
267916	John.8.47	John.8.37	8
267926	John.8.48	John.8.52	4
267937	John.8.49	John.8.29	2
267948	John.8.50	John.8.54	5
267952	John.8.51	John.8.12	8
267959	John.8.51	John.8.55	10
267961	John.8.52	John.8.48	3
267963	John.8.52	John.8.51	3
267970	John.8.53	John.8.58	2
267984	John.8.54	John.8.41	4
267990	John.8.54	John.8.50	7
268015	John.8.55	John.8.29	2
268018	John.8.55	John.8.19	7
268020	John.8.55	John.8.44	6
268028	John.8.55	John.8.51	4
268031	John.8.56	John.8.39	9
268037	John.8.56	John.8.37	3
268058	John.8.58	John.8.51	7
268059	John.8.58	John.8.34	4
268062	John.8.59	John.8.5-John.8.6	2
268082	John.9.2	John.9.34	8
268149	John.9.7	John.9.11	5
268150	John.9.7	John.9.39	2
268161	John.9.10	John.9.26	2
268163	John.9.10	John.9.21	2
268164	John.9.10	John.9.15	2
268166	John.9.11	John.9.6-John.9.7	3
268167	John.9.11	John.9.27	2
268184	John.9.15	John.9.26-John.9.27	2
268185	John.9.15	John.9.10-John.9.11	2
268188	John.9.16	John.9.30-John.9.33	2
268189	John.9.16	John.9.24	2
268214	John.9.18	John.9.22	2
268216	John.9.19	John.9.8-John.9.9	2
268222	John.9.22	John.9.34	3
268239	John.9.23	John.9.21	3
268240	John.9.24	John.9.16	5
268261	John.9.25	John.9.30	6
268273	John.9.28	John.9.34	2
268295	John.9.29	John.9.24	2
268299	John.9.29	John.9.16	2
268350	John.9.33	John.9.16	5
268358	John.9.34	John.9.22	5
268363	John.9.34	John.9.40	2
268381	John.9.34	John.9.35	2
268384	John.9.34	John.9.2	5
268441	John.9.39	John.9.25	2
268443	John.9.39	John.9.36-John.9.38	2
268466	John.9.40	John.9.34	2
268502	John.10.1	John.10.8-John.10.10	22
268516	John.10.2	John.10.14	9
268518	John.10.2	John.10.9	4
268520	John.10.2	John.10.7	3
268526	John.10.2	John.10.11-John.10.12	4
268533	John.10.3	John.10.14	6
268535	John.10.3	John.10.4	8
268549	John.10.3	John.10.16	6
268551	John.10.3	John.10.26-John.10.27	5
268563	John.10.4	John.10.8	6
268576	John.10.4	John.10.16	14
268608	John.10.7	John.10.1	21
268611	John.10.7	John.10.9	18
268618	John.10.8	John.10.5	2
268626	John.10.8	John.10.1	4
268627	John.10.8	John.10.27	3
268630	John.10.9	John.10.7	40
268637	John.10.9	John.10.1	38
268643	John.10.10	John.10.1	77
268667	John.10.11	John.10.17-John.10.18	17
268673	John.10.11	John.10.14-John.10.15	57
268690	John.10.12	John.10.3	3
268711	John.10.14	John.10.11	16
268722	John.10.14	John.10.27	21
268725	John.10.15	John.10.11	10
268734	John.10.15	John.10.17-John.10.18	4
268777	John.10.16	John.10.2	6
268779	John.10.16	John.10.27	10
268786	John.10.16	John.10.11	9
268788	John.10.17	John.10.15	9
268789	John.10.17	John.10.18	11
268795	John.10.17	John.10.11	8
268801	John.10.18	John.10.15	5
268810	John.10.18	John.10.17	11
268815	John.10.18	John.10.11	7
268864	John.10.25	John.10.38	6
268874	John.10.25	John.10.32	2
268883	John.10.26	John.10.27	5
268887	John.10.26	John.10.4	4
268894	John.10.27	John.10.16	74
268904	John.10.27	John.10.14	69
268905	John.10.27	John.10.8	29
268911	John.10.27	John.10.3-John.10.4	46
269004	John.10.32	John.10.37	2
269005	John.10.32	John.10.25	1
269020	John.10.33	John.10.30	8
269066	John.10.36	John.10.30-John.10.33	4
269099	John.10.37	John.10.32	2
269100	John.10.37	John.10.25	4
269110	John.10.38	John.10.25	11
269113	John.10.38	John.10.30	12
269115	John.10.39	John.10.31	5
269147	John.11.1	John.11.3	4
269149	John.11.1	John.11.5-John.11.6	4
269154	John.11.1	John.11.11	6
269161	John.11.3	John.11.11	3
269162	John.11.3	John.11.1	1
269164	John.11.3	John.11.36	3
269168	John.11.3	John.11.5	8
269177	John.11.4	John.11.40	23
269191	John.11.5	John.11.8	1
269192	John.11.5	John.11.36	3
269233	John.11.11	John.11.43-John.11.44	5
269242	John.11.11	John.11.13	6
269246	John.11.11	John.11.3	2
269253	John.11.15	John.11.4	5
269259	John.11.15	John.11.35-John.11.36	5
269272	John.11.16	John.11.8	3
269276	John.11.17	John.11.39	7
269284	John.11.18	John.11.1	3
269285	John.11.19	John.11.31	6
269307	John.11.20	John.11.30	3
269315	John.11.21	John.11.37	4
269318	John.11.21	John.11.32	8
269323	John.11.22	John.11.41-John.11.42	11
269329	John.11.23	John.11.43-John.11.44	1
269416	John.11.28	John.11.20	3
269435	John.11.30	John.11.20	2
269436	John.11.31	John.11.19	5
269441	John.11.32	John.11.21	7
269447	John.11.32	John.11.37	1
269451	John.11.33	John.11.38	8
269480	John.11.35	John.11.33	19
269487	John.11.36	John.11.3	6
269492	John.11.37	John.11.21	2
269496	John.11.37	John.11.32	3
269500	John.11.38	John.11.33	6
269514	John.11.39	John.11.17	5
269520	John.11.40	John.11.23-John.11.26	32
269521	John.11.40	John.11.4	36
269548	John.11.42	John.11.31	2
269550	John.11.42	John.11.22	3
269573	John.11.44	John.11.39	2
269576	John.11.44	John.11.25-John.11.26	9
269588	John.11.45	John.11.19	5
269590	John.11.45	John.11.31	2
269608	John.11.47	John.11.57	3
269642	John.11.49	John.11.51	4
269645	John.11.50	John.11.48	2
269704	John.11.53	John.11.47	2
269755	John.11.56	John.11.7-John.11.8	2
269765	John.12.1	John.12.20	2
269778	John.12.2	John.12.9-John.12.10	4
269842	John.12.8	John.12.35	8
269868	John.12.11	John.12.18	4
269875	John.12.13	John.12.15	3
269919	John.12.16	John.12.23	4
269931	John.12.17	John.12.9	3
269946	John.12.18	John.12.11	7
269999	John.12.23	John.12.16	2
270011	John.12.24	John.12.32-John.12.33	23
270078	John.12.27	John.12.23	8
270145	John.12.32	John.12.34	4
270174	John.12.34	John.12.32	4
270180	John.12.35	John.12.46	15
270188	John.12.35	John.12.36	7
270197	John.12.35	John.12.39-John.12.40	5
270317	John.12.42	John.12.11	4
270331	John.12.43	John.12.26	7
270352	John.12.45	John.12.41	4
270359	John.12.46	John.12.35-John.12.36	14
270378	John.12.47	John.12.48	7
270438	John.13.1	John.13.34	8
270453	John.13.1	John.13.3	7
270482	John.13.2	John.13.26-John.13.27	3
270498	John.13.3	John.13.1	3
270511	John.13.5	John.13.10	1
270513	John.13.5	John.13.8	1
270534	John.13.5	John.13.12-John.13.14	3
270541	John.13.7	John.13.36	6
270545	John.13.7	John.13.10-John.13.12	8
270564	John.13.8	John.13.6	3
270601	John.13.11	John.13.26	5
270604	John.13.11	John.13.21	4
270605	John.13.11	John.13.18	5
270607	John.13.11	John.13.2	4
270611	John.13.12	John.13.4	3
270612	John.13.12	John.13.7	4
270679	John.13.18	John.13.10-John.13.11	4
270684	John.13.18	John.13.26	5
270717	John.13.21	John.13.18	7
270725	John.13.21	John.13.2	3
270741	John.13.23	John.13.25	3
270755	John.13.26	John.13.30	4
270766	John.13.27	John.13.2	5
270771	John.13.29	John.13.1	2
270874	John.13.36	John.13.33	4
270915	John.14.1	John.14.27-John.14.28	67
270966	John.14.3	John.14.28	15
270978	John.14.4	John.14.2	4
270979	John.14.4	John.14.28	3
271018	John.14.6	John.14.19	60
271045	John.14.7	John.14.9-John.14.10	7
271059	John.14.7	John.14.16-John.14.20	7
271078	John.14.9	John.14.20	18
271084	John.14.9	John.14.7	39
271111	John.14.10	John.14.20	7
271123	John.14.11	John.14.10	9
271131	John.14.12	John.14.28	12
271151	John.14.13	John.14.6	11
271164	John.14.13	John.14.14	33
271192	John.14.15	John.14.21-John.14.24	273
271207	John.14.16	John.14.14	13
271211	John.14.16	John.14.18	14
271215	John.14.16	John.14.26	63
271240	John.14.17	John.14.16	15
271249	John.14.17	John.14.23	13
271264	John.14.18	John.14.3	30
271270	John.14.18	John.14.16	19
271272	John.14.18	John.14.27-John.14.28	19
271293	John.14.19	John.14.6	5
271306	John.14.20	John.14.10	18
271330	John.14.21	John.14.15	102
271340	John.14.21	John.14.18	6
271341	John.14.21	John.14.22-John.14.24	22
271375	John.14.23	John.14.15	42
271377	John.14.23	John.14.21	51
271382	John.14.23	John.14.17	15
271398	John.14.24	John.14.21-John.14.23	7
271401	John.14.24	John.14.10	11
271402	John.14.24	John.14.15	5
271407	John.14.25	John.14.29	2
271483	John.14.26	John.14.16	76
271487	John.14.27	John.14.1	33
271557	John.14.28	John.14.12	3
271560	John.14.28	John.14.2-John.14.4	4
271568	John.14.28	John.14.18	6
271658	John.15.2	John.15.16	12
271668	John.15.2	John.15.8	37
271677	John.15.4	John.15.5-John.15.7	45
271704	John.15.5	John.15.16	123
271738	John.15.6	John.15.2	16
271754	John.15.7	John.15.16	95
271788	John.15.8	John.15.5	20
271789	John.15.9	John.15.13	12
271795	John.15.9	John.15.11	8
271889	John.15.15	John.15.20	7
271904	John.15.16	John.15.7-John.15.8	14
271917	John.15.16	John.15.19	76
271951	John.15.17	John.15.12	19
271966	John.15.18	John.15.23-John.15.25	7
271974	John.15.19	John.15.16	8
272127	John.16.1	John.16.4	6
272185	John.16.5	John.16.10	4
272188	John.16.5	John.16.16	2
272197	John.16.5	John.16.28	5
272198	John.16.6	John.16.20-John.16.22	5
272343	John.16.14	John.16.9-John.16.10	2
272368	John.16.16	John.16.22	5
272369	John.16.16	John.16.10	2
272370	John.16.16	John.16.17-John.16.19	3
272373	John.16.16	John.16.28	5
272381	John.16.16	John.16.5	3
272385	John.16.17	John.16.1	2
272389	John.16.17	John.16.16	7
272390	John.16.17	John.16.19	4
272393	John.16.17	John.16.5	6
272400	John.16.19	John.16.30	4
272404	John.16.19	John.16.16	4
272444	John.16.20	John.16.33	4
272447	John.16.20	John.16.6	4
272470	John.16.22	John.16.6	8
272479	John.16.22	John.16.16	1
272482	John.16.22	John.16.20	2
272515	John.16.23	John.16.19	4
272522	John.16.23	John.16.26	14
272525	John.16.23	John.16.30	2
272527	John.16.24	John.16.23	10
272546	John.16.25	John.16.2	2
272547	John.16.25	John.16.12	8
272552	John.16.25	John.16.16-John.16.17	2
272554	John.16.25	John.16.28-John.16.29	5
272558	John.16.26	John.16.23	1
272569	John.16.27	John.16.30	4
272589	John.16.28	John.16.16	3
272593	John.16.28	John.16.5	4
272599	John.16.29	John.16.25	3
272601	John.16.30	John.16.27-John.16.28	2
272602	John.16.30	John.16.17	3
272617	John.16.32	John.16.25	3
272624	John.16.32	John.16.2	3
272643	John.16.33	John.16.11	17
272674	John.17.1	John.17.4-John.17.5	30
272688	John.17.2	John.17.6	6
272700	John.17.2	John.17.24	12
272706	John.17.2	John.17.9	10
272719	John.17.3	John.17.21	20
272737	John.17.3	John.17.25	49
272753	John.17.3	John.17.8	15
272756	John.17.3	John.17.23	21
272785	John.17.5	John.17.24	9
272801	John.17.6	John.17.9-John.17.11	2
272811	John.17.6	John.17.16	2
272814	John.17.6	John.17.24	12
272816	John.17.6	John.17.2	7
272823	John.17.6	John.17.14	2
272830	John.17.6	John.17.26	17
272837	John.17.7	John.17.10	5
272840	John.17.8	John.17.18	4
272847	John.17.8	John.17.6-John.17.7	4
272848	John.17.8	John.17.14	17
272852	John.17.8	John.17.23	5
272856	John.17.8	John.17.21	7
272867	John.17.8	John.17.25-John.17.26	5
272869	John.17.9	John.17.6	12
272875	John.17.9	John.17.20	8
272878	John.17.9	John.17.2	18
272899	John.17.11	John.17.25	5
272937	John.17.11	John.17.21-John.17.22	12
272973	John.17.14	John.17.16	21
272999	John.17.16	John.17.14	18
273002	John.17.17	John.17.19	34
273023	John.17.18	John.17.3	5
273024	John.17.18	John.17.8	3
273027	John.17.18	John.17.21	3
273030	John.17.18	John.17.23	3
273042	John.17.19	John.17.17	10
273059	John.17.21	John.17.8	8
273066	John.17.21	John.17.18	1
273067	John.17.21	John.17.25	3
273070	John.17.21	John.17.11	24
273079	John.17.21	John.17.3	2
273081	John.17.21	John.17.22-John.17.23	11
273090	John.17.22	John.17.24	2
273111	John.17.23	John.17.24	7
273121	John.17.23	John.17.21	20
273131	John.17.23	John.17.26	8
273157	John.17.24	John.17.5	19
273160	John.17.25	John.17.21	2
273170	John.17.25	John.17.3	2
273181	John.17.25	John.17.18	2
273182	John.17.25	John.17.8	5
273188	John.17.25	John.17.11	6
273190	John.17.25	John.17.23	2
273202	John.17.26	John.17.6	14
273207	John.17.26	John.17.23	14
273229	John.18.1	John.18.26	5
273242	John.18.3	John.18.12	5
273270	John.18.4	John.18.7	4
273290	John.18.7	John.18.4	3
273307	John.18.10	John.18.26	5
273311	John.18.11	John.18.36	1
273333	John.18.12	John.18.3	5
273346	John.18.13	John.18.24	7
273360	John.18.17	John.18.5	2
273361	John.18.17	John.18.8	2
273363	John.18.17	John.18.16	3
273366	John.18.17	John.18.25	3
273377	John.18.18	John.18.25	4
273423	John.18.22	John.18.3	2
273433	John.18.24	John.18.13	8
273437	John.18.25	John.18.17-John.18.18	4
273444	John.18.26	John.18.1	4
273445	John.18.26	John.18.10	4
273460	John.18.28	John.18.33	8
273472	John.18.28	John.18.39	3
273532	John.18.33	John.18.37	4
273538	John.18.33	John.18.28-John.18.29	3
273545	John.18.35	John.18.28	2
273630	John.19.2	John.19.5	2
273634	John.19.3	John.19.19-John.19.22	2
273648	John.19.4	John.19.6	8
273653	John.19.5	John.19.2	5
273668	John.19.6	John.19.15	1
273671	John.19.6	John.19.4	3
273683	John.19.8	John.19.13	2
273740	John.19.13	John.19.8	2
273753	John.19.14	John.19.42	3
273755	John.19.14	John.19.19-John.19.22	2
273757	John.19.14	John.19.31-John.19.32	2
273760	John.19.14	John.19.5	4
273762	John.19.14	John.19.3	2
273768	John.19.15	John.19.6	3
273804	John.19.19	John.19.21	2
273807	John.19.19	John.19.14	3
273808	John.19.19	John.19.3	2
273811	John.19.19	John.19.12	2
273815	John.19.20	John.19.13	2
273823	John.19.21	John.19.14	2
273824	John.19.21	John.19.19	1
273826	John.19.22	John.19.12	1
273839	John.19.24	John.19.28	5
273841	John.19.24	John.19.36-John.19.37	6
273874	John.19.28	John.19.24	16
273875	John.19.28	John.19.30	36
273904	John.19.30	John.19.28	23
273912	John.19.31	John.19.42	7
273914	John.19.31	John.19.1	3
273922	John.19.31	John.19.14	10
273924	John.19.32	John.19.18	4
273959	John.19.35	John.19.26	2
273961	John.19.36	John.19.24	1
273966	John.19.36	John.19.28	5
274002	John.19.42	John.19.14	5
274003	John.19.42	John.19.31	5
274009	John.19.42	John.19.20	2
274010	John.19.42	John.19.41	3
274017	John.20.1	John.20.26	4
274021	John.20.1	John.20.18-John.20.19	4
274025	John.20.2	John.20.13	4
274026	John.20.2	John.20.15	1
274032	John.20.2	John.20.9	1
274038	John.20.5	John.20.11	2
274049	John.20.8	John.20.4	3
274051	John.20.8	John.20.29	2
274052	John.20.8	John.20.25	4
274075	John.20.11	John.20.5	5
274088	John.20.13	John.20.15	5
274098	John.20.13	John.20.2	2
274110	John.20.15	John.20.13	6
274148	John.20.17	John.20.27	4
274195	John.20.18	John.20.1	3
274204	John.20.19	John.20.21	9
274213	John.20.19	John.20.26	17
274219	John.20.20	John.20.27	4
274233	John.20.21	John.20.19	2
274293	John.20.26	John.20.21	3
274294	John.20.26	John.20.19	7
274302	John.20.27	John.20.25	10
274303	John.20.27	John.20.20	6
274312	John.20.28	John.20.31	8
274326	John.20.28	John.20.16	9
274332	John.20.29	John.20.8	18
274370	John.20.31	John.20.28	12
274428	John.21.7	John.21.24	3
274432	John.21.7	John.21.20	2
274447	John.21.9	John.21.13	4
274449	John.21.9	John.21.10	4
274459	John.21.12	John.21.15	1
274465	John.21.13	John.21.9	4
274493	John.21.15	John.21.16-John.21.17	4
274499	John.21.15	John.21.12	4
274510	John.21.15	John.21.7	4
274550	John.21.17	John.21.15-John.21.16	5
274577	John.21.19	John.21.22	6
274589	John.21.20	John.21.24	3
274590	John.21.20	John.21.7	6
274596	John.21.22	John.21.19	2
274650	Acts.1.2	Acts.1.13	3
274661	Acts.1.2	Acts.1.9	9
274683	Acts.1.2	Acts.1.11	3
274798	Acts.1.8	Acts.1.22	26
274807	Acts.1.8	Acts.1.5	47
274811	Acts.1.9	Acts.1.2	7
274949	Acts.1.16	Acts.1.20	16
274973	Acts.1.17	Acts.1.25	4
274998	Acts.1.20	Acts.1.25	11
275017	Acts.1.22	Acts.1.8-Acts.1.9	3
275020	Acts.1.22	Acts.1.2	4
275022	Acts.1.23	Acts.1.26	2
275102	Acts.2.3	Acts.2.4	7
275114	Acts.2.3	Acts.2.11	2
275158	Acts.2.4	Acts.2.11	6
275178	Acts.2.5	Acts.2.1	3
275187	Acts.2.6	Acts.2.2	1
275194	Acts.2.7	Acts.2.12	5
275294	Acts.2.12	Acts.2.7	2
275301	Acts.2.13	Acts.2.15	3
275314	Acts.2.14	Acts.2.22	3
275471	Acts.2.24	Acts.2.32	17
275515	Acts.2.25	Acts.2.29-Acts.2.30	3
275526	Acts.2.27	Acts.2.31	12
275603	Acts.2.31	Acts.2.27	13
275608	Acts.2.32	Acts.2.24	3
275626	Acts.2.33	Acts.2.38-Acts.2.39	2
275640	Acts.2.33	Acts.2.17	8
275672	Acts.2.36	Acts.2.22-Acts.2.23	4
275723	Acts.2.38	Acts.2.16-Acts.2.18	28
275816	Acts.2.41	Acts.2.37	5
275817	Acts.2.41	Acts.2.47	9
275852	Acts.2.42	Acts.2.46	26
275908	Acts.2.46	Acts.2.42	13
275928	Acts.2.47	Acts.2.39	13
275931	Acts.2.47	Acts.2.41	15
275967	Acts.3.4	Acts.3.12	3
275981	Acts.3.6	Acts.3.16	26
276011	Acts.3.10	Acts.3.2	4
276126	Acts.3.16	Acts.3.6	13
276129	Acts.3.16	Acts.3.8	7
276192	Acts.3.19	Acts.3.21	4
276298	Acts.3.24	Acts.3.19	2
276301	Acts.3.24	Acts.3.21	8
276341	Acts.3.26	Acts.3.15	4
276344	Acts.3.26	Acts.3.20	2
276361	Acts.3.26	Acts.3.22	6
276364	Acts.3.26	Acts.3.25	5
276382	Acts.4.1	Acts.4.6	2
276431	Acts.4.5	Acts.4.8	3
276452	Acts.4.7	Acts.4.10	2
276455	Acts.4.8	Acts.4.5	2
276459	Acts.4.8	Acts.4.31	4
276531	Acts.4.14	Acts.4.21	1
276532	Acts.4.14	Acts.4.10	2
276534	Acts.4.14	Acts.4.16	2
276555	Acts.4.17	Acts.4.21	2
276559	Acts.4.17	Acts.4.29-Acts.4.30	2
276629	Acts.4.21	Acts.4.17	2
276692	Acts.4.27	Acts.4.30	5
276758	Acts.4.29	Acts.4.17-Acts.4.18	5
276763	Acts.4.29	Acts.4.31	9
276770	Acts.4.29	Acts.4.21	4
276773	Acts.4.29	Acts.4.13	11
276785	Acts.4.30	Acts.4.27	6
276794	Acts.4.30	Acts.4.10	2
276800	Acts.4.31	Acts.4.29	13
276840	Acts.4.33	Acts.4.30	7
276857	Acts.4.35	Acts.4.37	3
276878	Acts.4.37	Acts.4.34-Acts.4.35	3
276887	Acts.5.2	Acts.5.3	2
276910	Acts.5.3	Acts.5.2	3
276911	Acts.5.3	Acts.5.9	6
276915	Acts.5.3	Acts.5.4	3
276927	Acts.5.4	Acts.5.9	3
276943	Acts.5.4	Acts.5.3	7
276957	Acts.5.5	Acts.5.10-Acts.5.11	6
276958	Acts.5.5	Acts.5.13	3
276977	Acts.5.8	Acts.5.2	2
276982	Acts.5.9	Acts.5.3-Acts.5.4	5
276993	Acts.5.9	Acts.5.6	1
277001	Acts.5.10	Acts.5.5	1
277007	Acts.5.11	Acts.5.5	9
277039	Acts.5.13	Acts.5.5	2
277151	Acts.5.21	Acts.5.17	2
277152	Acts.5.21	Acts.5.24-Acts.5.25	2
277156	Acts.5.21	Acts.5.27	2
277158	Acts.5.21	Acts.5.41	2
277159	Acts.5.21	Acts.5.34	2
277168	Acts.5.23	Acts.5.19	2
277183	Acts.5.24	Acts.5.26	4
277191	Acts.5.26	Acts.5.24	2
277193	Acts.5.26	Acts.5.13	4
277205	Acts.5.28	Acts.5.40	3
277303	Acts.5.32	Acts.5.29	4
277362	Acts.5.38	Acts.5.35	1
277394	Acts.5.40	Acts.5.28	3
277438	Acts.5.42	Acts.5.20-Acts.5.21	2
277461	Acts.6.1	Acts.6.7	6
277485	Acts.6.3	Acts.6.6	4
277527	Acts.6.5	Acts.6.10	3
277533	Acts.6.5	Acts.6.8	4
277537	Acts.6.5	Acts.6.3	4
277578	Acts.6.8	Acts.6.15	6
277579	Acts.6.8	Acts.6.10	7
277580	Acts.6.8	Acts.6.5	8
277582	Acts.6.8	Acts.6.3	5
277642	Acts.6.11	Acts.6.13	2
277665	Acts.6.13	Acts.6.11	4
277867	Acts.7.17	Acts.7.6	3
277907	Acts.7.24	Acts.7.28	3
277938	Acts.7.27	Acts.7.54	2
277944	Acts.7.27	Acts.7.39	2
277945	Acts.7.27	Acts.7.35	3
277951	Acts.7.30	Acts.7.35	5
277960	Acts.7.30	Acts.7.32	4
277972	Acts.7.30	Acts.7.17	3
278021	Acts.7.35	Acts.7.27-Acts.7.28	1
278034	Acts.7.35	Acts.7.51	2
278040	Acts.7.35	Acts.7.30	2
278056	Acts.7.36	Acts.7.42	3
278083	Acts.7.37	Acts.7.38	5
278098	Acts.7.38	Acts.7.53	5
278103	Acts.7.38	Acts.7.35	2
278117	Acts.7.38	Acts.7.30	2
278132	Acts.7.39	Acts.7.27	1
278133	Acts.7.39	Acts.7.51-Acts.7.52	3
278167	Acts.7.42	Acts.7.36	6
278285	Acts.7.51	Acts.7.39	5
278294	Acts.7.51	Acts.7.9	4
278305	Acts.7.51	Acts.7.35	2
278306	Acts.7.51	Acts.7.27	4
278349	Acts.7.53	Acts.7.38	11
278409	Acts.7.57	Acts.7.54	2
278475	Acts.8.1	Acts.8.4	3
278476	Acts.8.1	Acts.8.14	4
278509	Acts.8.4	Acts.8.1	5
278515	Acts.8.5	Acts.8.40	4
278525	Acts.8.5	Acts.8.14-Acts.8.15	1
278527	Acts.8.5	Acts.8.1	2
278528	Acts.8.5	Acts.8.35-Acts.8.36	4
278552	Acts.8.8	Acts.8.39	3
278576	Acts.8.9	Acts.8.11	3
278589	Acts.8.11	Acts.8.9	4
278601	Acts.8.12	Acts.8.35-Acts.8.38	2
278613	Acts.8.13	Acts.8.6-Acts.8.7	4
278618	Acts.8.13	Acts.8.21	1
278637	Acts.8.14	Acts.8.1	3
278657	Acts.8.17	Acts.8.18	5
278677	Acts.8.19	Acts.8.9-Acts.8.11	2
278679	Acts.8.19	Acts.8.17	2
278696	Acts.8.20	Acts.8.22	4
278725	Acts.8.22	Acts.8.20	3
278776	Acts.8.25	Acts.8.40	2
278847	Acts.8.30	Acts.8.27	2
278961	Acts.8.40	Acts.8.25	2
278987	Acts.9.2	Acts.9.14	3
279004	Acts.9.3	Acts.9.17	2
279053	Acts.9.6	Acts.9.15-Acts.9.16	3
279077	Acts.9.8	Acts.9.18	8
279080	Acts.9.9	Acts.9.11-Acts.9.12	1
279118	Acts.9.11	Acts.9.30	8
279126	Acts.9.12	Acts.9.17-Acts.9.18	2
279127	Acts.9.12	Acts.9.10	2
279132	Acts.9.13	Acts.9.1	3
279144	Acts.9.13	Acts.9.32	2
279147	Acts.9.14	Acts.9.2-Acts.9.3	3
279150	Acts.9.14	Acts.9.21	9
279195	Acts.9.16	Acts.9.14	2
279210	Acts.9.17	Acts.9.4-Acts.9.5	2
279258	Acts.9.20	Acts.9.27-Acts.9.28	3
279265	Acts.9.20	Acts.9.22	3
279275	Acts.9.21	Acts.9.1-Acts.9.2	2
279278	Acts.9.21	Acts.9.13-Acts.9.14	5
279302	Acts.9.23	Acts.9.16	2
279318	Acts.9.24	Acts.9.29-Acts.9.30	2
279330	Acts.9.26	Acts.9.19	3
279336	Acts.9.27	Acts.9.20-Acts.9.22	2
279341	Acts.9.27	Acts.9.17	1
279343	Acts.9.27	Acts.9.3-Acts.9.6	2
279361	Acts.9.29	Acts.9.27	2
279363	Acts.9.29	Acts.9.20-Acts.9.23	2
279371	Acts.9.30	Acts.9.11	4
279377	Acts.9.30	Acts.9.24-Acts.9.25	2
279432	Acts.9.32	Acts.9.13	4
279438	Acts.9.32	Acts.9.41	2
279477	Acts.9.35	Acts.9.42	5
279516	Acts.9.37	Acts.9.39	2
279519	Acts.9.38	Acts.9.32	2
279521	Acts.9.38	Acts.9.36	3
279526	Acts.9.39	Acts.9.41	2
279529	Acts.9.39	Acts.9.36-Acts.9.37	2
279567	Acts.9.42	Acts.9.35	3
279594	Acts.10.2	Acts.10.35	5
279612	Acts.10.2	Acts.10.31	2
279635	Acts.10.2	Acts.10.4	9
279637	Acts.10.2	Acts.10.7	4
279639	Acts.10.2	Acts.10.22	7
279649	Acts.10.3	Acts.10.30	3
279656	Acts.10.3	Acts.10.19	3
279661	Acts.10.3	Acts.10.17	3
279663	Acts.10.4	Acts.10.31	15
279684	Acts.10.5	Acts.10.32	2
279700	Acts.10.7	Acts.10.1-Acts.10.2	2
279707	Acts.10.8	Acts.10.33	2
279771	Acts.10.13	Acts.10.10	1
279777	Acts.10.14	Acts.10.28	2
279792	Acts.10.15	Acts.10.28	8
279808	Acts.10.17	Acts.10.3	2
279814	Acts.10.18	Acts.10.5-Acts.10.6	2
279832	Acts.10.21	Acts.10.29	2
279837	Acts.10.22	Acts.10.6	2
279851	Acts.10.22	Acts.10.2	3
279852	Acts.10.22	Acts.10.33	2
279866	Acts.10.23	Acts.10.29	2
279867	Acts.10.23	Acts.10.33	2
279872	Acts.10.23	Acts.10.45	5
279909	Acts.10.27	Acts.10.24	3
279913	Acts.10.28	Acts.10.34-Acts.10.35	2
279919	Acts.10.28	Acts.10.14-Acts.10.15	1
279924	Acts.10.29	Acts.10.19-Acts.10.20	2
279927	Acts.10.30	Acts.10.7-Acts.10.9	1
279928	Acts.10.30	Acts.10.3	6
279929	Acts.10.30	Acts.10.23-Acts.10.24	2
279939	Acts.10.31	Acts.10.4	11
280007	Acts.10.35	Acts.10.2	11
280133	Acts.10.39	Acts.10.41	4
280151	Acts.10.41	Acts.10.39	6
280228	Acts.10.45	Acts.10.23	6
280404	Acts.11.17	Acts.11.15	2
280444	Acts.11.18	Acts.11.1	2
280452	Acts.11.19	Acts.11.26-Acts.11.27	2
280480	Acts.11.21	Acts.11.24	2
280504	Acts.11.22	Acts.11.1	2
280541	Acts.11.24	Acts.11.21	6
280567	Acts.11.26	Acts.11.22	3
280570	Acts.11.26	Acts.11.27	3
280580	Acts.11.26	Acts.11.20	3
280608	Acts.11.29	Acts.11.26	2
280615	Acts.11.29	Acts.11.1	2
280688	Acts.12.5	Acts.12.12	6
280710	Acts.12.7	Acts.12.23	4
280739	Acts.12.7	Acts.12.6	2
280756	Acts.12.10	Acts.12.4	3
280787	Acts.12.11	Acts.12.7	3
280792	Acts.12.12	Acts.12.25	5
280800	Acts.12.12	Acts.12.5	7
280802	Acts.12.13	Acts.12.16	3
280843	Acts.12.19	Acts.12.6	2
280847	Acts.12.19	Acts.12.4	2
280928	Acts.12.25	Acts.12.12	7
280942	Acts.13.1	Acts.13.9	6
280974	Acts.13.2	Acts.13.3	3
281006	Acts.13.3	Acts.13.2	6
281015	Acts.13.4	Acts.13.2	4
281019	Acts.13.5	Acts.13.46	5
281022	Acts.13.5	Acts.13.14	6
281062	Acts.13.7	Acts.13.12	5
281066	Acts.13.7	Acts.13.8	3
281071	Acts.13.8	Acts.13.12	3
281079	Acts.13.8	Acts.13.6-Acts.13.7	4
281134	Acts.13.12	Acts.13.49	2
281136	Acts.13.12	Acts.13.7	4
281144	Acts.13.13	Acts.13.5-Acts.13.6	3
281149	Acts.13.14	Acts.13.5	5
281150	Acts.13.14	Acts.13.44	3
281157	Acts.13.14	Acts.13.42	3
281161	Acts.13.15	Acts.13.27	3
281177	Acts.13.16	Acts.13.42-Acts.13.43	2
281181	Acts.13.16	Acts.13.26	4
281202	Acts.13.16	Acts.13.46	2
281328	Acts.13.23	Acts.13.32	4
281382	Acts.13.25	Acts.13.36	2
281390	Acts.13.26	Acts.13.15-Acts.13.17	4
281397	Acts.13.26	Acts.13.46	5
281399	Acts.13.26	Acts.13.43	5
281434	Acts.13.27	Acts.13.14-Acts.13.15	2
281456	Acts.13.29	Acts.13.27	2
281499	Acts.13.32	Acts.13.38	3
281533	Acts.13.34	Acts.13.37	2
281550	Acts.13.35	Acts.13.36-Acts.13.37	3
281580	Acts.13.36	Acts.13.22	6
281583	Acts.13.37	Acts.13.30	5
281669	Acts.13.41	Acts.13.47	2
281689	Acts.13.42	Acts.13.14	2
281715	Acts.13.43	Acts.13.50	3
281759	Acts.13.46	Acts.13.5	1
281779	Acts.13.46	Acts.13.14	1
281784	Acts.13.46	Acts.13.26	6
281866	Acts.13.50	Acts.13.43	4
281867	Acts.13.50	Acts.13.45	7
281912	Acts.14.1	Acts.14.2	2
281918	Acts.14.1	Acts.14.21	4
281927	Acts.14.2	Acts.14.19	7
281957	Acts.14.4	Acts.14.14	3
281972	Acts.14.5	Acts.14.19	6
281980	Acts.14.6	Acts.14.20-Acts.14.21	4
281983	Acts.14.7	Acts.14.15	3
281984	Acts.14.7	Acts.14.21	5
282022	Acts.14.14	Acts.14.4	1
282032	Acts.14.15	Acts.14.7	1
282049	Acts.14.15	Acts.14.21	2
282137	Acts.14.19	Acts.14.5	7
282145	Acts.14.19	Acts.14.21	2
282153	Acts.14.20	Acts.14.28	2
282156	Acts.14.20	Acts.14.6	3
282158	Acts.14.20	Acts.14.22	1
282163	Acts.14.21	Acts.14.8	2
282165	Acts.14.21	Acts.14.6	3
282167	Acts.14.21	Acts.14.19	4
282172	Acts.14.21	Acts.14.1	4
282222	Acts.14.23	Acts.14.26	3
282244	Acts.14.26	Acts.14.23	1
282274	Acts.15.1	Acts.15.24	8
282285	Acts.15.1	Acts.15.3	4
282288	Acts.15.1	Acts.15.5	14
282292	Acts.15.1	Acts.15.22	1
282295	Acts.15.2	Acts.15.4	3
282301	Acts.15.2	Acts.15.6-Acts.15.7	4
282306	Acts.15.2	Acts.15.25	2
282308	Acts.15.2	Acts.15.22-Acts.15.23	6
282313	Acts.15.2	Acts.15.27	2
282328	Acts.15.3	Acts.15.12	3
282339	Acts.15.4	Acts.15.12	5
282348	Acts.15.4	Acts.15.3	4
282350	Acts.15.5	Acts.15.1	4
282351	Acts.15.5	Acts.15.24	3
282359	Acts.15.6	Acts.15.25	3
282363	Acts.15.6	Acts.15.4	2
282369	Acts.15.7	Acts.15.2	4
282376	Acts.15.7	Acts.15.39	2
282456	Acts.15.12	Acts.15.4	5
282477	Acts.15.14	Acts.15.7-Acts.15.9	5
282542	Acts.15.19	Acts.15.24	3
282546	Acts.15.19	Acts.15.28	6
282547	Acts.15.19	Acts.15.10	1
282586	Acts.15.20	Acts.15.29	9
282600	Acts.15.22	Acts.15.32	4
282606	Acts.15.22	Acts.15.27	7
282607	Acts.15.22	Acts.15.40	5
282612	Acts.15.22	Acts.15.1-Acts.15.2	2
282614	Acts.15.22	Acts.15.25	2
282618	Acts.15.22	Acts.15.23	2
282623	Acts.15.23	Acts.15.22	4
282626	Acts.15.23	Acts.15.4	3
282633	Acts.15.23	Acts.15.1	3
282635	Acts.15.23	Acts.15.41	3
282640	Acts.15.24	Acts.15.9-Acts.15.10	2
282648	Acts.15.24	Acts.15.1	8
282657	Acts.15.25	Acts.15.27-Acts.15.28	2
282658	Acts.15.25	Acts.15.35	2
282662	Acts.15.25	Acts.15.2	3
282664	Acts.15.25	Acts.15.6	2
282668	Acts.15.25	Acts.15.22	3
282677	Acts.15.27	Acts.15.22	3
282679	Acts.15.27	Acts.15.32	2
282684	Acts.15.28	Acts.15.25	2
282692	Acts.15.28	Acts.15.8	3
282693	Acts.15.28	Acts.15.19	3
282707	Acts.15.29	Acts.15.20	18
282717	Acts.15.31	Acts.15.10	2
282718	Acts.15.31	Acts.15.1	2
282742	Acts.15.32	Acts.15.41	2
282745	Acts.15.32	Acts.15.1	2
282748	Acts.15.32	Acts.15.22	2
282818	Acts.15.40	Acts.15.32	2
282821	Acts.15.40	Acts.15.22	5
282832	Acts.15.41	Acts.15.23	7
282834	Acts.15.41	Acts.15.32	5
282869	Acts.16.2	Acts.16.40	2
282923	Acts.16.6	Acts.16.7	5
282940	Acts.16.8	Acts.16.11	5
282982	Acts.16.11	Acts.16.8	2
282986	Acts.16.12	Acts.16.9	1
282987	Acts.16.12	Acts.16.21	1
282994	Acts.16.13	Acts.16.6	2
283031	Acts.16.15	Acts.16.33	8
283064	Acts.16.16	Acts.16.13	4
283066	Acts.16.16	Acts.16.18	5
283072	Acts.16.17	Acts.16.30-Acts.16.31	3
283114	Acts.16.19	Acts.16.16	4
283140	Acts.16.21	Acts.16.12	2
283148	Acts.16.22	Acts.16.37	3
283158	Acts.16.23	Acts.16.36	2
283165	Acts.16.23	Acts.16.27	2
283238	Acts.16.27	Acts.16.23-Acts.16.24	1
283269	Acts.16.30	Acts.16.24	2
283273	Acts.16.30	Acts.16.17	2
283296	Acts.16.31	Acts.16.15	6
283299	Acts.16.31	Acts.16.32	10
283321	Acts.16.33	Acts.16.25	3
283323	Acts.16.33	Acts.16.23	2
283325	Acts.16.33	Acts.16.15	6
283351	Acts.16.34	Acts.16.27-Acts.16.29	2
283359	Acts.16.36	Acts.16.27	2
283369	Acts.16.37	Acts.16.20-Acts.16.24	3
283391	Acts.16.40	Acts.16.2	1
283395	Acts.16.40	Acts.16.14	5
283404	Acts.17.1	Acts.17.11	4
283406	Acts.17.1	Acts.17.13	4
283417	Acts.17.2	Acts.17.17	4
283420	Acts.17.2	Acts.17.10	4
283442	Acts.17.4	Acts.17.34	2
283451	Acts.17.4	Acts.17.17	2
283462	Acts.17.4	Acts.17.12	5
283476	Acts.17.5	Acts.17.13	6
283485	Acts.17.5	Acts.17.7	4
283516	Acts.17.9	Acts.17.5	2
283517	Acts.17.10	Acts.17.13-Acts.17.14	4
283521	Acts.17.10	Acts.17.2	4
283527	Acts.17.11	Acts.17.1	3
283566	Acts.17.12	Acts.17.2-Acts.17.4	3
283572	Acts.17.13	Acts.17.5	3
283587	Acts.17.14	Acts.17.10	6
283591	Acts.17.15	Acts.17.21	2
283593	Acts.17.15	Acts.17.16	2
283610	Acts.17.16	Acts.17.23	1
283622	Acts.17.17	Acts.17.2-Acts.17.4	3
283629	Acts.17.18	Acts.17.31-Acts.17.32	3
283645	Acts.17.19	Acts.17.20	2
283651	Acts.17.19	Acts.17.22	5
283672	Acts.17.22	Acts.17.16	3
283682	Acts.17.23	Acts.17.30	6
283720	Acts.17.24	Acts.17.26-Acts.17.28	9
283743	Acts.17.25	Acts.17.28	8
283806	Acts.17.30	Acts.17.23	8
283842	Acts.17.31	Acts.17.18	1
283860	Acts.17.32	Acts.17.31	3
283863	Acts.17.32	Acts.17.18	7
283872	Acts.17.34	Acts.17.4	3
283873	Acts.17.34	Acts.17.19	5
283876	Acts.17.34	Acts.17.22	2
283888	Acts.18.2	Acts.18.18	3
283893	Acts.18.2	Acts.18.26	6
283915	Acts.18.4	Acts.18.13	2
283917	Acts.18.5	Acts.18.28	7
283996	Acts.18.8	Acts.18.17	2
284046	Acts.18.12	Acts.18.27	4
284058	Acts.18.12	Acts.18.16-Acts.18.17	3
284062	Acts.18.13	Acts.18.4	2
284063	Acts.18.13	Acts.18.15	2
284107	Acts.18.18	Acts.18.26	2
284110	Acts.18.18	Acts.18.2	4
284112	Acts.18.19	Acts.18.24	4
284121	Acts.18.19	Acts.18.21	2
284122	Acts.18.19	Acts.18.4	4
284159	Acts.18.22	Acts.18.21-Acts.18.22	2
284225	Acts.18.26	Acts.18.2-Acts.18.3	2
284229	Acts.18.26	Acts.18.25	3
284255	Acts.18.27	Acts.18.12	1
284258	Acts.18.27	Acts.18.18	2
284271	Acts.18.28	Acts.18.5	8
284276	Acts.18.28	Acts.18.25	3
284287	Acts.19.2	Acts.19.5	4
284339	Acts.19.8	Acts.19.9	2
284352	Acts.19.9	Acts.19.23	6
284355	Acts.19.9	Acts.19.30	2
284387	Acts.19.10	Acts.19.22	2
284396	Acts.19.10	Acts.19.8	2
284404	Acts.19.10	Acts.19.26-Acts.19.27	2
284528	Acts.19.22	Acts.19.29	3
284534	Acts.19.22	Acts.19.10	3
284545	Acts.19.23	Acts.19.9	3
284547	Acts.19.24	Acts.19.27-Acts.19.28	3
284552	Acts.19.24	Acts.19.34-Acts.19.35	3
284566	Acts.19.26	Acts.19.18-Acts.19.20	2
284568	Acts.19.26	Acts.19.10	4
284582	Acts.19.27	Acts.19.21	2
284595	Acts.19.28	Acts.19.34-Acts.19.35	2
284601	Acts.19.29	Acts.19.22	3
284608	Acts.19.29	Acts.19.32	2
284621	Acts.19.31	Acts.19.10	3
284626	Acts.19.32	Acts.19.40	2
284627	Acts.19.32	Acts.19.29	2
284643	Acts.19.34	Acts.19.28	5
284644	Acts.19.34	Acts.19.26	2
284649	Acts.19.35	Acts.19.26	2
284673	Acts.20.1	Acts.20.37	2
284684	Acts.20.1	Acts.20.10	2
284695	Acts.20.2	Acts.20.6-Acts.20.7	2
284699	Acts.20.2	Acts.20.11	4
284702	Acts.20.3	Acts.20.19	6
284743	Acts.20.5	Acts.20.6-Acts.20.8	2
284745	Acts.20.5	Acts.20.13-Acts.20.15	2
284763	Acts.20.7	Acts.20.31	3
284764	Acts.20.7	Acts.20.9	4
284767	Acts.20.7	Acts.20.11	7
284796	Acts.20.11	Acts.20.7	6
284797	Acts.20.11	Acts.20.9	2
284810	Acts.20.15	Acts.20.17	4
284813	Acts.20.16	Acts.20.6	3
284818	Acts.20.16	Acts.20.22	2
284819	Acts.20.16	Acts.20.13	2
284832	Acts.20.17	Acts.20.28	3
284861	Acts.20.19	Acts.20.3	6
284878	Acts.20.19	Acts.20.31	4
284883	Acts.20.20	Acts.20.31	9
284892	Acts.20.20	Acts.20.27	13
284906	Acts.20.21	Acts.20.24	6
284956	Acts.20.22	Acts.20.16	2
284981	Acts.20.24	Acts.20.21	4
285005	Acts.20.24	Acts.20.32	8
285020	Acts.20.25	Acts.20.38	3
285055	Acts.20.27	Acts.20.35	2
285059	Acts.20.27	Acts.20.20	9
285065	Acts.20.28	Acts.20.29	7
285117	Acts.20.28	Acts.20.17	10
285122	Acts.20.29	Acts.20.28	4
285158	Acts.20.31	Acts.20.11	2
285161	Acts.20.31	Acts.20.19	5
285164	Acts.20.31	Acts.20.7	2
285172	Acts.20.32	Acts.20.24	8
285216	Acts.20.35	Acts.20.20	13
285221	Acts.20.35	Acts.20.27	14
285267	Acts.20.38	Acts.20.25	3
285285	Acts.21.3	Acts.21.16	3
285307	Acts.21.4	Acts.21.10-Acts.21.12	6
285330	Acts.21.7	Acts.21.10	2
285331	Acts.21.7	Acts.21.19	2
285369	Acts.21.10	Acts.21.4	3
285382	Acts.21.11	Acts.21.33	7
285400	Acts.21.12	Acts.21.4	2
285444	Acts.21.16	Acts.21.3-Acts.21.4	3
285448	Acts.21.16	Acts.21.8	3
285453	Acts.21.17	Acts.21.7	2
285512	Acts.21.21	Acts.21.28	4
285523	Acts.21.24	Acts.21.26	6
285545	Acts.21.26	Acts.21.24	5
285569	Acts.21.28	Acts.21.21	4
285591	Acts.21.31	Acts.21.38	2
285620	Acts.21.33	Acts.21.11	7
285624	Acts.21.34	Acts.21.37	4
285629	Acts.21.35	Acts.21.40	2
285642	Acts.21.37	Acts.21.34	2
285643	Acts.21.37	Acts.21.19	2
285653	Acts.21.39	Acts.21.37	2
285667	Acts.21.40	Acts.21.35	3
285737	Acts.22.4	Acts.22.19-Acts.22.20	5
285742	Acts.22.5	Acts.22.1	2
285795	Acts.22.10	Acts.22.12-Acts.22.16	3
285842	Acts.22.14	Acts.22.18	2
285846	Acts.22.15	Acts.22.14	2
285885	Acts.22.19	Acts.22.4	6
285919	Acts.22.24	Acts.22.25-Acts.22.29	2
285934	Acts.22.25	Acts.22.27-Acts.22.28	3
285937	Acts.22.26	Acts.22.29	2
285940	Acts.22.29	Acts.22.24-Acts.22.26	3
285951	Acts.22.30	Acts.22.5	3
285965	Acts.23.1	Acts.23.6	3
286008	Acts.23.9	Acts.23.29	3
286014	Acts.23.9	Acts.23.8	2
286028	Acts.23.10	Acts.23.27	2
286031	Acts.23.10	Acts.23.32	2
286033	Acts.23.10	Acts.23.16	2
286061	Acts.23.12	Acts.23.14	11
286069	Acts.23.12	Acts.23.30	17
286078	Acts.23.12	Acts.23.21	13
286091	Acts.23.14	Acts.23.12	4
286107	Acts.23.16	Acts.23.32	3
286111	Acts.23.16	Acts.23.10	4
286116	Acts.23.17	Acts.23.23	2
286133	Acts.23.20	Acts.23.1	2
286134	Acts.23.20	Acts.23.14-Acts.23.15	3
286140	Acts.23.21	Acts.23.12-Acts.23.14	4
286149	Acts.23.23	Acts.23.33	2
286157	Acts.23.24	Acts.23.26	5
286168	Acts.23.27	Acts.23.10	2
286173	Acts.23.29	Acts.23.6-Acts.23.9	2
286184	Acts.23.30	Acts.23.35	3
286189	Acts.23.30	Acts.23.12	2
286190	Acts.23.30	Acts.23.20	3
286193	Acts.23.31	Acts.23.23-Acts.23.24	2
286196	Acts.23.32	Acts.23.23	2
286197	Acts.23.32	Acts.23.10	2
286198	Acts.23.33	Acts.23.23-Acts.23.24	2
286199	Acts.23.33	Acts.23.26	2
286217	Acts.23.35	Acts.23.30	7
286234	Acts.24.1	Acts.24.11	4
286239	Acts.24.2	Acts.24.26-Acts.24.27	3
286271	Acts.24.5	Acts.24.14	6
286274	Acts.24.6	Acts.24.12	3
286309	Acts.24.11	Acts.24.17	2
286312	Acts.24.11	Acts.24.1	4
286316	Acts.24.12	Acts.24.5	2
286317	Acts.24.12	Acts.24.18	3
286325	Acts.24.14	Acts.24.22	3
286351	Acts.24.14	Acts.24.5	4
286370	Acts.24.15	Acts.24.21	1
286407	Acts.24.18	Acts.24.12	3
286414	Acts.24.22	Acts.24.24	2
286416	Acts.24.22	Acts.24.10	2
286419	Acts.24.22	Acts.24.6	2
286421	Acts.24.22	Acts.24.14	2
286425	Acts.24.23	Acts.24.26	2
286524	Acts.24.25	Acts.24.15	4
286539	Acts.24.26	Acts.24.2-Acts.24.3	2
286553	Acts.24.26	Acts.24.17	2
286583	Acts.25.1	Acts.25.5	2
286588	Acts.25.2	Acts.25.15	5
286606	Acts.25.5	Acts.25.18-Acts.25.19	3
286607	Acts.25.5	Acts.25.16	3
286612	Acts.25.5	Acts.25.25	3
286615	Acts.25.6	Acts.25.17	5
286620	Acts.25.6	Acts.25.10	5
286635	Acts.25.7	Acts.25.24	4
286645	Acts.25.8	Acts.25.10	2
286649	Acts.25.9	Acts.25.20	4
286651	Acts.25.9	Acts.25.3	2
286654	Acts.25.10	Acts.25.25	3
286657	Acts.25.10	Acts.25.6	2
286659	Acts.25.10	Acts.25.17	2
286664	Acts.25.11	Acts.25.21	3
286666	Acts.25.11	Acts.25.10	2
286678	Acts.25.11	Acts.25.25	4
286685	Acts.25.12	Acts.25.21	2
286696	Acts.25.13	Acts.25.22-Acts.25.23	2
286702	Acts.25.15	Acts.25.1-Acts.25.3	2
286713	Acts.25.16	Acts.25.4-Acts.25.5	3
286714	Acts.25.17	Acts.25.6	3
286715	Acts.25.17	Acts.25.10	3
286717	Acts.25.19	Acts.25.7	2
286728	Acts.25.20	Acts.25.9	3
286730	Acts.25.21	Acts.25.10-Acts.25.11	2
286747	Acts.25.23	Acts.25.13	4
286755	Acts.25.24	Acts.25.7	5
286756	Acts.25.24	Acts.25.2-Acts.25.3	3
286759	Acts.25.25	Acts.25.11-Acts.25.12	4
286768	Acts.26.1	Acts.26.2	3
286782	Acts.26.3	Acts.26.26	4
286784	Acts.26.3	Acts.26.7	2
286809	Acts.26.6	Acts.26.8	2
286866	Acts.26.7	Acts.26.2	2
286917	Acts.26.11	Acts.26.24-Acts.26.25	2
286932	Acts.26.12	Acts.26.10	3
287090	Acts.26.18	Acts.26.23	4
287114	Acts.26.19	Acts.26.26-Acts.26.27	3
287115	Acts.26.19	Acts.26.2	4
287169	Acts.26.20	Acts.26.17	4
287187	Acts.26.22	Acts.26.6	2
287199	Acts.26.22	Acts.26.17	2
287236	Acts.26.23	Acts.26.8	2
287239	Acts.26.23	Acts.26.18	2
287241	Acts.26.24	Acts.26.11	4
287273	Acts.26.26	Acts.26.2-Acts.26.3	4
287274	Acts.26.27	Acts.26.22-Acts.26.23	2
287275	Acts.26.28	Acts.26.29	3
287327	Acts.27.1	Acts.27.11	4
287336	Acts.27.1	Acts.27.43	2
287337	Acts.27.1	Acts.27.6	2
287366	Acts.27.3	Acts.27.1	2
287367	Acts.27.3	Acts.27.43	3
287377	Acts.27.4	Acts.27.7	2
287392	Acts.27.6	Acts.27.1	2
287395	Acts.27.7	Acts.27.4	2
287396	Acts.27.7	Acts.27.21	4
287400	Acts.27.7	Acts.27.12-Acts.27.13	3
287406	Acts.27.10	Acts.27.31	1
287408	Acts.27.10	Acts.27.41-Acts.27.44	4
287411	Acts.27.10	Acts.27.34	2
287417	Acts.27.11	Acts.27.21	4
287423	Acts.27.12	Acts.27.8	2
287435	Acts.27.15	Acts.27.27	2
287437	Acts.27.17	Acts.27.41	3
287438	Acts.27.17	Acts.27.26	3
287439	Acts.27.17	Acts.27.29	4
287441	Acts.27.18	Acts.27.19	3
287442	Acts.27.18	Acts.27.38	5
287466	Acts.27.21	Acts.27.9-Acts.27.10	2
287467	Acts.27.21	Acts.27.7	2
287468	Acts.27.21	Acts.27.33-Acts.27.35	2
287470	Acts.27.22	Acts.27.36	7
287475	Acts.27.22	Acts.27.25	7
287476	Acts.27.22	Acts.27.34	5
287482	Acts.27.22	Acts.27.44	3
287483	Acts.27.22	Acts.27.31	2
287528	Acts.27.24	Acts.27.37	5
287534	Acts.27.24	Acts.27.44	4
287554	Acts.27.25	Acts.27.36	2
287556	Acts.27.25	Acts.27.11	5
287558	Acts.27.25	Acts.27.21-Acts.27.22	5
287562	Acts.27.26	Acts.27.29	2
287563	Acts.27.26	Acts.27.17	3
287565	Acts.27.27	Acts.27.30	2
287570	Acts.27.29	Acts.27.17	4
287573	Acts.27.29	Acts.27.26	2
287574	Acts.27.29	Acts.27.40-Acts.27.41	2
287575	Acts.27.29	Acts.27.30	2
287576	Acts.27.30	Acts.27.32	2
287577	Acts.27.30	Acts.27.16	5
287578	Acts.27.31	Acts.27.42-Acts.27.43	2
287583	Acts.27.31	Acts.27.11	2
287586	Acts.27.31	Acts.27.21-Acts.27.24	3
287615	Acts.27.36	Acts.27.22	3
287617	Acts.27.36	Acts.27.25	2
287626	Acts.27.38	Acts.27.18-Acts.27.19	3
287630	Acts.27.40	Acts.27.29-Acts.27.30	1
287632	Acts.27.41	Acts.27.17	2
287636	Acts.27.41	Acts.27.26-Acts.27.29	2
287648	Acts.27.43	Acts.27.3	4
287649	Acts.27.43	Acts.27.31	1
287650	Acts.27.43	Acts.27.11	2
287651	Acts.27.44	Acts.27.24	4
287653	Acts.27.44	Acts.27.22	6
287658	Acts.27.44	Acts.27.31	3
287665	Acts.28.2	Acts.28.4	4
287683	Acts.28.3	Acts.28.4	2
287693	Acts.28.4	Acts.28.5	3
287698	Acts.28.4	Acts.28.2	3
287721	Acts.28.7	Acts.28.2	2
287806	Acts.28.16	Acts.28.30-Acts.28.31	3
287837	Acts.28.20	Acts.28.17	1
287934	Acts.28.31	Acts.28.23	8
287953	Rom.1.1	Rom.1.9	11
288002	Rom.1.1	Rom.1.16	4
288003	Rom.1.1	Rom.1.5	6
288068	Rom.1.3	Rom.1.9	2
288093	Rom.1.4	Rom.1.3	6
288198	Rom.1.7	Rom.1.6	2
288356	Rom.1.14	Rom.1.22	3
288428	Rom.1.18	Rom.1.19	7
288432	Rom.1.18	Rom.1.32	24
288441	Rom.1.18	Rom.1.28	7
288443	Rom.1.19	Rom.1.20	16
288472	Rom.1.20	Rom.1.19	57
288483	Rom.1.21	Rom.1.28	5
288501	Rom.1.21	Rom.1.19	6
288533	Rom.1.23	Rom.1.25	8
288542	Rom.1.24	Rom.1.26-Rom.1.28	16
288551	Rom.1.25	Rom.1.18	5
288560	Rom.1.25	Rom.1.23	7
288578	Rom.1.26	Rom.1.28	6
288583	Rom.1.26	Rom.1.24	17
288585	Rom.1.27	Rom.1.23-Rom.1.24	17
288591	Rom.1.28	Rom.1.24	17
288598	Rom.1.28	Rom.1.21	30
288602	Rom.1.28	Rom.1.26	6
288610	Rom.1.28	Rom.1.18	7
288660	Rom.1.31	Rom.1.20-Rom.1.21	1
288673	Rom.1.32	Rom.1.21	16
288674	Rom.1.32	Rom.1.18	12
288680	Rom.2.1	Rom.2.26-Rom.2.27	4
288688	Rom.2.1	Rom.2.3	26
288689	Rom.2.1	Rom.2.21-Rom.2.23	22
288697	Rom.2.2	Rom.2.5	4
288797	Rom.2.5	Rom.2.2-Rom.2.3	8
288855	Rom.2.7	Rom.2.10	5
288902	Rom.2.9	Rom.2.10	3
288919	Rom.2.10	Rom.2.9	3
288936	Rom.2.10	Rom.2.7	4
288982	Rom.2.12	Rom.2.14-Rom.2.16	5
288998	Rom.2.13	Rom.2.25	9
289021	Rom.2.14	Rom.2.27	8
289029	Rom.2.14	Rom.2.12	9
289067	Rom.2.16	Rom.2.5	3
289087	Rom.2.17	Rom.2.28-Rom.2.29	3
289099	Rom.2.17	Rom.2.23	9
289184	Rom.2.23	Rom.2.17	5
289200	Rom.2.25	Rom.2.23	3
289223	Rom.2.27	Rom.2.20	2
289224	Rom.2.27	Rom.2.29	3
289241	Rom.2.28	Rom.2.17	3
289251	Rom.2.29	Rom.2.27	6
289287	Rom.3.2	Rom.3.3	3
289323	Rom.3.4	Rom.3.6-Rom.3.7	3
289328	Rom.3.4	Rom.3.31	5
289362	Rom.3.5	Rom.3.7	2
289365	Rom.3.5	Rom.3.19	2
289372	Rom.3.5	Rom.3.25-Rom.3.26	2
289401	Rom.3.7	Rom.3.4	5
289417	Rom.3.9	Rom.3.5	2
289421	Rom.3.9	Rom.3.22-Rom.3.23	4
289426	Rom.3.9	Rom.3.19	3
289429	Rom.3.10	Rom.3.23	35
289440	Rom.3.10	Rom.3.4	6
289509	Rom.3.13	Rom.3.4	5
289533	Rom.3.19	Rom.3.2	4
289551	Rom.3.19	Rom.3.23	8
289553	Rom.3.19	Rom.3.4	5
289555	Rom.3.19	Rom.3.9	11
289568	Rom.3.20	Rom.3.28	21
289630	Rom.3.23	Rom.3.19	28
289636	Rom.3.23	Rom.3.9	64
289681	Rom.3.25	Rom.3.26	6
289689	Rom.3.25	Rom.3.23-Rom.3.24	35
289706	Rom.3.26	Rom.3.30	4
289737	Rom.3.27	Rom.3.19	2
289753	Rom.3.28	Rom.3.20-Rom.3.22	4
289754	Rom.3.28	Rom.3.26	7
289791	Rom.3.30	Rom.3.28	3
289814	Rom.3.31	Rom.3.4	3
289827	Rom.4.1	Rom.4.16	8
289861	Rom.4.3	Rom.4.5	10
289863	Rom.4.3	Rom.4.9	15
289869	Rom.4.3	Rom.4.11	7
289870	Rom.4.3	Rom.4.22-Rom.4.25	13
289879	Rom.4.5	Rom.4.3	5
289905	Rom.4.6	Rom.4.11	3
289913	Rom.4.6	Rom.4.9	2
289915	Rom.4.6	Rom.4.24	2
289949	Rom.4.9	Rom.4.3	3
289965	Rom.4.11	Rom.4.12-Rom.4.13	2
289969	Rom.4.11	Rom.4.16-Rom.4.18	2
290029	Rom.4.14	Rom.4.16	3
290081	Rom.4.17	Rom.4.2	4
290105	Rom.4.18	Rom.4.19	2
290109	Rom.4.18	Rom.4.17	4
290123	Rom.4.19	Rom.4.20-Rom.4.21	9
290158	Rom.4.22	Rom.4.3	7
290159	Rom.4.22	Rom.4.6	7
290237	Rom.5.1	Rom.5.18	11
290251	Rom.5.1	Rom.5.9-Rom.5.10	13
290265	Rom.5.2	Rom.5.9-Rom.5.10	3
290288	Rom.5.2	Rom.5.5	4
290361	Rom.5.6	Rom.5.8	55
290365	Rom.5.6	Rom.5.10	32
290393	Rom.5.8	Rom.5.20	39
290398	Rom.5.8	Rom.5.6	137
290404	Rom.5.9	Rom.5.10	7
290409	Rom.5.9	Rom.5.1	13
290414	Rom.5.10	Rom.5.11	2
290453	Rom.5.11	Rom.5.10	8
290460	Rom.5.12	Rom.5.14-Rom.5.17	7
290469	Rom.5.12	Rom.5.21	12
290472	Rom.5.12	Rom.5.19	45
290498	Rom.5.14	Rom.5.17	5
290503	Rom.5.14	Rom.5.21	4
290510	Rom.5.15	Rom.5.16-Rom.5.20	4
290518	Rom.5.15	Rom.5.12	10
290552	Rom.5.17	Rom.5.20	4
290553	Rom.5.17	Rom.5.12	21
290559	Rom.5.18	Rom.5.15	12
290560	Rom.5.18	Rom.5.19	11
290568	Rom.5.18	Rom.5.12	19
290572	Rom.5.19	Rom.5.12	18
290578	Rom.5.19	Rom.5.18	25
290579	Rom.5.19	Rom.5.15	11
290614	Rom.5.21	Rom.5.14	8
290615	Rom.5.21	Rom.5.17	6
290622	Rom.5.21	Rom.5.12	6
290630	Rom.6.1	Rom.6.15	35
290653	Rom.6.3	Rom.6.4-Rom.6.5	13
290656	Rom.6.3	Rom.6.8	19
290670	Rom.6.3	Rom.6.16	5
290683	Rom.6.4	Rom.6.9	22
290688	Rom.6.4	Rom.6.19	7
290697	Rom.6.4	Rom.6.3	16
290705	Rom.6.5	Rom.6.8-Rom.6.12	11
290722	Rom.6.6	Rom.6.12	8
290723	Rom.6.6	Rom.6.22	6
290730	Rom.6.7	Rom.6.8	8
290734	Rom.6.7	Rom.6.2	8
290737	Rom.6.8	Rom.6.3-Rom.6.5	4
290752	Rom.6.9	Rom.6.14	14
290760	Rom.6.10	Rom.6.11	6
290764	Rom.6.11	Rom.6.13	15
290772	Rom.6.11	Rom.6.2	18
290775	Rom.6.11	Rom.6.23	6
290785	Rom.6.12	Rom.6.14	2
290797	Rom.6.12	Rom.6.16	14
290814	Rom.6.13	Rom.6.16	21
290834	Rom.6.13	Rom.6.19	5
290847	Rom.6.13	Rom.6.11	4
290850	Rom.6.14	Rom.6.12	18
290861	Rom.6.14	Rom.6.15	8
290874	Rom.6.15	Rom.6.1-Rom.6.2	10
290878	Rom.6.16	Rom.6.17	15
290881	Rom.6.16	Rom.6.12-Rom.6.13	26
290882	Rom.6.16	Rom.6.19-Rom.6.23	17
290924	Rom.6.18	Rom.6.19-Rom.6.20	2
290928	Rom.6.18	Rom.6.14	9
290932	Rom.6.18	Rom.6.22	17
290935	Rom.6.18	Rom.6.7	9
290946	Rom.6.19	Rom.6.13	11
290947	Rom.6.19	Rom.6.16-Rom.6.17	5
290952	Rom.6.20	Rom.6.16-Rom.6.17	9
290960	Rom.6.21	Rom.6.23	7
291002	Rom.6.22	Rom.6.21	4
291023	Rom.6.22	Rom.6.18	15
291031	Rom.6.22	Rom.6.14	7
291046	Rom.6.23	Rom.6.16	16
291067	Rom.7.1	Rom.7.6	12
291100	Rom.7.4	Rom.7.6	12
291135	Rom.7.5	Rom.7.23	3
291161	Rom.7.6	Rom.7.1	5
291171	Rom.7.6	Rom.7.4	18
291176	Rom.7.7	Rom.7.5	2
291179	Rom.7.7	Rom.7.13	3
291191	Rom.7.7	Rom.7.8	5
291194	Rom.7.7	Rom.7.11	2
291201	Rom.7.8	Rom.7.13	5
291204	Rom.7.8	Rom.7.11	12
291205	Rom.7.8	Rom.7.17	3
291212	Rom.7.9	Rom.7.4	6
291218	Rom.7.9	Rom.7.21-Rom.7.23	4
291219	Rom.7.9	Rom.7.6	4
291226	Rom.7.9	Rom.7.11	4
291241	Rom.7.11	Rom.7.13	1
291243	Rom.7.11	Rom.7.8	4
291251	Rom.7.12	Rom.7.16	3
291255	Rom.7.12	Rom.7.14	9
291267	Rom.7.13	Rom.7.8-Rom.7.11	4
291286	Rom.7.14	Rom.7.18	5
291287	Rom.7.14	Rom.7.22-Rom.7.24	4
291310	Rom.7.15	Rom.7.19-Rom.7.20	23
291316	Rom.7.15	Rom.7.16	7
291333	Rom.7.16	Rom.7.22	1
291334	Rom.7.16	Rom.7.14	4
291336	Rom.7.16	Rom.7.12	5
291337	Rom.7.17	Rom.7.20	10
291338	Rom.7.17	Rom.7.23	3
291343	Rom.7.17	Rom.7.18	6
291344	Rom.7.18	Rom.7.5	4
291349	Rom.7.18	Rom.7.15	7
291363	Rom.7.18	Rom.7.19	7
291370	Rom.7.18	Rom.7.25	14
291375	Rom.7.19	Rom.7.15	18
291376	Rom.7.20	Rom.7.17	6
291385	Rom.7.21	Rom.7.23	8
291387	Rom.7.21	Rom.7.25	4
291424	Rom.7.23	Rom.7.25	9
291425	Rom.7.23	Rom.7.21	4
291430	Rom.7.23	Rom.7.14	3
291435	Rom.7.23	Rom.7.5	4
291491	Rom.8.1	Rom.8.39	43
291493	Rom.8.1	Rom.8.34	67
291496	Rom.8.1	Rom.8.4	42
291499	Rom.8.1	Rom.8.14	49
291531	Rom.8.2	Rom.8.10-Rom.8.11	39
291553	Rom.8.3	Rom.8.32	8
291574	Rom.8.5	Rom.8.12-Rom.8.14	15
291580	Rom.8.5	Rom.8.9	21
291581	Rom.8.5	Rom.8.6-Rom.8.7	29
291596	Rom.8.6	Rom.8.7	56
291599	Rom.8.6	Rom.8.13	52
291617	Rom.8.7	Rom.8.4	10
291629	Rom.8.8	Rom.8.9	16
291650	Rom.8.9	Rom.8.2	14
291669	Rom.8.9	Rom.8.11	23
291680	Rom.8.10	Rom.8.11	10
291700	Rom.8.11	Rom.8.2	34
291728	Rom.8.11	Rom.8.9	47
291737	Rom.8.13	Rom.8.1-Rom.8.2	9
291745	Rom.8.13	Rom.8.4-Rom.8.6	15
291753	Rom.8.14	Rom.8.5	28
291760	Rom.8.14	Rom.8.19	19
291761	Rom.8.14	Rom.8.16-Rom.8.17	34
291765	Rom.8.14	Rom.8.9	23
291773	Rom.8.15	Rom.8.23	9
291793	Rom.8.15	Rom.8.16	35
291801	Rom.8.16	Rom.8.26	20
291802	Rom.8.16	Rom.8.23	9
291818	Rom.8.17	Rom.8.29-Rom.8.30	4
291820	Rom.8.17	Rom.8.3	4
291857	Rom.8.19	Rom.8.23	22
291864	Rom.8.20	Rom.8.22	11
291872	Rom.8.21	Rom.8.19	3
291879	Rom.8.22	Rom.8.20	5
291890	Rom.8.23	Rom.8.15-Rom.8.16	8
291892	Rom.8.23	Rom.8.19	10
291895	Rom.8.23	Rom.8.25-Rom.8.26	8
291946	Rom.8.25	Rom.8.23	5
291973	Rom.8.26	Rom.8.15	40
291995	Rom.8.27	Rom.8.6	4
292001	Rom.8.27	Rom.8.34	12
292024	Rom.8.28	Rom.8.35-Rom.8.39	217
292041	Rom.8.28	Rom.8.30	169
292094	Rom.8.30	Rom.8.28	51
292113	Rom.8.30	Rom.8.1	5
292117	Rom.8.30	Rom.8.33-Rom.8.35	6
292125	Rom.8.30	Rom.8.17-Rom.8.18	6
292148	Rom.8.32	Rom.8.28	65
292179	Rom.8.33	Rom.8.1	16
292193	Rom.8.34	Rom.8.27	25
292212	Rom.8.34	Rom.8.1	17
292240	Rom.8.35	Rom.8.17	14
292241	Rom.8.35	Rom.8.39	24
292316	Rom.8.39	Rom.8.35	42
292385	Rom.9.4	Rom.9.6	8
292567	Rom.9.15	Rom.9.16	21
292568	Rom.9.15	Rom.9.18-Rom.9.19	19
292578	Rom.9.16	Rom.9.11	8
292615	Rom.9.18	Rom.9.15-Rom.9.16	9
292661	Rom.9.21	Rom.9.18	5
292662	Rom.9.21	Rom.9.22-Rom.9.23	9
292666	Rom.9.21	Rom.9.11	8
292671	Rom.9.22	Rom.9.17	7
292684	Rom.9.22	Rom.9.21	11
292798	Rom.9.30	Rom.9.31	2
292799	Rom.9.30	Rom.9.14	3
292868	Rom.10.2	Rom.10.3	10
292957	Rom.10.8	Rom.10.17	7
292986	Rom.10.10	Rom.10.9	34
293100	Rom.10.17	Rom.10.14	28
293154	Rom.10.19	Rom.10.18	2
293241	Rom.11.5	Rom.11.28	5
293243	Rom.11.5	Rom.11.6-Rom.11.7	6
293260	Rom.11.7	Rom.11.5	5
293275	Rom.11.7	Rom.11.25	5
293311	Rom.11.10	Rom.11.8	3
293321	Rom.11.11	Rom.11.12	7
293323	Rom.11.11	Rom.11.1	3
293325	Rom.11.11	Rom.11.14	8
293327	Rom.11.11	Rom.11.31	10
293331	Rom.11.12	Rom.11.15	6
293341	Rom.11.12	Rom.11.33	2
293343	Rom.11.12	Rom.11.25	7
293359	Rom.11.14	Rom.11.11	4
293373	Rom.11.15	Rom.11.1-Rom.11.2	2
293374	Rom.11.15	Rom.11.11-Rom.11.12	4
293383	Rom.11.16	Rom.11.17	3
293426	Rom.11.18	Rom.11.20	6
293427	Rom.11.19	Rom.11.17	3
293428	Rom.11.19	Rom.11.23-Rom.11.24	4
293429	Rom.11.19	Rom.11.11-Rom.11.12	2
293459	Rom.11.20	Rom.11.18	5
293472	Rom.11.21	Rom.11.17	2
293476	Rom.11.21	Rom.11.19	3
293512	Rom.11.24	Rom.11.17-Rom.11.18	4
293534	Rom.11.25	Rom.11.7-Rom.11.8	6
293580	Rom.11.28	Rom.11.30	2
293582	Rom.11.28	Rom.11.11	4
293592	Rom.11.28	Rom.11.7	5
293610	Rom.11.30	Rom.11.31	3
293619	Rom.11.31	Rom.11.25	4
293621	Rom.11.31	Rom.11.15	4
293704	Rom.12.1	Rom.12.2	145
293785	Rom.12.2	Rom.12.1	205
293821	Rom.12.3	Rom.12.16	28
293839	Rom.12.3	Rom.12.6-Rom.12.8	10
293864	Rom.12.5	Rom.12.4	3
293883	Rom.12.6	Rom.12.3	15
293961	Rom.12.8	Rom.12.13	3
294146	Rom.12.13	Rom.12.8	3
294162	Rom.12.14	Rom.12.21	18
294199	Rom.12.16	Rom.12.3	13
294242	Rom.12.17	Rom.12.19	16
294276	Rom.12.19	Rom.12.17	41
294278	Rom.12.19	Rom.12.14	29
294331	Rom.13.2	Rom.13.5	9
294335	Rom.13.3	Rom.13.4	5
294344	Rom.13.4	Rom.13.6	4
294406	Rom.13.8	Rom.13.7	22
294408	Rom.13.8	Rom.13.10	72
294429	Rom.13.10	Rom.13.8	70
294451	Rom.13.12	Rom.13.14	17
294544	Rom.14.1	Rom.14.21	12
294551	Rom.14.2	Rom.14.14	8
294552	Rom.14.2	Rom.14.22-Rom.14.23	7
294567	Rom.14.3	Rom.14.13	7
294570	Rom.14.3	Rom.14.10	13
294572	Rom.14.3	Rom.14.15	5
294573	Rom.14.3	Rom.14.21	5
294577	Rom.14.4	Rom.14.3	6
294596	Rom.14.5	Rom.14.23	7
294599	Rom.14.5	Rom.14.14	3
294618	Rom.14.7	Rom.14.9	9
294656	Rom.14.10	Rom.14.3-Rom.14.4	9
294684	Rom.14.13	Rom.14.10	8
294685	Rom.14.13	Rom.14.4	6
294710	Rom.14.14	Rom.14.2	11
294713	Rom.14.14	Rom.14.23	4
294717	Rom.14.14	Rom.14.20	4
294721	Rom.14.15	Rom.14.20	6
294787	Rom.14.18	Rom.14.4	3
294823	Rom.14.20	Rom.14.14-Rom.14.15	11
294827	Rom.14.20	Rom.14.21	6
294839	Rom.14.21	Rom.14.17	2
294840	Rom.14.21	Rom.14.13	8
294843	Rom.14.22	Rom.14.5	12
294845	Rom.14.22	Rom.14.14	7
294851	Rom.14.22	Rom.14.23	8
294853	Rom.14.22	Rom.14.2	7
294855	Rom.14.23	Rom.14.5	9
294918	Rom.15.5	Rom.15.3	11
294920	Rom.15.5	Rom.15.13	36
294935	Rom.15.6	Rom.15.9-Rom.15.11	6
294948	Rom.15.7	Rom.15.9	3
294969	Rom.15.8	Rom.15.16	5
295029	Rom.15.13	Rom.15.5	51
295090	Rom.15.16	Rom.15.18	5
295112	Rom.15.16	Rom.15.29	2
295168	Rom.15.19	Rom.15.24	1
295198	Rom.15.23	Rom.15.32	7
295200	Rom.15.23	Rom.15.29	5
295208	Rom.15.24	Rom.15.28	7
295240	Rom.15.28	Rom.15.24	5
295281	Rom.15.31	Rom.15.25	4
295283	Rom.15.32	Rom.15.23-Rom.15.24	2
295325	Rom.16.2	Rom.16.23	2
295330	Rom.16.2	Rom.16.9	2
295331	Rom.16.2	Rom.16.3-Rom.16.4	2
295343	Rom.16.2	Rom.16.6	2
295345	Rom.16.3	Rom.16.9	4
295364	Rom.16.5	Rom.16.12	1
295370	Rom.16.5	Rom.16.8	1
295379	Rom.16.6	Rom.16.12	3
295385	Rom.16.7	Rom.16.21	5
295401	Rom.16.7	Rom.16.11	5
295405	Rom.16.8	Rom.16.5	2
295408	Rom.16.9	Rom.16.2-Rom.16.3	2
295409	Rom.16.9	Rom.16.21	2
295419	Rom.16.11	Rom.16.7	1
295420	Rom.16.11	Rom.16.21	3
295447	Rom.16.15	Rom.16.2	5
295450	Rom.16.15	Rom.16.14	2
295508	Rom.16.18	Rom.16.19	3
295584	Rom.16.21	Rom.16.7	3
295589	Rom.16.21	Rom.16.11	3
295599	Rom.16.22	Rom.16.8	2
295727	1Cor.1.2	1Cor.1.30	7
295772	1Cor.1.4	1Cor.1.3	3
295907	1Cor.1.9	1Cor.1.30	5
295982	1Cor.1.13	1Cor.1.15	2
295999	1Cor.1.14	1Cor.1.4	1
296034	1Cor.1.18	1Cor.1.21	29
296035	1Cor.1.18	1Cor.1.23-1Cor.1.25	36
296056	1Cor.1.20	1Cor.1.19	6
296068	1Cor.1.21	1Cor.1.24	5
296090	1Cor.1.23	1Cor.1.28	3
296092	1Cor.1.23	1Cor.1.18	7
296099	1Cor.1.24	1Cor.1.18	14
296102	1Cor.1.24	1Cor.1.9	11
296110	1Cor.1.24	1Cor.1.30	18
296111	1Cor.1.24	1Cor.1.2	6
296116	1Cor.1.25	1Cor.1.18	10
296124	1Cor.1.25	1Cor.1.27-1Cor.1.29	5
296140	1Cor.1.26	1Cor.1.20	6
296160	1Cor.1.27	1Cor.1.20	35
296187	1Cor.1.29	1Cor.1.31	4
296247	1Cor.1.30	1Cor.1.24	9
296249	1Cor.1.30	1Cor.1.2	26
296282	1Cor.2.1	1Cor.2.13	9
296293	1Cor.2.1	1Cor.2.4	9
296330	1Cor.2.4	1Cor.2.13	12
296345	1Cor.2.4	1Cor.2.1	21
296359	1Cor.2.6	1Cor.2.8	4
296366	1Cor.2.6	1Cor.2.1	1
296371	1Cor.2.6	1Cor.2.13	1
296401	1Cor.2.8	1Cor.2.6	5
296449	1Cor.2.10	1Cor.2.11	11
296455	1Cor.2.11	1Cor.2.10	9
296470	1Cor.2.12	1Cor.2.6	3
296477	1Cor.2.13	1Cor.2.1	4
296482	1Cor.2.13	1Cor.2.14	9
296484	1Cor.2.13	1Cor.2.4	8
296508	1Cor.2.14	1Cor.2.12	19
296553	1Cor.3.1	1Cor.3.3-1Cor.3.4	8
296582	1Cor.3.4	1Cor.3.3	2
296588	1Cor.3.5	1Cor.3.10	5
296589	1Cor.3.5	1Cor.3.7	3
296622	1Cor.3.6	1Cor.3.9-1Cor.3.10	16
296648	1Cor.3.8	1Cor.3.14	4
296649	1Cor.3.8	1Cor.3.9	4
296683	1Cor.3.9	1Cor.3.6	9
296686	1Cor.3.9	1Cor.3.16	22
296717	1Cor.3.10	1Cor.3.11	28
296723	1Cor.3.10	1Cor.3.5-1Cor.3.6	4
296772	1Cor.3.13	1Cor.3.14-1Cor.3.15	19
296790	1Cor.3.14	1Cor.3.8	7
296795	1Cor.3.15	1Cor.3.12-1Cor.3.13	12
296897	1Cor.3.21	1Cor.3.4-1Cor.3.7	5
296905	1Cor.3.22	1Cor.3.5-1Cor.3.8	3
296928	1Cor.4.1	1Cor.4.13	2
296956	1Cor.4.2	1Cor.4.17	7
296976	1Cor.4.4	1Cor.4.5	5
297040	1Cor.4.6	1Cor.4.18-1Cor.4.19	2
297107	1Cor.4.8	1Cor.4.18	2
297161	1Cor.4.10	1Cor.4.8	2
297205	1Cor.4.14	1Cor.4.15	4
297249	1Cor.4.17	1Cor.4.2	3
297258	1Cor.4.17	1Cor.4.15	4
297262	1Cor.4.18	1Cor.4.6-1Cor.4.8	3
297264	1Cor.4.18	1Cor.4.21	2
297270	1Cor.4.19	1Cor.4.18	3
297308	1Cor.5.1	1Cor.5.11	5
297332	1Cor.5.2	1Cor.5.13	3
297339	1Cor.5.2	1Cor.5.5-1Cor.5.7	1
297370	1Cor.5.5	1Cor.5.13	6
297393	1Cor.5.6	1Cor.5.2	4
297410	1Cor.5.7	1Cor.5.13	7
297421	1Cor.5.8	1Cor.5.1	3
297425	1Cor.5.8	1Cor.5.6	5
297444	1Cor.5.9	1Cor.5.2	2
297449	1Cor.5.9	1Cor.5.7	2
297467	1Cor.5.11	1Cor.5.13	13
297519	1Cor.5.12	1Cor.5.3-1Cor.5.5	3
297524	1Cor.5.13	1Cor.5.1	3
297526	1Cor.5.13	1Cor.5.5	4
297535	1Cor.5.13	1Cor.5.7	3
297536	1Cor.6.1	1Cor.6.6-1Cor.6.7	2
297545	1Cor.6.2	1Cor.6.4	7
297566	1Cor.6.3	1Cor.6.4	5
297579	1Cor.6.6	1Cor.6.1	2
297588	1Cor.6.6	1Cor.6.7	2
297620	1Cor.6.9	1Cor.6.15-1Cor.6.16	10
297633	1Cor.6.9	1Cor.6.19	25
297635	1Cor.6.9	1Cor.6.10	35
297641	1Cor.6.9	1Cor.6.2-1Cor.6.3	8
297721	1Cor.6.13	1Cor.6.19	19
297731	1Cor.6.13	1Cor.6.15	9
297754	1Cor.6.15	1Cor.6.13	2
297767	1Cor.6.15	1Cor.6.19	4
297799	1Cor.6.18	1Cor.6.9	14
297810	1Cor.6.19	1Cor.6.15-1Cor.6.16	49
297833	1Cor.7.1	1Cor.7.37-1Cor.7.38	4
297837	1Cor.7.1	1Cor.7.26-1Cor.7.27	5
297839	1Cor.7.1	1Cor.7.8	9
297845	1Cor.7.2	1Cor.7.9	13
297864	1Cor.7.6	1Cor.7.25	7
297865	1Cor.7.6	1Cor.7.12	5
297868	1Cor.7.7	1Cor.7.8	6
297874	1Cor.7.8	1Cor.7.1	1
297875	1Cor.7.8	1Cor.7.7	3
297876	1Cor.7.8	1Cor.7.34-1Cor.7.35	4
297877	1Cor.7.8	1Cor.7.32	6
297878	1Cor.7.8	1Cor.7.26-1Cor.7.27	3
297881	1Cor.7.9	1Cor.7.28	3
297882	1Cor.7.9	1Cor.7.2	9
297883	1Cor.7.9	1Cor.7.36	2
297884	1Cor.7.9	1Cor.7.39	2
297885	1Cor.7.10	1Cor.7.12	5
297887	1Cor.7.10	1Cor.7.25	4
297890	1Cor.7.10	1Cor.7.15	6
297892	1Cor.7.10	1Cor.7.6	4
297895	1Cor.7.10	1Cor.7.40	2
297898	1Cor.7.11	1Cor.7.10	3
297902	1Cor.7.12	1Cor.7.6	6
297905	1Cor.7.12	1Cor.7.25	4
297932	1Cor.7.17	1Cor.7.20-1Cor.7.21	7
297934	1Cor.7.17	1Cor.7.24	8
297941	1Cor.7.17	1Cor.7.18	6
297942	1Cor.7.17	1Cor.7.7	5
297968	1Cor.7.20	1Cor.7.17	7
297970	1Cor.7.20	1Cor.7.21-1Cor.7.24	4
298008	1Cor.7.24	1Cor.7.20	6
298009	1Cor.7.24	1Cor.7.17	3
298015	1Cor.7.25	1Cor.7.10	2
298020	1Cor.7.25	1Cor.7.6	8
298022	1Cor.7.25	1Cor.7.40	4
298025	1Cor.7.25	1Cor.7.36-1Cor.7.38	2
298026	1Cor.7.25	1Cor.7.12	3
298028	1Cor.7.25	1Cor.7.34	2
298029	1Cor.7.25	1Cor.7.28	2
298032	1Cor.7.26	1Cor.7.1	7
298035	1Cor.7.26	1Cor.7.35-1Cor.7.38	3
298036	1Cor.7.26	1Cor.7.8	7
298037	1Cor.7.26	1Cor.7.28	3
298039	1Cor.7.27	1Cor.7.12-1Cor.7.14	5
298040	1Cor.7.27	1Cor.7.20	3
298042	1Cor.7.28	1Cor.7.26	4
298044	1Cor.7.28	1Cor.7.32-1Cor.7.36	4
298053	1Cor.7.29	1Cor.7.31	8
298103	1Cor.7.33	1Cor.7.3	1
298124	1Cor.7.35	1Cor.7.2	5
298125	1Cor.7.35	1Cor.7.36	11
298126	1Cor.7.35	1Cor.7.5-1Cor.7.9	3
298127	1Cor.7.35	1Cor.7.33-1Cor.7.34	13
298131	1Cor.7.35	1Cor.7.28	3
298136	1Cor.7.36	1Cor.7.9	3
298138	1Cor.7.36	1Cor.7.37	3
298139	1Cor.7.38	1Cor.7.26	1
298140	1Cor.7.38	1Cor.7.8	3
298142	1Cor.7.38	1Cor.7.1-1Cor.7.2	4
298143	1Cor.7.38	1Cor.7.32-1Cor.7.34	3
298144	1Cor.7.38	1Cor.7.37	3
298145	1Cor.7.39	1Cor.7.10	7
298146	1Cor.7.39	1Cor.7.15	4
298152	1Cor.7.40	1Cor.7.8	3
298153	1Cor.7.40	1Cor.7.6	2
298158	1Cor.7.40	1Cor.7.25-1Cor.7.26	3
298161	1Cor.7.40	1Cor.7.1	3
298162	1Cor.7.40	1Cor.7.35	2
298171	1Cor.8.1	1Cor.8.10-1Cor.8.11	1
298182	1Cor.8.1	1Cor.8.4	6
298183	1Cor.8.1	1Cor.8.7	11
298189	1Cor.8.1	1Cor.8.2	4
298234	1Cor.8.4	1Cor.8.10	3
298236	1Cor.8.4	1Cor.8.6-1Cor.8.7	6
298242	1Cor.8.4	1Cor.8.1	2
298283	1Cor.8.6	1Cor.8.4	13
298300	1Cor.8.7	1Cor.8.9-1Cor.8.10	6
298311	1Cor.8.9	1Cor.8.12	6
298322	1Cor.8.9	1Cor.8.10	4
298335	1Cor.8.10	1Cor.8.7	3
298336	1Cor.8.10	1Cor.8.4	4
298340	1Cor.8.10	1Cor.8.1-1Cor.8.2	3
298345	1Cor.8.11	1Cor.8.13	5
298390	1Cor.9.1	1Cor.9.2-1Cor.9.3	2
298397	1Cor.9.1	1Cor.9.19	6
298508	1Cor.9.12	1Cor.9.18	8
298515	1Cor.9.12	1Cor.9.15	8
298522	1Cor.9.12	1Cor.9.2	4
298538	1Cor.9.14	1Cor.9.4	15
298549	1Cor.9.15	1Cor.9.12	5
298578	1Cor.9.17	1Cor.9.16	2
298602	1Cor.9.18	1Cor.9.6-1Cor.9.7	4
298611	1Cor.9.19	1Cor.9.1	4
298616	1Cor.9.19	1Cor.9.20-1Cor.9.22	6
298657	1Cor.9.22	1Cor.9.19	13
298663	1Cor.9.23	1Cor.9.12	2
298667	1Cor.9.23	1Cor.9.25-1Cor.9.27	6
298682	1Cor.9.24	1Cor.9.26	30
298723	1Cor.9.27	1Cor.9.25	47
298830	1Cor.10.6	1Cor.10.11	9
298839	1Cor.10.7	1Cor.10.14	8
298949	1Cor.10.14	1Cor.10.20-1Cor.10.21	5
298953	1Cor.10.14	1Cor.10.7	5
298980	1Cor.10.16	1Cor.10.20-1Cor.10.21	6
298985	1Cor.10.17	1Cor.10.21	2
298990	1Cor.10.17	1Cor.10.3-1Cor.10.4	2
299034	1Cor.10.21	1Cor.10.16	7
299067	1Cor.10.24	1Cor.10.33	15
299071	1Cor.10.25	1Cor.10.27-1Cor.10.29	3
299082	1Cor.10.26	1Cor.10.28	1
299093	1Cor.10.27	1Cor.10.25	9
299097	1Cor.10.28	1Cor.10.26	4
299104	1Cor.10.29	1Cor.10.32	4
299124	1Cor.10.32	1Cor.10.33	9
299136	1Cor.10.33	1Cor.10.24	10
299151	1Cor.11.2	1Cor.11.17	5
299157	1Cor.11.2	1Cor.11.22	5
299184	1Cor.11.4	1Cor.11.14	1
299195	1Cor.11.7	1Cor.11.3	8
299232	1Cor.11.17	1Cor.11.2	3
299233	1Cor.11.17	1Cor.11.20	1
299235	1Cor.11.17	1Cor.11.34	1
299240	1Cor.11.17	1Cor.11.22	4
299267	1Cor.11.21	1Cor.11.23-1Cor.11.25	3
299273	1Cor.11.22	1Cor.11.17	2
299278	1Cor.11.22	1Cor.11.2	2
299281	1Cor.11.23	1Cor.11.23-1Cor.11.25	13
299300	1Cor.11.24	1Cor.11.27-1Cor.11.28	11
299315	1Cor.11.25	1Cor.11.27-1Cor.11.28	3
299349	1Cor.11.28	1Cor.11.31	8
299353	1Cor.11.29	1Cor.11.24	5
299354	1Cor.11.29	1Cor.11.27	8
299355	1Cor.11.29	1Cor.11.30	5
299359	1Cor.11.29	1Cor.11.32-1Cor.11.34	5
299372	1Cor.11.30	1Cor.11.32	2
299383	1Cor.11.31	1Cor.11.28	7
299395	1Cor.11.32	1Cor.11.30	5
299404	1Cor.11.34	1Cor.11.21-1Cor.11.22	8
299446	1Cor.12.4	1Cor.12.8-1Cor.12.11	12
299450	1Cor.12.4	1Cor.12.28	14
299459	1Cor.12.5	1Cor.12.28-1Cor.12.29	3
299461	1Cor.12.6	1Cor.12.11	8
299508	1Cor.12.9	1Cor.12.28	6
299520	1Cor.12.9	1Cor.12.30	4
299552	1Cor.12.10	1Cor.12.28-1Cor.12.30	9
299566	1Cor.12.11	1Cor.12.4	7
299572	1Cor.12.11	1Cor.12.6	4
299581	1Cor.12.12	1Cor.12.27	21
299621	1Cor.12.14	1Cor.12.19	3
299623	1Cor.12.14	1Cor.12.27-1Cor.12.28	6
299624	1Cor.12.14	1Cor.12.12	4
299628	1Cor.12.16	1Cor.12.22	4
299633	1Cor.12.17	1Cor.12.21	3
299636	1Cor.12.17	1Cor.12.29	2
299645	1Cor.12.18	1Cor.12.24	3
299650	1Cor.12.18	1Cor.12.11	7
299651	1Cor.12.18	1Cor.12.28	10
299652	1Cor.12.20	1Cor.12.12	3
299653	1Cor.12.20	1Cor.12.14	4
299687	1Cor.12.27	1Cor.12.12	9
299690	1Cor.12.28	1Cor.12.18	13
299693	1Cor.12.28	1Cor.12.7-1Cor.12.11	9
299707	1Cor.12.30	1Cor.12.10	8
299720	1Cor.13.1	1Cor.13.2-1Cor.13.3	27
299722	1Cor.13.1	1Cor.13.8	34
299737	1Cor.13.2	1Cor.13.3	16
299747	1Cor.13.2	1Cor.13.1	5
299923	1Cor.13.7	1Cor.13.4	48
299924	1Cor.13.8	1Cor.13.1-1Cor.13.2	15
299933	1Cor.13.8	1Cor.13.13	21
299935	1Cor.13.8	1Cor.13.10	8
299937	1Cor.13.9	1Cor.13.12	10
299954	1Cor.13.10	1Cor.13.12	11
299965	1Cor.13.12	1Cor.13.9-1Cor.13.10	29
300020	1Cor.14.1	1Cor.14.37	4
300023	1Cor.14.1	1Cor.14.39	12
300026	1Cor.14.1	1Cor.14.3-1Cor.14.5	9
300041	1Cor.14.1	1Cor.14.24-1Cor.14.25	4
300046	1Cor.14.2	1Cor.14.16	1
300054	1Cor.14.2	1Cor.14.27-1Cor.14.28	1
300058	1Cor.14.2	1Cor.14.9-1Cor.14.11	5
300091	1Cor.14.3	1Cor.14.31	6
300097	1Cor.14.3	1Cor.14.12	11
300103	1Cor.14.3	1Cor.14.26	7
300106	1Cor.14.3	1Cor.14.4-1Cor.14.5	5
300113	1Cor.14.3	1Cor.14.17	3
300115	1Cor.14.4	1Cor.14.5	2
300116	1Cor.14.4	1Cor.14.3	3
300118	1Cor.14.4	1Cor.14.22	12
300120	1Cor.14.4	1Cor.14.12	2
300121	1Cor.14.4	1Cor.14.26	8
300122	1Cor.14.4	1Cor.14.17-1Cor.14.19	4
300125	1Cor.14.5	1Cor.14.12-1Cor.14.13	2
300127	1Cor.14.5	1Cor.14.1	2
300129	1Cor.14.5	1Cor.14.3-1Cor.14.4	3
300158	1Cor.14.6	1Cor.14.26-1Cor.14.30	3
300161	1Cor.14.6	1Cor.14.1	3
300165	1Cor.14.7	1Cor.14.8	3
300185	1Cor.14.11	1Cor.14.21	2
300186	1Cor.14.12	1Cor.14.1	4
300190	1Cor.14.12	1Cor.14.3-1Cor.14.4	5
300191	1Cor.14.12	1Cor.14.26	7
300199	1Cor.14.13	1Cor.14.27-1Cor.14.28	2
300200	1Cor.14.14	1Cor.14.2	7
300201	1Cor.14.14	1Cor.14.19	1
300202	1Cor.14.14	1Cor.14.15-1Cor.14.16	5
300207	1Cor.14.15	1Cor.14.19	5
300222	1Cor.14.16	1Cor.14.14	2
300237	1Cor.14.16	1Cor.14.2	2
300243	1Cor.14.16	1Cor.14.23-1Cor.14.24	2
300244	1Cor.14.17	1Cor.14.6	2
300245	1Cor.14.17	1Cor.14.4	4
300248	1Cor.14.19	1Cor.14.4	3
300249	1Cor.14.19	1Cor.14.21-1Cor.14.22	4
300274	1Cor.14.22	1Cor.14.1	2
300299	1Cor.14.26	1Cor.14.12-1Cor.14.13	8
300300	1Cor.14.26	1Cor.14.4-1Cor.14.6	4
300304	1Cor.14.26	1Cor.14.27	3
300306	1Cor.14.26	1Cor.14.40	6
300312	1Cor.14.27	1Cor.14.26	3
300314	1Cor.14.29	1Cor.14.39	2
300319	1Cor.14.30	1Cor.14.6	2
300320	1Cor.14.30	1Cor.14.26	3
300323	1Cor.14.31	1Cor.14.19	2
300327	1Cor.14.31	1Cor.14.3	3
300330	1Cor.14.31	1Cor.14.35	2
300341	1Cor.14.32	1Cor.14.29-1Cor.14.30	2
300348	1Cor.14.33	1Cor.14.40	34
300364	1Cor.14.34	1Cor.14.35	18
300373	1Cor.14.35	1Cor.14.34	1
300414	1Cor.14.39	1Cor.14.5	3
300415	1Cor.14.39	1Cor.14.3	3
300416	1Cor.14.39	1Cor.14.24-1Cor.14.25	3
300418	1Cor.14.39	1Cor.14.1	7
300468	1Cor.15.2	1Cor.15.11-1Cor.15.12	3
300469	1Cor.15.2	1Cor.15.14	2
300553	1Cor.15.6	1Cor.15.18	1
300601	1Cor.15.10	1Cor.15.2	7
300602	1Cor.15.11	1Cor.15.3-1Cor.15.4	2
300613	1Cor.15.13	1Cor.15.20	3
300624	1Cor.15.14	1Cor.15.17	10
300633	1Cor.15.14	1Cor.15.2	3
300635	1Cor.15.15	1Cor.15.20	2
300642	1Cor.15.15	1Cor.15.13	3
300649	1Cor.15.17	1Cor.15.2	3
300660	1Cor.15.17	1Cor.15.14	8
300663	1Cor.15.18	1Cor.15.6	7
300687	1Cor.15.20	1Cor.15.6	1
300689	1Cor.15.20	1Cor.15.23	15
300694	1Cor.15.21	1Cor.15.22	15
300696	1Cor.15.22	1Cor.15.45-1Cor.15.49	14
300704	1Cor.15.23	1Cor.15.20	7
300705	1Cor.15.23	1Cor.15.52	8
300745	1Cor.15.26	1Cor.15.55	19
300777	1Cor.15.29	1Cor.15.16	5
300779	1Cor.15.29	1Cor.15.32	3
300781	1Cor.15.30	1Cor.15.31	2
300894	1Cor.15.42	1Cor.15.50-1Cor.15.54	6
300909	1Cor.15.44	1Cor.15.50	7
300928	1Cor.15.45	1Cor.15.47-1Cor.15.49	7
300959	1Cor.15.47	1Cor.15.45	3
300964	1Cor.15.48	1Cor.15.21-1Cor.15.22	2
300993	1Cor.15.51	1Cor.15.20	8
300995	1Cor.15.51	1Cor.15.6	1
300997	1Cor.15.52	1Cor.15.42	10
301017	1Cor.15.52	1Cor.15.50	7
301070	1Cor.15.57	1Cor.15.51	9
301171	1Cor.16.6	1Cor.16.11	2
301207	1Cor.16.10	1Cor.16.11	2
301211	1Cor.16.11	1Cor.16.6	4
301214	1Cor.16.11	1Cor.16.10	4
301311	1Cor.16.15	1Cor.16.17	2
301408	1Cor.16.24	1Cor.16.14	2
301475	2Cor.1.4	2Cor.1.5-2Cor.1.6	7
301508	2Cor.1.6	2Cor.1.4	7
301524	2Cor.1.7	2Cor.1.14	3
301591	2Cor.1.12	2Cor.1.17	3
301646	2Cor.1.17	2Cor.1.18-2Cor.1.20	6
301655	2Cor.1.17	2Cor.1.12	2
301658	2Cor.1.18	2Cor.1.23	3
301785	2Cor.1.23	2Cor.1.18	2
301816	2Cor.2.1	2Cor.2.4	2
301939	2Cor.2.14	2Cor.2.15-2Cor.2.16	20
302077	2Cor.3.6	2Cor.3.9	5
302098	2Cor.3.6	2Cor.3.7	6
302100	2Cor.3.6	2Cor.3.14	16
302113	2Cor.3.7	2Cor.3.6	6
302116	2Cor.3.7	2Cor.3.3	6
302129	2Cor.3.7	2Cor.3.13-2Cor.3.14	4
302130	2Cor.3.7	2Cor.3.9-2Cor.3.11	11
302141	2Cor.3.8	2Cor.3.6	2
302150	2Cor.3.8	2Cor.3.17	2
302166	2Cor.3.9	2Cor.3.6-2Cor.3.7	2
302175	2Cor.3.9	2Cor.3.10-2Cor.3.11	2
302194	2Cor.3.11	2Cor.3.6-2Cor.3.7	3
302221	2Cor.3.13	2Cor.3.7	4
302225	2Cor.3.14	2Cor.3.6	3
302275	2Cor.3.17	2Cor.3.6	36
302305	2Cor.4.1	2Cor.4.16	7
302330	2Cor.4.3	2Cor.4.4	9
302364	2Cor.4.4	2Cor.4.6	45
302415	2Cor.4.6	2Cor.4.4	25
302455	2Cor.4.7	2Cor.4.1	10
302480	2Cor.4.8	2Cor.4.16-2Cor.4.17	9
302586	2Cor.4.16	2Cor.4.1	35
302643	2Cor.5.1	2Cor.5.4	7
302660	2Cor.5.2	2Cor.5.3-2Cor.5.4	5
302669	2Cor.5.4	2Cor.5.2	9
302685	2Cor.5.6	2Cor.5.8	3
302697	2Cor.5.6	2Cor.5.1	5
302710	2Cor.5.8	2Cor.5.9	7
302719	2Cor.5.8	2Cor.5.6	17
302737	2Cor.5.9	2Cor.5.8	3
302746	2Cor.5.9	2Cor.5.6	3
302805	2Cor.5.11	2Cor.5.20	3
302900	2Cor.5.15	2Cor.5.16	13
302954	2Cor.5.17	2Cor.5.19	48
302979	2Cor.5.17	2Cor.5.21	92
302981	2Cor.5.17	2Cor.5.16	70
303001	2Cor.5.18	2Cor.5.19-2Cor.5.20	23
303038	2Cor.5.20	2Cor.5.11	13
303054	2Cor.5.21	2Cor.5.17	45
303593	2Cor.7.3	2Cor.7.12	2
303609	2Cor.7.4	2Cor.7.6-2Cor.7.7	2
303651	2Cor.7.6	2Cor.7.13	6
303679	2Cor.7.7	2Cor.7.10-2Cor.7.11	2
303695	2Cor.7.8	2Cor.7.11	2
303700	2Cor.7.8	2Cor.7.6	2
303705	2Cor.7.9	2Cor.7.10-2Cor.7.11	4
303715	2Cor.7.9	2Cor.7.6-2Cor.7.7	2
303750	2Cor.7.11	2Cor.7.9	1
303774	2Cor.7.11	2Cor.7.1	3
303784	2Cor.7.11	2Cor.7.7	4
303802	2Cor.7.12	2Cor.7.8	3
303807	2Cor.7.13	2Cor.7.6	6
303809	2Cor.7.13	2Cor.7.15	2
303819	2Cor.7.14	2Cor.7.6	2
303822	2Cor.7.14	2Cor.7.4	4
303843	2Cor.7.15	2Cor.7.10-2Cor.7.11	3
303882	2Cor.8.3	2Cor.8.11-2Cor.8.12	2
303886	2Cor.8.3	2Cor.8.16-2Cor.8.17	2
303921	2Cor.8.4	2Cor.8.18-2Cor.8.19	2
303941	2Cor.8.5	2Cor.8.1	4
303947	2Cor.8.6	2Cor.8.4	4
303948	2Cor.8.6	2Cor.8.16-2Cor.8.17	5
303950	2Cor.8.6	2Cor.8.19	5
303954	2Cor.8.7	2Cor.8.6	8
303976	2Cor.8.8	2Cor.8.10	3
303983	2Cor.8.8	2Cor.8.24	3
303988	2Cor.8.8	2Cor.8.1-2Cor.8.3	3
304041	2Cor.8.10	2Cor.8.8	3
304083	2Cor.8.17	2Cor.8.6	6
304084	2Cor.8.17	2Cor.8.8	1
304085	2Cor.8.17	2Cor.8.10	3
304087	2Cor.8.18	2Cor.8.22-2Cor.8.23	2
304089	2Cor.8.18	2Cor.8.19	3
304094	2Cor.8.19	2Cor.8.1-2Cor.8.4	2
304099	2Cor.8.19	2Cor.8.6-2Cor.8.7	2
304130	2Cor.8.23	2Cor.8.19	2
304131	2Cor.8.23	2Cor.8.16	2
304136	2Cor.8.23	2Cor.8.6	3
304140	2Cor.8.24	2Cor.8.8	2
304144	2Cor.9.1	2Cor.9.12-2Cor.9.14	2
304168	2Cor.9.3	2Cor.9.4-2Cor.9.5	2
304176	2Cor.9.4	2Cor.9.2	2
304205	2Cor.9.6	2Cor.9.10	27
304225	2Cor.9.8	2Cor.9.11	28
304266	2Cor.9.10	2Cor.9.6	27
304269	2Cor.9.11	2Cor.9.12	12
304288	2Cor.9.12	2Cor.9.1	2
304348	2Cor.9.15	2Cor.9.11	5
304354	2Cor.10.1	2Cor.10.2	2
304374	2Cor.10.1	2Cor.10.10	12
304375	2Cor.10.1	2Cor.10.7	2
304397	2Cor.10.3	2Cor.10.4	33
304484	2Cor.10.7	2Cor.10.1	3
304511	2Cor.10.9	2Cor.10.10	2
304519	2Cor.10.10	2Cor.10.1	2
304528	2Cor.10.12	2Cor.10.18	15
304544	2Cor.10.13	2Cor.10.14-2Cor.10.15	5
304567	2Cor.10.15	2Cor.10.13	5
304586	2Cor.10.18	2Cor.10.12	9
304615	2Cor.11.1	2Cor.11.19	4
304617	2Cor.11.1	2Cor.11.16-2Cor.11.17	3
304618	2Cor.11.1	2Cor.11.21	4
304619	2Cor.11.1	2Cor.11.4	5
304658	2Cor.11.3	2Cor.11.29	2
304679	2Cor.11.3	2Cor.11.13-2Cor.11.15	13
304714	2Cor.11.8	2Cor.11.9	3
304735	2Cor.11.10	2Cor.11.16-2Cor.11.17	2
304740	2Cor.11.10	2Cor.11.31	2
304742	2Cor.11.10	2Cor.11.12	2
304750	2Cor.11.11	2Cor.11.10	1
304752	2Cor.11.11	2Cor.11.31	2
304769	2Cor.11.12	2Cor.11.9	2
304772	2Cor.11.12	2Cor.11.18	2
304804	2Cor.11.13	2Cor.11.15	6
304806	2Cor.11.14	2Cor.11.3	14
304814	2Cor.11.15	2Cor.11.13	2
304831	2Cor.11.15	2Cor.11.23	3
304840	2Cor.11.16	2Cor.11.1	4
304842	2Cor.11.16	2Cor.11.19	2
304844	2Cor.11.16	2Cor.11.21-2Cor.11.23	2
304854	2Cor.11.18	2Cor.11.21-2Cor.11.23	2
304860	2Cor.11.18	2Cor.11.12	2
304882	2Cor.11.21	2Cor.11.17	3
304905	2Cor.11.23	2Cor.11.5	2
304908	2Cor.11.23	2Cor.11.24-2Cor.11.25	6
304958	2Cor.11.26	2Cor.11.32	2
304982	2Cor.11.27	2Cor.11.23	3
305010	2Cor.11.29	2Cor.11.13-2Cor.11.15	2
305042	2Cor.11.30	2Cor.11.16-2Cor.11.18	4
305054	2Cor.11.31	2Cor.11.11	2
305069	2Cor.11.32	2Cor.11.26	2
305082	2Cor.12.1	2Cor.12.11	3
305084	2Cor.12.1	2Cor.12.7	4
305125	2Cor.12.2	2Cor.12.3-2Cor.12.5	4
305133	2Cor.12.5	2Cor.12.9-2Cor.12.10	2
305139	2Cor.12.6	2Cor.12.7	2
305144	2Cor.12.6	2Cor.12.11	3
305176	2Cor.12.9	2Cor.12.10	203
305193	2Cor.12.9	2Cor.12.15	12
305194	2Cor.12.9	2Cor.12.5	63
305228	2Cor.12.10	2Cor.12.9	70
305237	2Cor.12.11	2Cor.12.12	2
305246	2Cor.12.11	2Cor.12.6	2
305262	2Cor.12.13	2Cor.12.14	3
305296	2Cor.12.15	2Cor.12.9	3
305299	2Cor.12.15	2Cor.12.14	3
305308	2Cor.12.16	2Cor.12.13	2
305313	2Cor.12.17	2Cor.12.18	2
305343	2Cor.12.19	2Cor.12.15	2
305349	2Cor.12.20	2Cor.12.21	2
305394	2Cor.12.21	2Cor.12.7	2
305424	2Cor.13.2	2Cor.13.10	3
305482	2Cor.13.5	2Cor.13.6-2Cor.13.7	7
305511	2Cor.13.6	2Cor.13.10	2
305512	2Cor.13.6	2Cor.13.3-2Cor.13.4	2
305517	2Cor.13.7	2Cor.13.9	2
305536	2Cor.13.8	2Cor.13.10	2
305559	2Cor.13.9	2Cor.13.7-2Cor.13.8	3
305566	2Cor.13.9	2Cor.13.11	8
305571	2Cor.13.10	2Cor.13.2	2
305575	2Cor.13.10	2Cor.13.8	3
305582	2Cor.13.11	2Cor.13.9	7
305602	2Cor.13.11	2Cor.13.14	7
305687	Gal.1.1	Gal.1.17	3
305692	Gal.1.1	Gal.1.11-Gal.1.12	12
305869	Gal.1.8	Gal.1.9	20
305900	Gal.1.11	Gal.1.1	10
305903	Gal.1.12	Gal.1.1	7
305906	Gal.1.12	Gal.1.16	8
305934	Gal.1.15	Gal.1.6	5
305962	Gal.1.16	Gal.1.11-Gal.1.12	2
305989	Gal.1.17	Gal.1.18	2
306050	Gal.2.1	Gal.2.3	3
306052	Gal.2.1	Gal.2.13	2
306069	Gal.2.2	Gal.2.6	16
306070	Gal.2.2	Gal.2.9	4
306119	Gal.2.5	Gal.2.14	5
306122	Gal.2.6	Gal.2.2	19
306148	Gal.2.7	Gal.2.9	4
306184	Gal.2.9	Gal.2.11-Gal.2.14	2
306188	Gal.2.9	Gal.2.6-Gal.2.7	3
306193	Gal.2.9	Gal.2.2	4
306211	Gal.2.11	Gal.2.7	3
306212	Gal.2.11	Gal.2.14	5
306214	Gal.2.11	Gal.2.9	3
306224	Gal.2.11	Gal.2.5	3
306234	Gal.2.12	Gal.2.9	3
306255	Gal.2.13	Gal.2.1	2
306267	Gal.2.14	Gal.2.7	2
306273	Gal.2.14	Gal.2.9	2
306274	Gal.2.14	Gal.2.11-Gal.2.13	2
306283	Gal.2.14	Gal.2.5	8
306319	Gal.2.16	Gal.2.19-Gal.2.20	4
306338	Gal.2.17	Gal.2.15	5
306349	Gal.2.17	Gal.2.11	2
306352	Gal.2.18	Gal.2.12-Gal.2.16	3
306354	Gal.2.18	Gal.2.21	2
306357	Gal.2.18	Gal.2.4-Gal.2.5	4
306371	Gal.2.19	Gal.2.20	4
306395	Gal.2.20	Gal.2.16	9
306438	Gal.2.21	Gal.2.18	4
306440	Gal.2.21	Gal.2.16	11
306483	Gal.3.1	Gal.3.3	9
306490	Gal.3.2	Gal.3.14	17
306491	Gal.3.2	Gal.3.5	12
306520	Gal.3.5	Gal.3.2	9
306532	Gal.3.6	Gal.3.9	8
306539	Gal.3.7	Gal.3.9	9
306545	Gal.3.7	Gal.3.26-Gal.3.29	7
306546	Gal.3.8	Gal.3.16	4
306557	Gal.3.8	Gal.3.22	5
306570	Gal.3.9	Gal.3.7-Gal.3.8	3
306572	Gal.3.9	Gal.3.14	5
306574	Gal.3.9	Gal.3.29	13
306641	Gal.3.13	Gal.3.10	13
306692	Gal.3.14	Gal.3.2	12
306698	Gal.3.14	Gal.3.16	4
306703	Gal.3.14	Gal.3.5-Gal.3.9	4
306711	Gal.3.14	Gal.3.28-Gal.3.29	22
306727	Gal.3.16	Gal.3.8	7
306731	Gal.3.16	Gal.3.27-Gal.3.29	10
306742	Gal.3.17	Gal.3.21	2
306748	Gal.3.17	Gal.3.15	3
306782	Gal.3.18	Gal.3.12	2
306785	Gal.3.18	Gal.3.29	3
306786	Gal.3.18	Gal.3.26	2
306788	Gal.3.18	Gal.3.16	2
306790	Gal.3.18	Gal.3.10	2
306796	Gal.3.19	Gal.3.21-Gal.3.25	3
306805	Gal.3.19	Gal.3.16	10
306831	Gal.3.20	Gal.3.17	2
306852	Gal.3.22	Gal.3.23	9
306856	Gal.3.22	Gal.3.29	3
306860	Gal.3.22	Gal.3.8-Gal.3.10	2
306865	Gal.3.22	Gal.3.14	2
306866	Gal.3.22	Gal.3.17	2
306888	Gal.3.23	Gal.3.24-Gal.3.25	7
306889	Gal.3.23	Gal.3.19	5
306892	Gal.3.24	Gal.3.25	3
306962	Gal.3.29	Gal.3.16	4
306969	Gal.3.29	Gal.3.28	3
306979	Gal.3.29	Gal.3.7	21
306987	Gal.4.1	Gal.4.29	3
306989	Gal.4.1	Gal.4.23	3
306992	Gal.4.3	Gal.4.9	11
306998	Gal.4.3	Gal.4.25	2
307050	Gal.4.5	Gal.4.21	4
307063	Gal.4.5	Gal.4.7	10
307101	Gal.4.7	Gal.4.5-Gal.4.6	12
307172	Gal.4.11	Gal.4.20	2
307213	Gal.4.14	Gal.4.13	2
307224	Gal.4.15	Gal.4.19	2
307266	Gal.4.18	Gal.4.13	3
307268	Gal.4.18	Gal.4.20	1
307304	Gal.4.21	Gal.4.9	4
307322	Gal.4.23	Gal.4.28-Gal.4.29	4
307340	Gal.4.24	Gal.4.25	3
307362	Gal.4.26	Gal.4.22	2
307394	Gal.4.28	Gal.4.23	8
307405	Gal.4.29	Gal.4.23	4
307439	Gal.5.1	Gal.5.13	97
307466	Gal.5.2	Gal.5.6	8
307468	Gal.5.2	Gal.5.3-Gal.5.4	3
307469	Gal.5.2	Gal.5.11	3
307506	Gal.5.4	Gal.5.2	12
307533	Gal.5.6	Gal.5.2-Gal.5.3	4
307573	Gal.5.10	Gal.5.12	9
307623	Gal.5.12	Gal.5.10	5
307624	Gal.5.13	Gal.5.22	9
307631	Gal.5.13	Gal.5.14	35
307669	Gal.5.15	Gal.5.26	13
307681	Gal.5.16	Gal.5.24-Gal.5.25	102
307690	Gal.5.16	Gal.5.19-Gal.5.21	57
307732	Gal.5.18	Gal.5.25	8
307744	Gal.5.18	Gal.5.16	6
307758	Gal.5.19	Gal.5.13	12
307772	Gal.5.19	Gal.5.17	12
307823	Gal.5.22	Gal.5.16-Gal.5.18	37
307838	Gal.5.22	Gal.5.13	32
307851	Gal.5.24	Gal.5.16-Gal.5.18	31
307857	Gal.5.24	Gal.5.20	7
307863	Gal.5.25	Gal.5.16	53
307870	Gal.5.26	Gal.5.15	9
307925	Gal.6.2	Gal.6.5	13
308001	Gal.6.7	Gal.6.3	21
308010	Gal.6.8	Gal.6.7	18
308105	Gal.6.12	Gal.6.13	2
308240	Eph.1.3	Eph.1.20	26
308247	Eph.1.3	Eph.1.17	15
308249	Eph.1.3	Eph.1.10	5
308316	Eph.1.5	Eph.1.11	35
308326	Eph.1.5	Eph.1.9	9
308353	Eph.1.6	Eph.1.7-Eph.1.8	13
308356	Eph.1.6	Eph.1.14	9
308360	Eph.1.6	Eph.1.18	8
308364	Eph.1.6	Eph.1.12	24
308416	Eph.1.7	Eph.1.6	8
308452	Eph.1.8	Eph.1.11	2
308469	Eph.1.9	Eph.1.11	9
308471	Eph.1.9	Eph.1.17-Eph.1.18	5
308507	Eph.1.10	Eph.1.22	4
308515	Eph.1.11	Eph.1.5	12
308535	Eph.1.11	Eph.1.14	15
308539	Eph.1.12	Eph.1.6	11
308551	Eph.1.12	Eph.1.13-Eph.1.14	8
308597	Eph.1.14	Eph.1.6-Eph.1.7	7
308605	Eph.1.14	Eph.1.12	9
308653	Eph.1.17	Eph.1.3	29
308721	Eph.1.18	Eph.1.11	14
308726	Eph.1.18	Eph.1.7	29
308752	Eph.1.20	Eph.1.3	2
308828	Eph.2.1	Eph.2.5-Eph.2.6	39
308861	Eph.2.2	Eph.2.3	24
308941	Eph.2.3	Eph.2.2	6
308953	Eph.2.4	Eph.2.7	24
308989	Eph.2.5	Eph.2.8	27
308999	Eph.2.5	Eph.2.1	17
309023	Eph.2.7	Eph.2.4	13
309034	Eph.2.8	Eph.2.5	137
309052	Eph.2.8	Eph.2.10	35
309084	Eph.2.10	Eph.2.2	9
309193	Eph.2.13	Eph.2.19-Eph.2.22	15
309204	Eph.2.13	Eph.2.16-Eph.2.17	10
309212	Eph.2.13	Eph.2.12	11
309246	Eph.2.14	Eph.2.15	16
309274	Eph.2.16	Eph.2.15	7
309297	Eph.2.17	Eph.2.13-Eph.2.14	6
309333	Eph.2.19	Eph.2.12	12
309411	Eph.3.2	Eph.3.8	3
309424	Eph.3.3	Eph.3.4	10
309429	Eph.3.3	Eph.3.9	12
309459	Eph.3.5	Eph.3.9	5
309490	Eph.3.7	Eph.3.2	10
309493	Eph.3.7	Eph.3.20	10
309504	Eph.3.7	Eph.3.8	3
309507	Eph.3.8	Eph.3.2	2
309515	Eph.3.8	Eph.3.16	10
309526	Eph.3.8	Eph.3.19	5
309542	Eph.3.9	Eph.3.3-Eph.3.5	2
309609	Eph.3.13	Eph.3.1	5
309659	Eph.3.16	Eph.3.8	15
309712	Eph.3.18	Eph.3.19	10
309735	Eph.3.19	Eph.3.18	7
309748	Eph.3.20	Eph.3.7	80
309809	Eph.4.1	Eph.4.4	7
309815	Eph.4.1	Eph.4.17	15
309865	Eph.4.3	Eph.4.4	8
309872	Eph.4.4	Eph.4.1	8
309895	Eph.4.5	Eph.4.13	3
310029	Eph.4.11	Eph.4.8	16
310055	Eph.4.12	Eph.4.16	16
310074	Eph.4.13	Eph.4.12	2
310082	Eph.4.13	Eph.4.5	10
310083	Eph.4.13	Eph.4.3	10
310143	Eph.4.15	Eph.4.25	30
310167	Eph.4.16	Eph.4.12	12
310168	Eph.4.16	Eph.4.15	13
310197	Eph.4.17	Eph.4.22	2
310250	Eph.4.19	Eph.4.17	3
310294	Eph.4.22	Eph.4.25	20
310302	Eph.4.22	Eph.4.17	17
310339	Eph.4.25	Eph.4.15	14
310371	Eph.4.26	Eph.4.31-Eph.4.32	46
310457	Eph.4.29	Eph.4.16	10
310460	Eph.4.29	Eph.4.12	11
310529	Eph.4.31	Eph.4.26	9
310617	Eph.5.2	Eph.5.25	3
310628	Eph.5.3	Eph.5.5	24
310637	Eph.5.3	Eph.5.12	9
310686	Eph.5.4	Eph.5.19-Eph.5.20	4
310716	Eph.5.5	Eph.5.3	12
310754	Eph.5.7	Eph.5.11	9
310787	Eph.5.8	Eph.5.2	4
310827	Eph.5.11	Eph.5.7	9
310870	Eph.5.12	Eph.5.3	12
310923	Eph.5.15	Eph.5.33	7
310947	Eph.5.17	Eph.5.15	23
311012	Eph.5.20	Eph.5.4	14
311031	Eph.5.21	Eph.5.24	18
311044	Eph.5.21	Eph.5.22	14
311058	Eph.5.23	Eph.5.25-Eph.5.26	5
311063	Eph.5.24	Eph.5.33	7
311077	Eph.5.25	Eph.5.33	19
311080	Eph.5.25	Eph.5.2	16
311086	Eph.5.25	Eph.5.28	53
311132	Eph.5.28	Eph.5.31	5
311135	Eph.5.28	Eph.5.25	33
311136	Eph.5.28	Eph.5.33	8
311140	Eph.5.29	Eph.5.31	5
311170	Eph.5.33	Eph.5.25	9
311172	Eph.5.33	Eph.5.22	9
311175	Eph.5.33	Eph.5.28-Eph.5.29	7
311202	Eph.6.1	Eph.6.5-Eph.6.6	13
311271	Eph.6.5	Eph.6.24	3
311300	Eph.6.7	Eph.6.5-Eph.6.6	11
311350	Eph.6.9	Eph.6.5-Eph.6.7	2
311388	Eph.6.11	Eph.6.13	74
311520	Eph.6.18	Eph.6.19	13
311590	Eph.6.20	Eph.6.19	5
311708	Phil.1.4	Phil.1.9-Phil.1.11	1
311726	Phil.1.5	Phil.1.7	6
311731	Phil.1.6	Phil.1.29	30
311751	Phil.1.6	Phil.1.10	71
311769	Phil.1.7	Phil.1.16-Phil.1.17	6
311778	Phil.1.7	Phil.1.5	12
311843	Phil.1.10	Phil.1.16	5
311848	Phil.1.10	Phil.1.6	10
311918	Phil.1.13	Phil.1.7	4
311933	Phil.1.14	Phil.1.7	3
311955	Phil.1.15	Phil.1.16-Phil.1.18	4
311960	Phil.1.16	Phil.1.12	2
311965	Phil.1.16	Phil.1.7	2
311966	Phil.1.16	Phil.1.10	2
311972	Phil.1.17	Phil.1.7	2
311990	Phil.1.18	Phil.1.14-Phil.1.17	7
312011	Phil.1.20	Phil.1.23-Phil.1.24	3
312036	Phil.1.20	Phil.1.14	2
312047	Phil.1.21	Phil.1.23	41
312052	Phil.1.21	Phil.1.20	29
312064	Phil.1.22	Phil.1.24	6
312090	Phil.1.24	Phil.1.25-Phil.1.26	2
312092	Phil.1.24	Phil.1.22	2
312278	Phil.2.2	Phil.2.20	4
312282	Phil.2.2	Phil.2.16	7
312304	Phil.2.3	Phil.2.14	33
312397	Phil.2.7	Phil.2.6	14
312540	Phil.2.12	Phil.2.19	2
312613	Phil.2.14	Phil.2.3	22
312681	Phil.2.17	Phil.2.30	1
312709	Phil.2.19	Phil.2.28	3
312713	Phil.2.19	Phil.2.23-Phil.2.25	3
312717	Phil.2.20	Phil.2.2	6
312725	Phil.2.20	Phil.2.22	4
312740	Phil.2.21	Phil.2.4	12
312749	Phil.2.22	Phil.2.20	2
312759	Phil.2.23	Phil.2.19	2
312760	Phil.2.24	Phil.2.19	3
312818	Phil.2.27	Phil.2.30	5
312827	Phil.2.28	Phil.2.26-Phil.2.27	4
312854	Phil.2.30	Phil.2.17	2
312863	Phil.2.30	Phil.2.27	2
312885	Phil.3.1	Phil.3.3	2
312912	Phil.3.2	Phil.3.3	3
312933	Phil.3.2	Phil.3.19	8
312986	Phil.3.6	Phil.3.9	3
313013	Phil.3.7	Phil.3.4-Phil.3.6	4
313016	Phil.3.7	Phil.3.8-Phil.3.10	17
313020	Phil.3.8	Phil.3.7	27
313045	Phil.3.8	Phil.3.10	19
313111	Phil.3.9	Phil.3.6	6
313146	Phil.3.10	Phil.3.8	29
313182	Phil.3.12	Phil.3.16	13
313201	Phil.3.12	Phil.3.13-Phil.3.14	16
313209	Phil.3.13	Phil.3.12	59
313218	Phil.3.13	Phil.3.8	30
313251	Phil.3.15	Phil.3.12-Phil.3.14	6
313473	Phil.4.3	Phil.4.2	5
313559	Phil.4.7	Phil.4.9	23
313685	Phil.4.9	Phil.4.7	14
313737	Phil.4.14	Phil.4.18	4
313768	Phil.4.17	Phil.4.11	5
313791	Phil.4.18	Phil.4.12	10
313837	Phil.4.20	Phil.4.23	2
313894	Col.1.3	Col.1.13	5
313897	Col.1.3	Col.1.9	10
313914	Col.1.4	Col.1.9	5
313926	Col.1.5	Col.1.23	9
313940	Col.1.5	Col.1.27	15
313953	Col.1.6	Col.1.23	10
313961	Col.1.6	Col.1.10	4
314004	Col.1.8	Col.1.4	6
314024	Col.1.9	Col.1.3-Col.1.4	6
314038	Col.1.9	Col.1.6	4
314229	Col.1.15	Col.1.13	13
314241	Col.1.15	Col.1.16-Col.1.17	16
314248	Col.1.16	Col.1.20	10
314252	Col.1.16	Col.1.15	24
314273	Col.1.17	Col.1.15	16
314303	Col.1.18	Col.1.24	5
314353	Col.1.20	Col.1.21-Col.1.22	25
314420	Col.1.23	Col.1.5-Col.1.6	15
314428	Col.1.23	Col.1.25	4
314465	Col.1.24	Col.1.18	5
314474	Col.1.25	Col.1.23	7
314500	Col.1.27	Col.1.5	13
314558	Col.1.28	Col.1.22	9
314602	Col.2.1	Col.2.5	2
314687	Col.2.4	Col.2.18	2
314690	Col.2.4	Col.2.8	2
314774	Col.2.8	Col.2.20	21
314801	Col.2.8	Col.2.18	10
314804	Col.2.8	Col.2.22	8
314812	Col.2.9	Col.2.2-Col.2.3	18
314930	Col.2.14	Col.2.20	20
315023	Col.2.18	Col.2.23	8
315039	Col.2.18	Col.2.8	14
315042	Col.2.18	Col.2.4	2
315057	Col.2.19	Col.2.2	6
315061	Col.2.19	Col.2.6-Col.2.9	2
315083	Col.2.20	Col.2.14	12
315084	Col.2.20	Col.2.8	15
315090	Col.2.20	Col.2.16	12
315107	Col.2.23	Col.2.8	9
315110	Col.2.23	Col.2.22	9
315112	Col.2.23	Col.2.18	9
315132	Col.3.1	Col.3.2	76
315153	Col.3.2	Col.3.1	90
315170	Col.3.2	Col.3.5	49
315175	Col.3.3	Col.3.4	5
315279	Col.3.8	Col.3.5	12
315300	Col.3.8	Col.3.9	9
315314	Col.3.9	Col.3.8	3
315338	Col.3.10	Col.3.14	18
315344	Col.3.10	Col.3.12	26
315415	Col.3.12	Col.3.10	37
315456	Col.3.13	Col.3.12	19
315504	Col.3.15	Col.3.17	22
315613	Col.3.17	Col.3.23	113
315632	Col.3.19	Col.3.21	35
315680	Col.3.22	Col.3.20	5
315692	Col.3.23	Col.3.17	228
315782	Col.4.2	Col.4.12	14
315821	Col.4.4	Col.4.6	4
315871	Col.4.7	Col.4.9	2
315873	Col.4.7	Col.4.12	1
315895	Col.4.9	Col.4.7	3
315923	Col.4.11	Col.4.7	5
315946	Col.4.12	Col.4.1-Col.4.2	2
315954	Col.4.13	Col.4.15-Col.4.16	2
315990	Col.4.18	Col.4.3	2
316086	1Thess.1.4	1Thess.1.3	2
316187	1Thess.1.7	1Thess.1.8	3
316235	1Thess.1.9	1Thess.1.5-1Thess.1.6	2
316260	1Thess.1.10	1Thess.1.7	1
316282	1Thess.2.1	1Thess.2.13	4
316321	1Thess.2.3	1Thess.2.5-1Thess.2.6	5
316326	1Thess.2.3	1Thess.2.11	1
316382	1Thess.2.5	1Thess.2.10	3
316411	1Thess.2.6	1Thess.2.9	6
316433	1Thess.2.7	1Thess.2.11	9
316470	1Thess.2.9	1Thess.2.6	4
316479	1Thess.2.9	1Thess.2.2	3
316513	1Thess.2.10	1Thess.2.5	2
316554	1Thess.2.11	1Thess.2.7	4
316735	1Thess.2.19	1Thess.2.20	2
316758	1Thess.3.1	1Thess.3.5	6
316770	1Thess.3.2	1Thess.3.13	1
316821	1Thess.3.5	1Thess.3.6	1
316834	1Thess.3.5	1Thess.3.1-1Thess.3.2	2
316845	1Thess.3.6	1Thess.3.9-1Thess.3.10	2
316863	1Thess.3.7	1Thess.3.8-1Thess.3.9	2
316892	1Thess.3.9	1Thess.3.7-1Thess.3.8	3
316911	1Thess.3.10	1Thess.3.11	6
316934	1Thess.3.11	1Thess.3.13	3
316985	1Thess.3.13	1Thess.3.11	5
317016	1Thess.4.1	1Thess.4.10-1Thess.4.12	7
317028	1Thess.4.1	1Thess.4.2	2
317074	1Thess.4.3	1Thess.4.4	19
317217	1Thess.4.10	1Thess.4.1	2
317282	1Thess.4.13	1Thess.4.15	14
317304	1Thess.4.14	1Thess.4.13	15
317310	1Thess.4.14	1Thess.4.17	13
317361	1Thess.4.17	1Thess.4.15	18
317472	1Thess.5.6	1Thess.5.8	1
317524	1Thess.5.8	1Thess.5.5	8
317612	1Thess.5.12	1Thess.5.14	6
317984	2Thess.1.5	2Thess.1.11	3
317988	2Thess.1.5	2Thess.1.6-2Thess.1.7	2
318151	2Thess.1.10	2Thess.1.12	2
318186	2Thess.1.11	2Thess.1.5	6
318225	2Thess.1.12	2Thess.1.10	8
318240	2Thess.2.2	2Thess.2.15	3
318266	2Thess.2.3	2Thess.2.8-2Thess.2.10	24
318299	2Thess.2.6	2Thess.2.3	2
318300	2Thess.2.6	2Thess.2.8	1
318317	2Thess.2.8	2Thess.2.3	14
318427	2Thess.2.13	2Thess.2.16	3
318430	2Thess.2.13	2Thess.2.12	4
318442	2Thess.2.13	2Thess.2.10	2
318483	2Thess.2.15	2Thess.2.2	12
318540	2Thess.2.17	2Thess.2.16	3
318613	2Thess.3.4	2Thess.3.12	4
318624	2Thess.3.4	2Thess.3.6	4
318663	2Thess.3.6	2Thess.3.10-2Thess.3.11	26
318670	2Thess.3.6	2Thess.3.14-2Thess.3.15	8
318679	2Thess.3.6	2Thess.3.7	25
318681	2Thess.3.7	2Thess.3.6	38
318682	2Thess.3.7	2Thess.3.9	29
318697	2Thess.3.8	2Thess.3.12	4
318704	2Thess.3.9	2Thess.3.7	35
318720	2Thess.3.11	2Thess.3.6	10
318730	2Thess.3.12	2Thess.3.8	6
318760	2Thess.3.14	2Thess.3.6	8
318808	2Thess.3.16	2Thess.3.18	2
318854	1Tim.1.1	1Tim.1.12	7
318871	1Tim.1.2	1Tim.1.18	4
318940	1Tim.1.5	1Tim.1.19	19
319091	1Tim.1.12	1Tim.1.11	3
319121	1Tim.1.13	1Tim.1.16	2
319156	1Tim.1.15	1Tim.1.19	4
319171	1Tim.1.15	1Tim.1.13	12
319183	1Tim.1.16	1Tim.1.13	10
319266	1Tim.1.18	1Tim.1.11-1Tim.1.12	7
319271	1Tim.1.18	1Tim.1.2	6
319290	1Tim.1.19	1Tim.1.5	3
319330	1Tim.2.1	1Tim.2.4	14
319584	1Tim.2.15	1Tim.2.9	5
319618	1Tim.3.2	1Tim.3.10-1Tim.3.11	7
319630	1Tim.3.3	1Tim.3.8	5
319669	1Tim.3.4	1Tim.3.12	7
319675	1Tim.3.5	1Tim.3.15	2
319729	1Tim.3.8	1Tim.3.3	5
319735	1Tim.3.8	1Tim.3.12	3
319741	1Tim.3.9	1Tim.3.16	2
319744	1Tim.3.10	1Tim.3.13	4
319745	1Tim.3.10	1Tim.3.6	2
319747	1Tim.3.10	1Tim.3.2	2
319771	1Tim.3.11	1Tim.3.2	5
319773	1Tim.3.12	1Tim.3.2	7
319775	1Tim.3.12	1Tim.3.4-1Tim.3.5	5
319776	1Tim.3.12	1Tim.3.8	3
319827	1Tim.3.15	1Tim.3.2	3
319833	1Tim.3.15	1Tim.3.16	3
319836	1Tim.3.15	1Tim.3.5	2
319917	1Tim.3.16	1Tim.3.9	10
320002	1Tim.4.3	1Tim.4.4	15
320028	1Tim.4.4	1Tim.4.3	5
320041	1Tim.4.5	1Tim.4.3	6
320053	1Tim.4.6	1Tim.4.16	2
320198	1Tim.4.13	1Tim.4.16	9
320201	1Tim.4.13	1Tim.4.6	6
320243	1Tim.4.15	1Tim.4.6	6
320268	1Tim.4.16	1Tim.4.6	9
320293	1Tim.5.1	1Tim.5.19-1Tim.5.20	7
320304	1Tim.5.1	1Tim.5.17	5
320316	1Tim.5.2	1Tim.5.3	3
320318	1Tim.5.3	1Tim.5.4-1Tim.5.5	4
320332	1Tim.5.3	1Tim.5.16-1Tim.5.17	4
320333	1Tim.5.3	1Tim.5.9-1Tim.5.11	3
320338	1Tim.5.3	1Tim.5.2	1
320363	1Tim.5.5	1Tim.5.3	9
320366	1Tim.5.5	1Tim.5.16	5
320436	1Tim.5.9	1Tim.5.3-1Tim.5.4	2
320437	1Tim.5.9	1Tim.5.14	2
320439	1Tim.5.9	1Tim.5.11	3
320450	1Tim.5.10	1Tim.5.16	1
320469	1Tim.5.10	1Tim.5.25	2
320484	1Tim.5.11	1Tim.5.9	2
320486	1Tim.5.11	1Tim.5.14	6
320511	1Tim.5.14	1Tim.5.11	2
320535	1Tim.5.16	1Tim.5.3-1Tim.5.5	8
320536	1Tim.5.16	1Tim.5.8	4
320567	1Tim.5.17	1Tim.5.3	3
320813	1Tim.6.5	1Tim.6.6	7
320852	1Tim.6.6	1Tim.6.8	29
320912	1Tim.6.10	1Tim.6.21	6
320939	1Tim.6.10	1Tim.6.9	30
320960	1Tim.6.11	1Tim.6.20	5
320989	1Tim.6.12	1Tim.6.13	24
321007	1Tim.6.12	1Tim.6.19	21
321024	1Tim.6.13	1Tim.6.12	2
321036	1Tim.6.14	1Tim.6.20	2
321113	1Tim.6.17	1Tim.6.13	2
321194	1Tim.6.19	1Tim.6.12	9
321219	1Tim.6.20	1Tim.6.14	7
321223	1Tim.6.20	1Tim.6.4-1Tim.6.5	2
321226	1Tim.6.20	1Tim.6.11	2
321248	1Tim.6.21	1Tim.6.10	3
321275	2Tim.1.3	2Tim.1.5	2
321329	2Tim.1.5	2Tim.1.12	6
321401	2Tim.1.8	2Tim.1.12	13
321411	2Tim.1.8	2Tim.1.16	8
321471	2Tim.1.10	2Tim.1.1	5
321564	2Tim.1.12	2Tim.1.8	24
321565	2Tim.1.12	2Tim.1.18	8
321597	2Tim.1.13	2Tim.1.14	6
321618	2Tim.1.14	2Tim.1.12	10
321645	2Tim.1.16	2Tim.1.18	5
321647	2Tim.1.16	2Tim.1.8	5
321664	2Tim.1.18	2Tim.1.16	2
321665	2Tim.1.18	2Tim.1.12	4
321689	2Tim.2.2	2Tim.2.24-2Tim.2.25	7
321723	2Tim.2.3	2Tim.2.10	12
321853	2Tim.2.10	2Tim.2.3	5
321904	2Tim.2.14	2Tim.2.23	13
321928	2Tim.2.14	2Tim.2.16	5
321968	2Tim.2.16	2Tim.2.14	7
321983	2Tim.2.18	2Tim.2.14	2
322086	2Tim.2.21	2Tim.2.20	13
322117	2Tim.2.23	2Tim.2.14	15
322120	2Tim.2.23	2Tim.2.16	8
322257	2Tim.3.2	2Tim.3.4	12
322391	2Tim.3.9	2Tim.3.8	7
322416	2Tim.3.10	2Tim.3.16-2Tim.3.17	2
322502	2Tim.3.13	2Tim.3.8	7
322514	2Tim.3.14	2Tim.3.15	9
322622	2Tim.4.1	2Tim.4.8	17
322777	2Tim.4.8	2Tim.4.1	6
322786	2Tim.4.9	2Tim.4.21	4
322799	2Tim.4.10	2Tim.4.16	4
322865	2Tim.4.16	2Tim.4.10	2
322947	2Tim.4.21	2Tim.4.13	2
322950	2Tim.4.21	2Tim.4.9	4
323068	Titus.1.4	Titus.1.3	2
323119	Titus.1.6	Titus.1.10	2
323120	Titus.1.6	Titus.1.6-Titus.1.8	4
323130	Titus.1.7	Titus.1.5	2
323165	Titus.1.9	Titus.1.11	6
323217	Titus.1.11	Titus.1.7	4
323225	Titus.1.11	Titus.1.9	5
323297	Titus.2.1	Titus.2.11-Titus.2.14	4
323306	Titus.2.2	Titus.2.7	4
323327	Titus.2.3	Titus.2.4	29
323606	Titus.2.14	Titus.2.7	3
323626	Titus.3.1	Titus.3.8	4
323627	Titus.3.1	Titus.3.14	2
323756	Titus.3.5	Titus.3.4	6
323803	Titus.3.8	Titus.3.14	12
323813	Titus.3.8	Titus.3.1	7
323884	Titus.3.14	Titus.3.8	9
323897	Phlm.1.1	Phlm.1.24	2
323909	Phlm.1.1	Phlm.1.9	5
323928	Phlm.1.5	Phlm.1.7	2
323961	Phlm.1.7	Phlm.1.20	5
324007	Phlm.1.13	Phlm.1.1	2
324015	Phlm.1.14	Phlm.1.8-Phlm.1.9	2
324040	Phlm.1.17	Phlm.1.10	1
324051	Phlm.1.17	Phlm.1.12	4
324071	Phlm.1.20	Phlm.1.7	5
324074	Phlm.1.20	Phlm.1.12	3
324099	Phlm.1.24	Phlm.1.1-Phlm.1.2	3
324161	Heb.1.2	Heb.1.8	2
324182	Heb.1.2	Heb.1.5	6
324241	Heb.1.4	Heb.1.9	3
324265	Heb.1.6	Heb.1.5	4
324276	Heb.1.7	Heb.1.14	16
324398	Heb.1.13	Heb.1.3	11
324475	Heb.2.1	Heb.2.2-Heb.2.4	5
324589	Heb.2.8	Heb.2.5	3
324603	Heb.2.9	Heb.2.7	3
324688	Heb.2.11	Heb.2.14	5
324737	Heb.2.14	Heb.2.18	6
324776	Heb.2.17	Heb.2.14	14
324781	Heb.2.17	Heb.2.11	5
324845	Heb.3.1	Heb.3.14	5
324867	Heb.3.2	Heb.3.5-Heb.3.6	4
324880	Heb.3.3	Heb.3.6	4
324882	Heb.3.4	Heb.3.3	3
324896	Heb.3.5	Heb.3.2	8
324920	Heb.3.6	Heb.3.14	6
324923	Heb.3.6	Heb.3.2-Heb.3.3	2
324962	Heb.3.7	Heb.3.15	97
324964	Heb.3.7	Heb.3.13	51
325000	Heb.3.8	Heb.3.12-Heb.3.13	5
325029	Heb.3.10	Heb.3.12	2
325079	Heb.3.12	Heb.3.10	9
325099	Heb.3.14	Heb.3.1	5
325102	Heb.3.14	Heb.3.6	19
325109	Heb.3.15	Heb.3.7-Heb.3.8	16
325118	Heb.3.16	Heb.3.9-Heb.3.10	2
325134	Heb.3.18	Heb.3.11	4
325161	Heb.4.1	Heb.4.11	9
325163	Heb.4.1	Heb.4.3-Heb.4.5	7
325165	Heb.4.1	Heb.4.9	10
325181	Heb.4.2	Heb.4.6	2
325205	Heb.4.5	Heb.4.3	2
325209	Heb.4.6	Heb.4.2	4
325217	Heb.4.6	Heb.4.9	3
325249	Heb.4.9	Heb.4.3	10
325252	Heb.4.9	Heb.4.1	9
325257	Heb.4.10	Heb.4.3-Heb.4.4	17
325375	Heb.4.15	Heb.4.14	22
325468	Heb.5.6	Heb.5.10	6
325554	Heb.5.10	Heb.5.5-Heb.5.6	9
325571	Heb.5.12	Heb.5.13	24
325783	Heb.6.6	Heb.6.4	12
325824	Heb.6.9	Heb.6.4-Heb.6.6	4
325833	Heb.6.9	Heb.6.10	2
325883	Heb.6.11	Heb.6.18-Heb.6.20	2
325946	Heb.6.12	Heb.6.15	4
325956	Heb.6.13	Heb.6.16-Heb.6.18	7
325970	Heb.6.15	Heb.6.12	3
325974	Heb.6.16	Heb.6.13	3
325985	Heb.6.17	Heb.6.16	4
325992	Heb.6.17	Heb.6.12	4
325996	Heb.6.17	Heb.6.18	10
326139	Heb.7.3	Heb.7.6	5
326140	Heb.7.3	Heb.7.17	7
326163	Heb.7.5	Heb.7.10	2
326167	Heb.7.6	Heb.7.3-Heb.7.4	4
326179	Heb.7.6	Heb.7.1	2
326196	Heb.7.8	Heb.7.23	5
326206	Heb.7.9	Heb.7.4	1
326211	Heb.7.10	Heb.7.5	1
326212	Heb.7.11	Heb.7.17-Heb.7.19	4
326221	Heb.7.11	Heb.7.15	3
326224	Heb.7.11	Heb.7.21	3
326230	Heb.7.13	Heb.7.14	3
326231	Heb.7.13	Heb.7.11	4
326253	Heb.7.15	Heb.7.17-Heb.7.21	2
326255	Heb.7.15	Heb.7.11	2
326256	Heb.7.15	Heb.7.3	2
326260	Heb.7.16	Heb.7.28	3
326264	Heb.7.16	Heb.7.21	2
326265	Heb.7.16	Heb.7.17	2
326267	Heb.7.16	Heb.7.24-Heb.7.25	2
326268	Heb.7.16	Heb.7.3	3
326269	Heb.7.17	Heb.7.15	5
326271	Heb.7.17	Heb.7.21	6
326276	Heb.7.18	Heb.7.11-Heb.7.12	6
326283	Heb.7.18	Heb.7.19	5
326306	Heb.7.19	Heb.7.25	2
326308	Heb.7.19	Heb.7.11	1
326314	Heb.7.21	Heb.7.17	8
326332	Heb.7.23	Heb.7.8	1
326338	Heb.7.24	Heb.7.28	6
326359	Heb.7.25	Heb.7.24	4
326364	Heb.7.25	Heb.7.16	7
326371	Heb.7.25	Heb.7.8	1
326374	Heb.7.25	Heb.7.19	12
326394	Heb.7.26	Heb.7.11	5
326439	Heb.7.28	Heb.7.21	7
326443	Heb.7.28	Heb.7.3	2
326448	Heb.7.28	Heb.7.24	2
326522	Heb.8.7	Heb.8.6	6
326661	Heb.9.1	Heb.9.10-Heb.9.11	6
326695	Heb.9.3	Heb.9.8	3
326748	Heb.9.7	Heb.9.24-Heb.9.25	3
326765	Heb.9.8	Heb.9.3	3
326778	Heb.9.9	Heb.9.13-Heb.9.14	2
326785	Heb.9.9	Heb.9.24	2
326806	Heb.9.10	Heb.9.1	3
326826	Heb.9.11	Heb.9.23-Heb.9.24	9
326843	Heb.9.12	Heb.9.24-Heb.9.26	9
326848	Heb.9.12	Heb.9.7	2
326858	Heb.9.12	Heb.9.13	6
326860	Heb.9.12	Heb.9.15	17
326861	Heb.9.12	Heb.9.28	7
326892	Heb.9.14	Heb.9.9	4
326915	Heb.9.14	Heb.9.12	29
326921	Heb.9.14	Heb.9.7	3
326945	Heb.9.15	Heb.9.12	26
326949	Heb.9.15	Heb.9.16	3
326969	Heb.9.15	Heb.9.28	7
326991	Heb.9.18	Heb.9.14	2
326995	Heb.9.18	Heb.9.22	2
327014	Heb.9.19	Heb.9.12	5
327050	Heb.9.23	Heb.9.9-Heb.9.12	17
327051	Heb.9.23	Heb.9.14	19
327053	Heb.9.23	Heb.9.24	16
327076	Heb.9.24	Heb.9.9	3
327081	Heb.9.24	Heb.9.11-Heb.9.12	23
327084	Heb.9.24	Heb.9.23	22
327087	Heb.9.25	Heb.9.7	7
327090	Heb.9.25	Heb.9.12	8
327091	Heb.9.25	Heb.9.26	4
327094	Heb.9.25	Heb.9.14	6
327110	Heb.9.26	Heb.9.14	7
327114	Heb.9.26	Heb.9.12	11
327151	Heb.9.28	Heb.9.25	5
327193	Heb.10.2	Heb.10.17	4
327206	Heb.10.4	Heb.10.11	20
327217	Heb.10.4	Heb.10.8	6
327241	Heb.10.5	Heb.10.7	12
327242	Heb.10.5	Heb.10.10	10
327247	Heb.10.6	Heb.10.4	4
327257	Heb.10.7	Heb.10.9-Heb.10.10	19
327263	Heb.10.8	Heb.10.5	6
327264	Heb.10.9	Heb.10.7	6
327272	Heb.10.10	Heb.10.20	7
327273	Heb.10.10	Heb.10.12	18
327278	Heb.10.10	Heb.10.14	22
327287	Heb.10.11	Heb.10.4	8
327295	Heb.10.11	Heb.10.1	5
327330	Heb.10.14	Heb.10.1	10
327354	Heb.10.18	Heb.10.14	3
327355	Heb.10.18	Heb.10.2	5
327445	Heb.10.22	Heb.10.19	7
327517	Heb.10.25	Heb.10.24	57
327654	Heb.10.31	Heb.10.27	9
327783	Heb.10.38	Heb.10.26-Heb.10.27	8
327800	Heb.10.39	Heb.10.26	2
327827	Heb.11.1	Heb.11.13	55
327833	Heb.11.1	Heb.11.27	70
327838	Heb.11.1	Heb.11.7	127
327846	Heb.11.2	Heb.11.4	4
327847	Heb.11.2	Heb.11.39	5
327886	Heb.11.5	Heb.11.3-Heb.11.4	5
327887	Heb.11.5	Heb.11.6	13
327898	Heb.11.6	Heb.11.26	26
327943	Heb.11.7	Heb.11.1	5
327992	Heb.11.8	Heb.11.33	8
328060	Heb.11.13	Heb.11.39	9
328069	Heb.11.13	Heb.11.27	10
328083	Heb.11.14	Heb.11.16	3
328102	Heb.11.16	Heb.11.10	13
328107	Heb.11.16	Heb.11.14	5
328140	Heb.11.19	Heb.11.11-Heb.11.12	2
328196	Heb.11.25	Heb.11.37	2
328219	Heb.11.26	Heb.11.6	7
328242	Heb.11.27	Heb.11.1	6
328249	Heb.11.27	Heb.11.13	8
328328	Heb.11.33	Heb.11.17	3
328333	Heb.11.33	Heb.11.4-Heb.11.8	4
328470	Heb.11.39	Heb.11.2	10
328471	Heb.11.39	Heb.11.13	13
328595	Heb.12.2	Heb.12.3	19
328614	Heb.12.3	Heb.12.5	6
328623	Heb.12.3	Heb.12.2	19
328647	Heb.12.4	Heb.12.2	7
328656	Heb.12.5	Heb.12.7	4
328664	Heb.12.5	Heb.12.3-Heb.12.4	5
328694	Heb.12.6	Heb.12.7-Heb.12.8	9
328715	Heb.12.8	Heb.12.6	11
328747	Heb.12.10	Heb.12.5-Heb.12.6	2
328759	Heb.12.11	Heb.12.5-Heb.12.6	34
328764	Heb.12.11	Heb.12.10	24
328779	Heb.12.12	Heb.12.5	6
328780	Heb.12.12	Heb.12.3	13
328839	Heb.12.14	Heb.12.10	16
329083	Heb.12.26	Heb.12.27	6
329294	Heb.13.7	Heb.13.24	6
329306	Heb.13.7	Heb.13.17	32
329458	Heb.13.16	Heb.13.1-Heb.13.2	31
329492	Heb.13.17	Heb.13.24	11
329495	Heb.13.17	Heb.13.7	55
329588	Heb.13.21	Heb.13.16	3
329631	Heb.13.22	Heb.13.1-Heb.13.3	2
329648	Heb.13.22	Heb.13.12-Heb.13.16	1
329663	Heb.13.24	Heb.13.7	4
329665	Heb.13.24	Heb.13.17	4
329725	Jas.1.2	Jas.1.12	158
329768	Jas.1.4	Jas.1.5	5
329789	Jas.1.5	Jas.1.17	20
329918	Jas.1.12	Jas.1.2-Jas.1.4	35
329933	Jas.1.13	Jas.1.2	3
329935	Jas.1.13	Jas.1.12	11
329973	Jas.1.16	Jas.1.19	8
330035	Jas.1.17	Jas.1.5	12
330068	Jas.1.19	Jas.1.26	20
330147	Jas.1.22	Jas.1.26	28
330187	Jas.1.25	Jas.1.23-Jas.1.24	8
330224	Jas.1.26	Jas.1.19	14
330225	Jas.1.26	Jas.1.22	16
330284	Jas.2.1	Jas.2.9	24
330297	Jas.2.1	Jas.2.3	10
330310	Jas.2.3	Jas.2.6	6
330393	Jas.2.6	Jas.2.3	3
330435	Jas.2.8	Jas.2.19	4
330446	Jas.2.8	Jas.2.12	12
330462	Jas.2.9	Jas.2.1-Jas.2.4	4
330481	Jas.2.12	Jas.2.8	9
330509	Jas.2.14	Jas.2.26	8
330512	Jas.2.14	Jas.2.18	5
330526	Jas.2.14	Jas.2.16	1
330533	Jas.2.15	Jas.2.5	2
330551	Jas.2.17	Jas.2.14	11
330555	Jas.2.17	Jas.2.26	25
330557	Jas.2.17	Jas.2.19-Jas.2.20	17
330562	Jas.2.18	Jas.2.14	10
330567	Jas.2.18	Jas.2.22-Jas.2.25	1
330608	Jas.2.19	Jas.2.8	2
330616	Jas.2.20	Jas.2.26	8
330620	Jas.2.20	Jas.2.17	9
330628	Jas.2.21	Jas.2.24	2
330634	Jas.2.21	Jas.2.18	2
330645	Jas.2.22	Jas.2.18	2
330669	Jas.2.24	Jas.2.15-Jas.2.18	11
330670	Jas.2.24	Jas.2.21-Jas.2.22	11
330674	Jas.2.25	Jas.2.18	4
330677	Jas.2.25	Jas.2.22	4
330687	Jas.2.26	Jas.2.20	20
330690	Jas.2.26	Jas.2.17	18
330692	Jas.2.26	Jas.2.14	14
330727	Jas.3.2	Jas.3.5-Jas.3.6	19
330833	Jas.3.8	Jas.3.6	14
330894	Jas.3.13	Jas.3.1	12
330899	Jas.3.13	Jas.3.17	60
330948	Jas.3.14	Jas.3.16	51
331003	Jas.3.15	Jas.3.17	37
331007	Jas.3.16	Jas.3.14	42
331058	Jas.3.17	Jas.3.15	44
331101	Jas.4.1	Jas.4.3	15
331121	Jas.4.3	Jas.4.1	13
331317	Jas.4.10	Jas.4.6-Jas.4.7	31
331455	Jas.5.3	Jas.5.7-Jas.5.8	5
331549	Jas.5.7	Jas.5.8-Jas.5.9	45
331567	Jas.5.8	Jas.5.9	49
331710	Jas.5.15	Jas.5.16	29
331711	Jas.5.15	Jas.5.13	32
331805	Jas.5.19	Jas.5.20	17
331820	Jas.5.20	Jas.5.19	11
331899	1Pet.1.2	1Pet.1.22	16
331931	1Pet.1.3	1Pet.1.23	54
332010	1Pet.1.5	1Pet.1.13	11
332019	1Pet.1.6	1Pet.1.7-1Pet.1.8	10
332083	1Pet.1.7	1Pet.1.5	1
332136	1Pet.1.8	1Pet.1.6	12
332153	1Pet.1.10	1Pet.1.11	7
332224	1Pet.1.12	1Pet.1.25	9
332361	1Pet.1.18	1Pet.1.7	10
332442	1Pet.1.21	1Pet.1.11	3
332499	1Pet.1.23	1Pet.1.25	6
332508	1Pet.1.23	1Pet.1.3	29
332535	1Pet.1.25	1Pet.1.12	1
332538	1Pet.1.25	1Pet.1.23	3
332548	1Pet.2.1	1Pet.2.16	3
332558	1Pet.2.1	1Pet.2.22	6
332636	1Pet.2.4	1Pet.2.7	12
332667	1Pet.2.5	1Pet.2.9	39
332693	1Pet.2.6	1Pet.2.4	21
332712	1Pet.2.7	1Pet.2.8	6
332735	1Pet.2.8	1Pet.2.7	11
332739	1Pet.2.9	1Pet.2.5	46
332870	1Pet.2.15	1Pet.2.12	12
332946	1Pet.2.19	1Pet.2.20	7
332961	1Pet.2.20	1Pet.2.19	9
332989	1Pet.2.21	1Pet.2.24	8
333120	1Pet.3.1	1Pet.3.7	9
333137	1Pet.3.2	1Pet.3.5-1Pet.3.6	4
333140	1Pet.3.2	1Pet.3.15-1Pet.3.16	4
333206	1Pet.3.4	1Pet.3.15	14
333211	1Pet.3.5	1Pet.3.2-1Pet.3.4	3
333229	1Pet.3.6	1Pet.3.14-1Pet.3.15	5
333391	1Pet.3.14	1Pet.3.6	4
333420	1Pet.3.15	1Pet.3.2	42
333442	1Pet.3.15	1Pet.3.4	13
333447	1Pet.3.16	1Pet.3.21	2
333460	1Pet.3.16	1Pet.3.1-1Pet.3.2	1
333463	1Pet.3.17	1Pet.3.14	11
333674	1Pet.4.6	1Pet.4.1-1Pet.4.2	1
333783	1Pet.4.11	1Pet.4.10	15
333807	1Pet.4.12	1Pet.4.4	9
333869	1Pet.4.14	1Pet.4.4-1Pet.4.5	1
333890	1Pet.4.16	1Pet.4.19	16
333954	1Pet.4.19	1Pet.4.12-1Pet.4.16	9
333986	1Pet.5.1	1Pet.5.4	5
334074	1Pet.5.4	1Pet.5.2	4
334324	2Pet.1.1	2Pet.1.4	6
334368	2Pet.1.2	2Pet.1.8	2
334370	2Pet.1.2	2Pet.1.3	2
334392	2Pet.1.3	2Pet.1.2	19
334408	2Pet.1.3	2Pet.1.5	19
334413	2Pet.1.4	2Pet.1.1	7
334431	2Pet.1.5	2Pet.1.2-2Pet.1.3	19
334437	2Pet.1.5	2Pet.1.10	17
334472	2Pet.1.6	2Pet.1.3	13
334517	2Pet.1.8	2Pet.1.2	5
334549	2Pet.1.9	2Pet.1.4-2Pet.1.7	2
334565	2Pet.1.10	2Pet.1.5	9
334581	2Pet.1.11	2Pet.1.1	2
334600	2Pet.1.12	2Pet.1.15	4
334602	2Pet.1.12	2Pet.1.13	5
334614	2Pet.1.13	2Pet.1.14	6
334619	2Pet.1.13	2Pet.1.12	2
334630	2Pet.1.15	2Pet.1.4-2Pet.1.7	2
334631	2Pet.1.15	2Pet.1.12	3
334810	2Pet.2.1	2Pet.2.3	16
334840	2Pet.2.2	2Pet.2.12	1
334847	2Pet.2.2	2Pet.2.15	4
334848	2Pet.2.2	2Pet.2.21	2
334883	2Pet.2.3	2Pet.2.9	4
334902	2Pet.2.3	2Pet.2.1	3
334904	2Pet.2.3	2Pet.2.14-2Pet.2.15	2
334908	2Pet.2.4	2Pet.2.5	7
334925	2Pet.2.4	2Pet.2.9	4
334928	2Pet.2.4	2Pet.2.11	6
334977	2Pet.2.9	2Pet.2.4	8
335035	2Pet.2.12	2Pet.2.19	5
335048	2Pet.2.13	2Pet.2.15	2
335068	2Pet.2.14	2Pet.2.3	12
335080	2Pet.2.14	2Pet.2.18	11
335088	2Pet.2.15	2Pet.2.13	4
335119	2Pet.2.17	2Pet.2.4	2
335123	2Pet.2.18	2Pet.2.20	8
335137	2Pet.2.19	2Pet.2.20	3
335149	2Pet.2.20	2Pet.2.18	9
335197	2Pet.3.2	2Pet.3.15	2
335251	2Pet.3.7	2Pet.3.12	13
335262	2Pet.3.7	2Pet.3.10	15
335278	2Pet.3.9	2Pet.3.15	40
335299	2Pet.3.10	2Pet.3.7	26
335321	2Pet.3.10	2Pet.3.12	16
335329	2Pet.3.11	2Pet.3.12	10
335359	2Pet.3.12	2Pet.3.10	16
335360	2Pet.3.12	2Pet.3.7	7
335387	2Pet.3.15	2Pet.3.9	13
335477	1John.1.1	1John.1.2-1John.1.3	17
335503	1John.1.2	1John.1.1	4
335530	1John.1.3	1John.1.7	9
335542	1John.1.3	1John.1.1	7
335553	1John.1.3	1John.1.5	4
335590	1John.1.6	1John.1.8	5
335592	1John.1.6	1John.1.10	13
335600	1John.1.6	1John.1.3	7
335636	1John.1.7	1John.1.3	17
335637	1John.1.7	1John.1.5	30
335643	1John.1.8	1John.1.6	9
335664	1John.1.8	1John.1.10	25
335676	1John.1.9	1John.1.7	72
335705	1John.1.10	1John.1.8	16
335716	1John.2.1	1John.2.12-1John.2.13	11
335749	1John.2.1	1John.2.28-1John.2.29	14
335768	1John.2.3	1John.2.4-1John.2.6	9
335783	1John.2.4	1John.2.9	8
335804	1John.2.5	1John.2.3-1John.2.4	10
335811	1John.2.5	1John.2.27-1John.2.28	4
335827	1John.2.6	1John.2.4	22
335830	1John.2.6	1John.2.28	19
335836	1John.2.7	1John.2.24	6
335880	1John.2.9	1John.2.11	15
335882	1John.2.9	1John.2.4	8
335899	1John.2.11	1John.2.9	6
335909	1John.2.12	1John.2.1	2
335912	1John.2.12	1John.2.13-1John.2.14	2
335916	1John.2.12	1John.2.7	2
335918	1John.2.12	1John.2.21	4
335937	1John.2.13	1John.2.12	4
335944	1John.2.13	1John.2.14	10
335945	1John.2.13	1John.2.3-1John.2.4	2
335957	1John.2.13	1John.2.1	4
335964	1John.2.14	1John.2.13	16
336068	1John.2.18	1John.2.22	20
336103	1John.2.20	1John.2.27	26
336128	1John.2.22	1John.2.23	8
336135	1John.2.22	1John.2.4	7
336136	1John.2.22	1John.2.18	15
336144	1John.2.23	1John.2.22	3
336161	1John.2.24	1John.2.7	7
336212	1John.2.27	1John.2.20-1John.2.21	41
336220	1John.2.27	1John.2.28	14
336232	1John.2.28	1John.2.1	9
336257	1John.2.29	1John.2.1	3
336309	1John.3.2	1John.3.1	12
336349	1John.3.4	1John.3.8-1John.3.9	17
336394	1John.3.6	1John.3.9	17
336395	1John.3.6	1John.3.2	7
336418	1John.3.7	1John.3.3	9
336430	1John.3.8	1John.3.5	11
336434	1John.3.8	1John.3.10	10
336463	1John.3.10	1John.3.14-1John.3.15	6
336465	1John.3.10	1John.3.7-1John.3.8	9
336512	1John.3.12	1John.3.8	3
336542	1John.3.14	1John.3.23	5
336631	1John.3.19	1John.3.21	8
336634	1John.3.19	1John.3.14	2
336682	1John.3.22	1John.3.23-1John.3.24	5
336719	1John.3.23	1John.3.11	8
336733	1John.3.24	1John.3.22	6
336764	1John.4.2	1John.4.3	14
336775	1John.4.4	1John.4.13	55
336777	1John.4.4	1John.4.16	71
336779	1John.4.4	1John.4.6	33
336825	1John.4.6	1John.4.1	9
336835	1John.4.6	1John.4.4	6
336841	1John.4.6	1John.4.8	4
336843	1John.4.7	1John.4.8	42
336849	1John.4.7	1John.4.12	22
336859	1John.4.8	1John.4.7	28
336861	1John.4.8	1John.4.16	45
336884	1John.4.9	1John.4.16	14
336892	1John.4.9	1John.4.10	28
336894	1John.4.10	1John.4.8-1John.4.9	22
336908	1John.4.10	1John.4.19	30
336919	1John.4.12	1John.4.17-1John.4.18	10
336925	1John.4.12	1John.4.6	6
336927	1John.4.12	1John.4.20	8
336937	1John.4.13	1John.4.15-1John.4.16	6
336941	1John.4.14	1John.4.10	20
336964	1John.4.15	1John.4.12	16
336967	1John.4.15	1John.4.2	20
336975	1John.4.16	1John.4.12-1John.4.13	16
336978	1John.4.16	1John.4.8-1John.4.10	17
336994	1John.4.17	1John.4.12	18
337010	1John.4.18	1John.4.12	73
337014	1John.4.19	1John.4.10	68
337024	1John.4.20	1John.4.12	19
337038	1John.4.21	1John.4.11	7
337062	1John.5.1	1John.5.4	8
337097	1John.5.4	1John.5.1	10
337107	1John.5.4	1John.5.5	37
337113	1John.5.5	1John.5.1	12
337115	1John.5.6	1John.5.7-1John.5.8	5
337154	1John.5.7	1John.5.10-1John.5.11	6
337156	1John.5.7	1John.5.6	11
337192	1John.5.8	1John.5.6-1John.5.7	15
337199	1John.5.9	1John.5.10	5
337207	1John.5.10	1John.5.1	5
337226	1John.5.11	1John.5.10	7
337227	1John.5.11	1John.5.7	5
337240	1John.5.11	1John.5.12-1John.5.13	6
337257	1John.5.11	1John.5.20	21
337280	1John.5.13	1John.5.10	10
337318	1John.5.15	1John.5.18-1John.5.20	8
337349	1John.5.17	1John.5.16	10
337372	1John.5.18	1John.5.21	4
337377	1John.5.18	1John.5.1	15
337383	1John.5.18	1John.5.4	24
337390	1John.5.19	1John.5.13	7
337395	1John.5.19	1John.5.20	12
337404	1John.5.19	1John.5.18	6
337406	1John.5.19	1John.5.10	7
337420	1John.5.20	1John.5.11-1John.5.13	16
337430	1John.5.20	1John.5.1	13
337471	2John.1.1	2John.1.2-2John.1.3	4
337490	2John.1.1	2John.1.5	6
337502	2John.1.3	2John.1.1	3
337538	2John.1.6	2John.1.5	9
337592	2John.1.10	2John.1.11	7
337628	3John.1.2	3John.1.3-3John.1.6	8
337646	3John.1.3	3John.1.4	5
337678	3John.1.6	3John.1.12	2
337712	3John.1.8	3John.1.10	2
337724	3John.1.9	3John.1.8	2
337728	3John.1.10	3John.1.5	2
337814	Jude.1.3	Jude.1.17	4
337842	Jude.1.3	Jude.1.20	18
337856	Jude.1.4	Jude.1.15	5
337927	Jude.1.8	Jude.1.9-Jude.1.10	5
338061	Jude.1.15	Jude.1.16	1
338073	Jude.1.16	Jude.1.15	5
338087	Jude.1.16	Jude.1.18	7
338114	Jude.1.18	Jude.1.16	11
338133	Jude.1.20	Jude.1.3	8
338180	Jude.1.21	Jude.1.24	4
338219	Jude.1.24	Jude.1.21	10
338262	Rev.1.1	Rev.1.19	19
338264	Rev.1.1	Rev.1.9	15
338265	Rev.1.1	Rev.1.3-Rev.1.4	8
338283	Rev.1.2	Rev.1.9	7
338289	Rev.1.2	Rev.1.19	10
338317	Rev.1.4	Rev.1.8	17
338325	Rev.1.4	Rev.1.1	1
338329	Rev.1.4	Rev.1.11	6
338446	Rev.1.8	Rev.1.11	3
338458	Rev.1.8	Rev.1.17	19
338460	Rev.1.8	Rev.1.4	25
338465	Rev.1.9	Rev.1.2	10
338488	Rev.1.9	Rev.1.4	2
338507	Rev.1.11	Rev.1.4	5
338511	Rev.1.11	Rev.1.17	3
338514	Rev.1.11	Rev.1.8	3
338519	Rev.1.11	Rev.1.2	3
338530	Rev.1.12	Rev.1.13	5
338600	Rev.1.17	Rev.1.8	6
338606	Rev.1.17	Rev.1.11	1
338636	Rev.1.20	Rev.1.16	10
338642	Rev.1.20	Rev.1.12-Rev.1.13	6
338651	Rev.2.1	Rev.2.12	6
338656	Rev.2.1	Rev.2.18	6
338663	Rev.2.1	Rev.2.8	6
338670	Rev.2.2	Rev.2.6	8
338672	Rev.2.2	Rev.2.19-Rev.2.21	9
338678	Rev.2.2	Rev.2.13-Rev.2.15	8
338681	Rev.2.2	Rev.2.9	8
338734	Rev.2.4	Rev.2.14	13
338736	Rev.2.4	Rev.2.20	8
338742	Rev.2.5	Rev.2.19	8
338761	Rev.2.5	Rev.2.16	17
338763	Rev.2.5	Rev.2.21-Rev.2.22	12
338767	Rev.2.5	Rev.2.2	4
338773	Rev.2.6	Rev.2.14-Rev.2.15	6
338778	Rev.2.7	Rev.2.26-Rev.2.29	26
338780	Rev.2.7	Rev.2.17	64
338793	Rev.2.7	Rev.2.11	64
338810	Rev.2.8	Rev.2.1	2
338823	Rev.2.9	Rev.2.2	8
338869	Rev.2.10	Rev.2.9	17
338871	Rev.2.11	Rev.2.17	6
338872	Rev.2.11	Rev.2.7	9
338879	Rev.2.12	Rev.2.1	4
338883	Rev.2.12	Rev.2.16	9
338898	Rev.2.13	Rev.2.2	3
338900	Rev.2.13	Rev.2.24-Rev.2.25	3
338902	Rev.2.13	Rev.2.9-Rev.2.10	7
338914	Rev.2.14	Rev.2.4	2
338926	Rev.2.14	Rev.2.20	13
338934	Rev.2.15	Rev.2.6	6
338936	Rev.2.16	Rev.2.5	9
338937	Rev.2.16	Rev.2.21-Rev.2.22	4
338946	Rev.2.16	Rev.2.12	7
338951	Rev.2.17	Rev.2.11	12
338952	Rev.2.17	Rev.2.7	13
338972	Rev.2.18	Rev.2.1	3
338988	Rev.2.19	Rev.2.13	2
338989	Rev.2.19	Rev.2.9	2
338995	Rev.2.19	Rev.2.2-Rev.2.4	4
339017	Rev.2.20	Rev.2.4	6
339019	Rev.2.20	Rev.2.14	14
339050	Rev.2.23	Rev.2.11	4
339058	Rev.2.23	Rev.2.7	4
339102	Rev.2.26	Rev.2.11	6
339105	Rev.2.26	Rev.2.7	11
339109	Rev.2.26	Rev.2.17	5
339145	Rev.2.29	Rev.2.7	10
339203	Rev.3.3	Rev.3.11	7
339211	Rev.3.3	Rev.3.19	8
339221	Rev.3.4	Rev.3.5	12
339240	Rev.3.4	Rev.3.18	9
339267	Rev.3.5	Rev.3.4	5
339286	Rev.3.7	Rev.3.14	8
339310	Rev.3.8	Rev.3.10	16
339311	Rev.3.8	Rev.3.7	35
339315	Rev.3.8	Rev.3.1	13
339324	Rev.3.8	Rev.3.15	20
339368	Rev.3.11	Rev.3.3	15
339410	Rev.3.14	Rev.3.7	15
339432	Rev.3.15	Rev.3.1	8
339495	Rev.3.18	Rev.3.17	5
339505	Rev.3.18	Rev.3.4-Rev.3.5	7
339563	Rev.3.22	Rev.3.6	7
339567	Rev.3.22	Rev.3.13	7
339592	Rev.4.2	Rev.4.5	10
339602	Rev.4.2	Rev.4.9	10
339620	Rev.4.4	Rev.4.10	8
339673	Rev.4.6	Rev.4.8-Rev.4.9	9
339690	Rev.4.7	Rev.4.6	6
339705	Rev.4.8	Rev.4.4	4
339724	Rev.4.8	Rev.4.6	14
339740	Rev.4.10	Rev.4.4	13
339743	Rev.4.10	Rev.4.9	9
339791	Rev.5.1	Rev.5.7	12
339794	Rev.5.1	Rev.5.13	9
339799	Rev.5.2	Rev.5.5	6
339805	Rev.5.3	Rev.5.13	5
339849	Rev.5.6	Rev.5.12	18
339850	Rev.5.6	Rev.5.8-Rev.5.9	8
339857	Rev.5.7	Rev.5.1	9
339862	Rev.5.8	Rev.5.14	11
339874	Rev.5.8	Rev.5.6	7
339880	Rev.5.9	Rev.5.2-Rev.5.3	7
339897	Rev.5.9	Rev.5.12	18
339906	Rev.5.9	Rev.5.6	12
339929	Rev.5.11	Rev.5.14	5
339933	Rev.5.11	Rev.5.6	5
339940	Rev.5.12	Rev.5.6	5
339941	Rev.5.12	Rev.5.9	33
339947	Rev.5.12	Rev.5.13	5
339959	Rev.5.13	Rev.5.9	3
339968	Rev.5.13	Rev.5.12	11
339971	Rev.5.13	Rev.5.3	9
339972	Rev.5.13	Rev.5.6	6
339978	Rev.5.14	Rev.5.6	5
339980	Rev.5.14	Rev.5.8	6
339986	Rev.6.1	Rev.6.7	6
339988	Rev.6.1	Rev.6.3	4
339991	Rev.6.1	Rev.6.5	7
340014	Rev.6.3	Rev.6.1	3
340033	Rev.6.5	Rev.6.1	5
340045	Rev.6.7	Rev.6.5	1
340046	Rev.6.7	Rev.6.3	4
340047	Rev.6.7	Rev.6.1	1
340207	Rev.6.16	Rev.6.10	2
340248	Rev.7.1	Rev.7.3	4
340338	Rev.7.9	Rev.7.13-Rev.7.15	14
340436	Rev.7.13	Rev.7.9	5
340466	Rev.7.15	Rev.7.9	2
340580	Rev.8.3	Rev.8.4	10
340590	Rev.8.4	Rev.8.3	4
340617	Rev.8.6	Rev.8.2	6
340652	Rev.8.8	Rev.8.7	4
340654	Rev.8.9	Rev.8.10	3
340655	Rev.8.9	Rev.8.7	4
340659	Rev.8.9	Rev.8.12	3
340678	Rev.8.11	Rev.8.7	2
340737	Rev.9.1	Rev.9.2	9
340740	Rev.9.1	Rev.9.11-Rev.9.13	7
340744	Rev.9.2	Rev.9.17	1
340759	Rev.9.3	Rev.9.10-Rev.9.11	2
340761	Rev.9.3	Rev.9.5	5
340785	Rev.9.5	Rev.9.10	8
340788	Rev.9.5	Rev.9.3	5
340816	Rev.9.9	Rev.9.17	2
340817	Rev.9.10	Rev.9.3	5
340818	Rev.9.10	Rev.9.5	7
340819	Rev.9.10	Rev.9.19	2
340822	Rev.9.11	Rev.9.1-Rev.9.2	4
340834	Rev.9.13	Rev.9.1	1
340840	Rev.9.14	Rev.9.15	9
340847	Rev.9.15	Rev.9.10	2
340848	Rev.9.15	Rev.9.18	10
340860	Rev.9.17	Rev.9.9	2
340866	Rev.9.17	Rev.9.18	8
340874	Rev.9.18	Rev.9.15	6
340875	Rev.9.18	Rev.9.17	7
340877	Rev.9.19	Rev.9.10	3
340896	Rev.9.20	Rev.9.21	6
340941	Rev.10.1	Rev.10.5-Rev.10.6	1
340967	Rev.10.2	Rev.10.5	7
340970	Rev.10.2	Rev.10.8-Rev.10.10	6
341007	Rev.10.5	Rev.10.2	4
341040	Rev.10.8	Rev.10.2	3
341041	Rev.10.8	Rev.10.4-Rev.10.5	3
341078	Rev.11.2	Rev.11.11	1
341092	Rev.11.2	Rev.11.3	7
341104	Rev.11.3	Rev.11.2	9
341169	Rev.11.7	Rev.11.3	3
341183	Rev.11.8	Rev.11.9	4
341205	Rev.11.8	Rev.11.13	2
341217	Rev.11.9	Rev.11.2-Rev.11.3	3
341222	Rev.11.9	Rev.11.11	3
341252	Rev.11.10	Rev.11.5-Rev.11.6	3
341258	Rev.11.11	Rev.11.9	5
341261	Rev.11.11	Rev.11.13	2
341298	Rev.11.13	Rev.11.11	4
341303	Rev.11.13	Rev.11.19	4
341384	Rev.11.17	Rev.11.15	3
341401	Rev.11.18	Rev.11.9-Rev.11.10	2
341436	Rev.11.18	Rev.11.2	4
341455	Rev.11.19	Rev.11.15	6
341458	Rev.11.19	Rev.11.13	3
341488	Rev.12.1	Rev.12.3	2
341499	Rev.12.2	Rev.12.4	5
341510	Rev.12.3	Rev.12.1	6
341515	Rev.12.3	Rev.12.4	6
341518	Rev.12.3	Rev.12.9	8
341527	Rev.12.4	Rev.12.2-Rev.12.3	4
341534	Rev.12.4	Rev.12.9	7
341543	Rev.12.5	Rev.12.2	5
341548	Rev.12.6	Rev.12.4	7
341550	Rev.12.6	Rev.12.14	9
341569	Rev.12.7	Rev.12.3-Rev.12.4	7
341570	Rev.12.7	Rev.12.9	7
341586	Rev.12.8	Rev.12.11	5
341616	Rev.12.9	Rev.12.7	7
341623	Rev.12.9	Rev.12.14-Rev.12.15	2
341634	Rev.12.9	Rev.12.3	5
341709	Rev.12.11	Rev.12.17	9
341730	Rev.12.13	Rev.12.3-Rev.12.5	3
341738	Rev.12.14	Rev.12.6	13
341757	Rev.12.17	Rev.12.11-Rev.12.12	6
341778	Rev.13.1	Rev.13.5-Rev.13.6	4
341816	Rev.13.2	Rev.13.4	4
341823	Rev.13.3	Rev.13.14	6
341829	Rev.13.3	Rev.13.12	3
341830	Rev.13.3	Rev.13.1-Rev.13.2	3
341832	Rev.13.4	Rev.13.2	7
341834	Rev.13.4	Rev.13.12-Rev.13.13	3
341840	Rev.13.4	Rev.13.15	3
341851	Rev.13.5	Rev.13.7	2
341900	Rev.13.8	Rev.13.14-Rev.13.15	6
341902	Rev.13.8	Rev.13.3-Rev.13.4	10
341954	Rev.13.11	Rev.13.17	3
341962	Rev.13.12	Rev.13.14-Rev.13.17	3
341966	Rev.13.12	Rev.13.3-Rev.13.4	3
341993	Rev.13.14	Rev.13.15	3
342001	Rev.13.14	Rev.13.11-Rev.13.12	3
342004	Rev.13.14	Rev.13.3-Rev.13.4	3
342007	Rev.13.14	Rev.13.8	6
342021	Rev.13.15	Rev.13.14	3
342063	Rev.13.17	Rev.13.16	8
342065	Rev.13.17	Rev.13.18	5
342096	Rev.14.1	Rev.14.14	4
342142	Rev.14.3	Rev.14.1	8
342276	Rev.14.9	Rev.14.6-Rev.14.8	6
342280	Rev.14.9	Rev.14.11	7
342341	Rev.14.11	Rev.14.9	4
342388	Rev.14.14	Rev.14.15-Rev.14.17	3
342403	Rev.14.15	Rev.14.14	2
342407	Rev.14.15	Rev.14.18	6
342420	Rev.14.16	Rev.14.14	3
342423	Rev.14.16	Rev.14.19	3
342424	Rev.14.17	Rev.14.18	3
342427	Rev.14.17	Rev.14.14-Rev.14.15	3
342430	Rev.14.18	Rev.14.15-Rev.14.16	3
342446	Rev.15.1	Rev.15.6-Rev.15.7	6
342565	Rev.15.6	Rev.15.1	5
342574	Rev.15.7	Rev.15.1	3
342579	Rev.15.8	Rev.15.1	3
342592	Rev.16.1	Rev.16.17	7
342608	Rev.16.2	Rev.16.11	5
342637	Rev.16.4	Rev.16.5	4
342651	Rev.16.5	Rev.16.4	1
342654	Rev.16.5	Rev.16.7	3
342714	Rev.16.9	Rev.16.21	7
342715	Rev.16.9	Rev.16.10-Rev.16.11	6
342744	Rev.16.11	Rev.16.9	9
342749	Rev.16.11	Rev.16.21	5
342755	Rev.16.11	Rev.16.2	5
342785	Rev.16.13	Rev.16.14	6
342792	Rev.16.14	Rev.16.7	4
342802	Rev.16.14	Rev.16.16	6
342862	Rev.16.17	Rev.16.1	2
342891	Rev.16.21	Rev.16.9	7
342899	Rev.16.21	Rev.16.11	6
342920	Rev.17.2	Rev.17.13	2
342925	Rev.17.2	Rev.17.17	3
342934	Rev.17.3	Rev.17.9-Rev.17.12	5
342935	Rev.17.3	Rev.17.6-Rev.17.7	5
342939	Rev.17.3	Rev.17.18	5
342940	Rev.17.3	Rev.17.4	4
342974	Rev.17.5	Rev.17.7	8
342993	Rev.17.7	Rev.17.8	4
343014	Rev.17.8	Rev.17.11	11
343020	Rev.17.9	Rev.17.3	3
343022	Rev.17.9	Rev.17.18	3
343024	Rev.17.9	Rev.17.7	4
343028	Rev.17.11	Rev.17.8	7
343033	Rev.17.12	Rev.17.16	6
343045	Rev.17.13	Rev.17.17	6
343085	Rev.17.15	Rev.17.1	6
343097	Rev.17.16	Rev.17.12-Rev.17.13	2
343099	Rev.17.16	Rev.17.1-Rev.17.2	4
343102	Rev.17.16	Rev.17.10	2
343138	Rev.17.17	Rev.17.13	3
343156	Rev.18.2	Rev.18.21	5
343168	Rev.18.2	Rev.18.10	4
343179	Rev.18.3	Rev.18.23	5
343186	Rev.18.3	Rev.18.9	7
343239	Rev.18.8	Rev.18.9-Rev.18.10	5
343241	Rev.18.8	Rev.18.19	4
343245	Rev.18.8	Rev.18.17	3
343254	Rev.18.9	Rev.18.20	5
343265	Rev.18.9	Rev.18.3	8
343272	Rev.18.9	Rev.18.7	4
343273	Rev.18.9	Rev.18.18	7
343275	Rev.18.10	Rev.18.15-Rev.18.17	8
343281	Rev.18.10	Rev.18.19	14
343284	Rev.18.10	Rev.18.8	10
343286	Rev.18.11	Rev.18.23	5
343289	Rev.18.11	Rev.18.9	3
343295	Rev.18.11	Rev.18.20	4
343297	Rev.18.11	Rev.18.15	4
343299	Rev.18.11	Rev.18.3	6
343339	Rev.18.15	Rev.18.3	6
343345	Rev.18.15	Rev.18.10-Rev.18.11	3
343346	Rev.18.16	Rev.18.10-Rev.18.11	3
343348	Rev.18.16	Rev.18.19	3
343353	Rev.18.17	Rev.18.10-Rev.18.11	3
343355	Rev.18.17	Rev.18.19	3
343359	Rev.18.18	Rev.18.9-Rev.18.10	4
343364	Rev.18.19	Rev.18.8	4
343366	Rev.18.19	Rev.18.3	5
343367	Rev.18.19	Rev.18.15-Rev.18.17	3
343368	Rev.18.19	Rev.18.10	9
343399	Rev.18.21	Rev.18.10	2
343401	Rev.18.21	Rev.18.22	3
343421	Rev.18.23	Rev.18.22	5
343425	Rev.18.23	Rev.18.9	6
343434	Rev.18.23	Rev.18.3	14
343461	Rev.19.1	Rev.19.6	10
343469	Rev.19.1	Rev.19.3-Rev.19.4	14
343497	Rev.19.3	Rev.19.1	5
343500	Rev.19.4	Rev.19.1	3
343528	Rev.19.6	Rev.19.1	5
343567	Rev.19.7	Rev.19.9	19
343603	Rev.19.9	Rev.19.10-Rev.19.11	4
343616	Rev.19.9	Rev.19.7-Rev.19.8	5
343688	Rev.19.12	Rev.19.16	14
343715	Rev.19.14	Rev.19.11	5
343721	Rev.19.14	Rev.19.8	7
343722	Rev.19.15	Rev.19.21	9
343738	Rev.19.16	Rev.19.12-Rev.19.13	8
343742	Rev.19.17	Rev.19.21	8
343774	Rev.19.19	Rev.19.11-Rev.19.14	3
343801	Rev.19.20	Rev.19.19	2
343803	Rev.19.21	Rev.19.11-Rev.19.15	5
343805	Rev.19.21	Rev.19.17-Rev.19.19	3
343843	Rev.20.3	Rev.20.1	8
343844	Rev.20.3	Rev.20.7-Rev.20.10	4
343878	Rev.20.4	Rev.20.6	12
343893	Rev.20.5	Rev.20.8-Rev.20.9	1
343897	Rev.20.6	Rev.20.14	13
343901	Rev.20.6	Rev.20.4-Rev.20.5	9
343911	Rev.20.7	Rev.20.2	6
343912	Rev.20.8	Rev.20.3	7
343914	Rev.20.8	Rev.20.10	7
343954	Rev.20.10	Rev.20.2-Rev.20.3	8
343956	Rev.20.10	Rev.20.14-Rev.20.15	8
343959	Rev.20.10	Rev.20.8	6
343974	Rev.20.11	Rev.20.2	5
343990	Rev.20.12	Rev.20.13	12
344006	Rev.20.12	Rev.20.11	9
344015	Rev.20.13	Rev.20.14	4
344018	Rev.20.13	Rev.20.12	4
344022	Rev.20.14	Rev.20.6	10
344024	Rev.20.14	Rev.20.10	5
344026	Rev.20.14	Rev.20.15	4
344027	Rev.20.14	Rev.20.13	5
344043	Rev.20.15	Rev.20.12	11
344049	Rev.21.1	Rev.21.5	20
344069	Rev.21.2	Rev.21.10	16
344101	Rev.21.3	Rev.21.7	12
344120	Rev.21.4	Rev.21.1	24
344178	Rev.21.7	Rev.21.3	18
344216	Rev.21.9	Rev.21.2	9
344222	Rev.21.10	Rev.21.2	8
344239	Rev.21.11	Rev.21.22-Rev.21.23	2
344248	Rev.21.11	Rev.21.18-Rev.21.19	4
344255	Rev.21.12	Rev.21.25	5
344256	Rev.21.12	Rev.21.17-Rev.21.21	6
344269	Rev.21.14	Rev.21.19-Rev.21.21	4
344286	Rev.21.17	Rev.21.9	2
344289	Rev.21.18	Rev.21.19	4
344290	Rev.21.18	Rev.21.11	9
344291	Rev.21.18	Rev.21.21	6
344301	Rev.21.21	Rev.21.11-Rev.21.12	5
344303	Rev.21.21	Rev.21.18	9
344307	Rev.21.22	Rev.21.4-Rev.21.5	2
344328	Rev.21.23	Rev.21.11	10
344332	Rev.21.23	Rev.21.25	4
344350	Rev.21.24	Rev.21.26	7
344369	Rev.21.25	Rev.21.23	7
344372	Rev.21.26	Rev.21.24	4
344381	Rev.21.27	Rev.21.8	7
344418	Rev.22.1	Rev.22.17	24
344432	Rev.22.2	Rev.22.1	50
344434	Rev.22.2	Rev.22.14	17
344437	Rev.22.2	Rev.22.19	11
344494	Rev.22.6	Rev.22.7	3
344512	Rev.22.7	Rev.22.9-Rev.22.10	14
344513	Rev.22.7	Rev.22.20	17
344517	Rev.22.7	Rev.22.12	15
344533	Rev.22.9	Rev.22.10	1
344537	Rev.22.10	Rev.22.16	2
344548	Rev.22.10	Rev.22.20	1
344552	Rev.22.10	Rev.22.12-Rev.22.13	2
344571	Rev.22.11	Rev.22.3	9
344581	Rev.22.12	Rev.22.7	31
344584	Rev.22.12	Rev.22.20	18
344608	Rev.22.14	Rev.22.7	21
344611	Rev.22.14	Rev.22.2	11
344649	Rev.22.16	Rev.22.6	11
344652	Rev.22.16	Rev.22.20	13
344667	Rev.22.16	Rev.22.1	7
344669	Rev.22.16	Rev.22.11	7
344673	Rev.22.17	Rev.22.1	13
344691	Rev.22.17	Rev.22.16	6
344699	Rev.22.18	Rev.22.16	4
344708	Rev.22.18	Rev.22.7	16
344724	Rev.22.19	Rev.22.2	7
344733	Rev.22.19	Rev.22.12	4
344738	Rev.22.20	Rev.22.12	15
344745	Rev.22.20	Rev.22.18	6
344747	Rev.22.20	Rev.22.10	7
344748	Rev.22.20	Rev.22.7	21
